# MagicaVoxel @ Ephtracy

# group
o 

# material
mtllib balcony.mtl
usemtl palette

# normals
vn -1 0 0
vn 1 0 0
vn 0 0 1
vn 0 0 -1
vn 0 -1 0
vn 0 1 0

# texcoords
vt 0.0253906 0.5
vt 0.0292969 0.5
vt 0.0410156 0.5
vt 0.0449219 0.5
vt 0.0488281 0.5
vt 0.0527344 0.5

# verts
v -1.1 0 6
v -1.1 0 5.9
v -1.1 0 5.4
v -1.1 0.2 6
v -1.1 0.2 5.9
v -1.1 0.3 6
v -1.1 0.3 5.9
v -1.1 0.3 5.8
v -1.1 0.4 5.9
v -1.1 0.4 5.8
v -1.1 0.4 5.4
v -1.1 0.4 5.3
v -1.1 0.4 4.8
v -1.1 0.6 5.4
v -1.1 0.6 5.3
v -1.1 0.7 5.4
v -1.1 0.7 5.3
v -1.1 0.7 5.2
v -1.1 0.8 5.3
v -1.1 0.8 5.2
v -1.1 0.8 4.8
v -1.1 0.8 4.7
v -1.1 0.8 4.2
v -1.1 1 4.8
v -1.1 1 4.7
v -1.1 1.1 4.8
v -1.1 1.1 4.7
v -1.1 1.1 4.6
v -1.1 1.1 4.3
v -1.1 1.2 4.7
v -1.1 1.2 4.6
v -1.1 1.2 4.3
v -1.1 1.2 4.2
v -1.1 1.2 4.1
v -1.1 1.2 3.6
v -1.1 1.4 4.2
v -1.1 1.4 4.1
v -1.1 1.5 4.2
v -1.1 1.5 4.1
v -1.1 1.5 4
v -1.1 1.6 4.1
v -1.1 1.6 4
v -1.1 1.6 3.6
v -1.1 1.6 3.5
v -1.1 1.6 3
v -1.1 1.8 3.6
v -1.1 1.8 3.5
v -1.1 1.9 3.6
v -1.1 1.9 3.5
v -1.1 1.9 3.4
v -1.1 2 3.5
v -1.1 2 3.4
v -1.1 2 3
v -1.1 2 2.9
v -1.1 2 2.1
v -1.1 2.2 3
v -1.1 2.2 2.9
v -1.1 2.3 3
v -1.1 2.3 2.9
v -1.1 2.3 2.8
v -1.1 2.3 2.1
v -1.1 2.3 -3.4
v -1.1 2.4 2.9
v -1.1 2.4 2.8
v -1.1 2.4 2.4
v -1.1 2.4 2.3
v -1.1 2.4 1.5
v -1.1 2.4 1.4
v -1.1 2.4 0.6
v -1.1 2.4 0.5
v -1.1 2.4 -0.3
v -1.1 2.4 -0.4
v -1.1 2.4 -1.2
v -1.1 2.4 -1.3
v -1.1 2.4 -2.1
v -1.1 2.4 -2.2
v -1.1 2.4 -3
v -1.1 2.6 2.4
v -1.1 2.6 2.3
v -1.1 2.7 2.4
v -1.1 2.7 2.3
v -1.1 2.7 2.2
v -1.1 2.7 -3
v -1.1 2.7 -3.4
v -1.1 2.8 2.3
v -1.1 2.8 2.2
v -1.1 2.8 1.5
v -1.1 2.8 1.4
v -1.1 2.8 0.6
v -1.1 2.8 0.5
v -1.1 2.8 -0.3
v -1.1 2.8 -0.4
v -1.1 2.8 -1.2
v -1.1 2.8 -1.3
v -1.1 2.8 -2.1
v -1.1 2.8 -2.2
v -1.1 2.8 -3
v -1.1 3 -3
v -1.1 3 -3.4
v -1.1 4.3 -3
v -1.1 4.3 -3.4
v -1.1 4.5 -3
v -1.1 4.5 -3.1
v -1.1 4.5 -3.3
v -1.1 4.5 -3.4
v -1.1 4.6 -3.1
v -1.1 4.6 -3.3
v -1 2.5 1.5
v -1 2.5 1.4
v -1 2.5 0.6
v -1 2.5 0.5
v -1 2.5 -0.3
v -1 2.5 -0.4
v -1 2.5 -1.2
v -1 2.5 -1.3
v -1 2.5 -2.1
v -1 2.5 -2.2
v -1 2.6 1.5
v -1 2.6 1.4
v -1 2.6 0.6
v -1 2.6 0.5
v -1 2.6 -0.3
v -1 2.6 -0.4
v -1 2.6 -1.2
v -1 2.6 -1.3
v -1 2.6 -2.1
v -1 2.6 -2.2
v -1 3 -3.1
v -1 3 -3.3
v -1 4.3 -3.1
v -1 4.3 -3.3
v -0.7 2.5 1.5
v -0.7 2.5 1.4
v -0.7 2.5 0.6
v -0.7 2.5 0.5
v -0.7 2.5 -0.3
v -0.7 2.5 -0.4
v -0.7 2.5 -1.2
v -0.7 2.5 -1.3
v -0.7 2.5 -2.1
v -0.7 2.5 -2.2
v -0.7 2.6 1.5
v -0.7 2.6 1.4
v -0.7 2.6 0.6
v -0.7 2.6 0.5
v -0.7 2.6 -0.3
v -0.7 2.6 -0.4
v -0.7 2.6 -1.2
v -0.7 2.6 -1.3
v -0.7 2.6 -2.1
v -0.7 2.6 -2.2
v -0.5 2.6 2.2
v -0.5 2.6 1.5
v -0.5 2.6 1.4
v -0.5 2.6 0.6
v -0.5 2.6 0.5
v -0.5 2.6 -0.3
v -0.5 2.6 -0.4
v -0.5 2.6 -1.2
v -0.5 2.6 -1.3
v -0.5 2.6 -2.1
v -0.5 2.6 -2.2
v -0.5 2.6 -3
v -0.5 2.7 2.2
v -0.5 2.8 2.2
v -0.5 2.8 1.5
v -0.5 2.8 1.4
v -0.5 2.8 0.6
v -0.5 2.8 0.5
v -0.5 2.8 -0.3
v -0.5 2.8 -0.4
v -0.5 2.8 -1.2
v -0.5 2.8 -1.3
v -0.5 2.8 -2.1
v -0.5 2.8 -2.2
v -0.5 2.8 -3
v -0.5 3 -3.2
v -0.5 3 -3.3
v -0.5 4 -3.2
v -0.5 4 -3.3
v -0.4 2.5 1.5
v -0.4 2.5 1.4
v -0.4 2.5 0.6
v -0.4 2.5 0.5
v -0.4 2.5 -0.3
v -0.4 2.5 -0.4
v -0.4 2.5 -1.2
v -0.4 2.5 -1.3
v -0.4 2.5 -2.1
v -0.4 2.5 -2.2
v -0.4 2.6 1.5
v -0.4 2.6 1.4
v -0.4 2.6 0.6
v -0.4 2.6 0.5
v -0.4 2.6 -0.3
v -0.4 2.6 -0.4
v -0.4 2.6 -1.2
v -0.4 2.6 -1.3
v -0.4 2.6 -2.1
v -0.4 2.6 -2.2
v -0.1 2.5 1.5
v -0.1 2.5 1.4
v -0.1 2.5 0.6
v -0.1 2.5 0.5
v -0.1 2.5 -0.3
v -0.1 2.5 -0.4
v -0.1 2.5 -1.2
v -0.1 2.5 -1.3
v -0.1 2.5 -2.1
v -0.1 2.5 -2.2
v -0.1 2.6 1.5
v -0.1 2.6 1.4
v -0.1 2.6 0.6
v -0.1 2.6 0.5
v -0.1 2.6 -0.3
v -0.1 2.6 -0.4
v -0.1 2.6 -1.2
v -0.1 2.6 -1.3
v -0.1 2.6 -2.1
v -0.1 2.6 -2.2
v -0.1 3 -3.2
v -0.1 3 -3.3
v -0.1 4 -3.2
v -0.1 4 -3.3
v 0.1 2.6 2.2
v 0.1 2.6 1.5
v 0.1 2.6 1.4
v 0.1 2.6 0.6
v 0.1 2.6 0.5
v 0.1 2.6 -0.3
v 0.1 2.6 -0.4
v 0.1 2.6 -1.2
v 0.1 2.6 -1.3
v 0.1 2.6 -2.1
v 0.1 2.6 -2.2
v 0.1 2.6 -3
v 0.1 2.7 2.2
v 0.1 2.8 2.2
v 0.1 2.8 1.5
v 0.1 2.8 1.4
v 0.1 2.8 0.6
v 0.1 2.8 0.5
v 0.1 2.8 -0.3
v 0.1 2.8 -0.4
v 0.1 2.8 -1.2
v 0.1 2.8 -1.3
v 0.1 2.8 -2.1
v 0.1 2.8 -2.2
v 0.1 2.8 -3
v 0.1 4.1 -3.2
v 0.1 4.1 -3.3
v 0.1 4.3 -3.2
v 0.1 4.3 -3.3
v 0.2 2.5 1.5
v 0.2 2.5 1.4
v 0.2 2.5 0.6
v 0.2 2.5 0.5
v 0.2 2.5 -0.3
v 0.2 2.5 -0.4
v 0.2 2.5 -1.2
v 0.2 2.5 -1.3
v 0.2 2.5 -2.1
v 0.2 2.5 -2.2
v 0.2 2.6 1.5
v 0.2 2.6 1.4
v 0.2 2.6 0.6
v 0.2 2.6 0.5
v 0.2 2.6 -0.3
v 0.2 2.6 -0.4
v 0.2 2.6 -1.2
v 0.2 2.6 -1.3
v 0.2 2.6 -2.1
v 0.2 2.6 -2.2
v 0.3 3 -3.2
v 0.3 3 -3.3
v 0.3 4 -3.2
v 0.3 4 -3.3
v 0.5 2.5 1.5
v 0.5 2.5 1.4
v 0.5 2.5 0.6
v 0.5 2.5 0.5
v 0.5 2.5 -0.3
v 0.5 2.5 -0.4
v 0.5 2.5 -1.2
v 0.5 2.5 -1.3
v 0.5 2.5 -2.1
v 0.5 2.5 -2.2
v 0.5 2.6 1.5
v 0.5 2.6 1.4
v 0.5 2.6 0.6
v 0.5 2.6 0.5
v 0.5 2.6 -0.3
v 0.5 2.6 -0.4
v 0.5 2.6 -1.2
v 0.5 2.6 -1.3
v 0.5 2.6 -2.1
v 0.5 2.6 -2.2
v 0.6 3 -3.2
v 0.6 3 -3.3
v 0.6 4 -3.2
v 0.6 4 -3.3
v 0.7 2.6 2.2
v 0.7 2.6 1.5
v 0.7 2.6 1.4
v 0.7 2.6 0.6
v 0.7 2.6 0.5
v 0.7 2.6 -0.3
v 0.7 2.6 -0.4
v 0.7 2.6 -1.2
v 0.7 2.6 -1.3
v 0.7 2.6 -2.1
v 0.7 2.6 -2.2
v 0.7 2.6 -3
v 0.7 2.7 2.2
v 0.7 2.8 2.2
v 0.7 2.8 1.5
v 0.7 2.8 1.4
v 0.7 2.8 0.6
v 0.7 2.8 0.5
v 0.7 2.8 -0.3
v 0.7 2.8 -0.4
v 0.7 2.8 -1.2
v 0.7 2.8 -1.3
v 0.7 2.8 -2.1
v 0.7 2.8 -2.2
v 0.7 2.8 -3
v 0.8 2.5 1.5
v 0.8 2.5 1.4
v 0.8 2.5 0.6
v 0.8 2.5 0.5
v 0.8 2.5 -0.3
v 0.8 2.5 -0.4
v 0.8 2.5 -1.2
v 0.8 2.5 -1.3
v 0.8 2.5 -2.1
v 0.8 2.5 -2.2
v 0.8 2.6 1.5
v 0.8 2.6 1.4
v 0.8 2.6 0.6
v 0.8 2.6 0.5
v 0.8 2.6 -0.3
v 0.8 2.6 -0.4
v 0.8 2.6 -1.2
v 0.8 2.6 -1.3
v 0.8 2.6 -2.1
v 0.8 2.6 -2.2
v 0.8 4.1 -3.2
v 0.8 4.1 -3.3
v 0.8 4.3 -3.2
v 0.8 4.3 -3.3
v 1 3 -3.2
v 1 3 -3.3
v 1 4 -3.2
v 1 4 -3.3
v 1.1 2.5 1.5
v 1.1 2.5 1.4
v 1.1 2.5 0.6
v 1.1 2.5 0.5
v 1.1 2.5 -0.3
v 1.1 2.5 -0.4
v 1.1 2.5 -1.2
v 1.1 2.5 -1.3
v 1.1 2.5 -2.1
v 1.1 2.5 -2.2
v 1.1 2.6 1.5
v 1.1 2.6 1.4
v 1.1 2.6 0.6
v 1.1 2.6 0.5
v 1.1 2.6 -0.3
v 1.1 2.6 -0.4
v 1.1 2.6 -1.2
v 1.1 2.6 -1.3
v 1.1 2.6 -2.1
v 1.1 2.6 -2.2
v 1.3 2.6 2.2
v 1.3 2.6 1.5
v 1.3 2.6 1.4
v 1.3 2.6 0.6
v 1.3 2.6 0.5
v 1.3 2.6 -0.3
v 1.3 2.6 -0.4
v 1.3 2.6 -1.2
v 1.3 2.6 -1.3
v 1.3 2.6 -2.1
v 1.3 2.6 -2.2
v 1.3 2.6 -3
v 1.3 2.7 2.2
v 1.3 2.8 2.2
v 1.3 2.8 1.5
v 1.3 2.8 1.4
v 1.3 2.8 0.6
v 1.3 2.8 0.5
v 1.3 2.8 -0.3
v 1.3 2.8 -0.4
v 1.3 2.8 -1.2
v 1.3 2.8 -1.3
v 1.3 2.8 -2.1
v 1.3 2.8 -2.2
v 1.3 2.8 -3
v 1.4 2.5 1.5
v 1.4 2.5 1.4
v 1.4 2.5 0.6
v 1.4 2.5 0.5
v 1.4 2.5 -0.3
v 1.4 2.5 -0.4
v 1.4 2.5 -1.2
v 1.4 2.5 -1.3
v 1.4 2.5 -2.1
v 1.4 2.5 -2.2
v 1.4 2.6 1.5
v 1.4 2.6 1.4
v 1.4 2.6 0.6
v 1.4 2.6 0.5
v 1.4 2.6 -0.3
v 1.4 2.6 -0.4
v 1.4 2.6 -1.2
v 1.4 2.6 -1.3
v 1.4 2.6 -2.1
v 1.4 2.6 -2.2
v 1.4 3 -3.2
v 1.4 3 -3.3
v 1.4 4 -3.2
v 1.4 4 -3.3
v 1.7 2 5.8
v 1.7 2 5.3
v 1.7 2.1 5.8
v 1.7 2.1 5.4
v 1.7 2.1 5.3
v 1.7 2.1 5.2
v 1.7 2.2 5.4
v 1.7 2.2 5.3
v 1.7 2.2 5.2
v 1.7 2.2 5.1
v 1.7 2.3 5.3
v 1.7 2.3 5.2
v 1.7 2.3 5.1
v 1.7 2.3 5
v 1.7 2.4 5.2
v 1.7 2.4 5.1
v 1.7 2.4 5
v 1.7 2.4 4.8
v 1.7 2.4 1.5
v 1.7 2.4 1.4
v 1.7 2.4 0.6
v 1.7 2.4 0.5
v 1.7 2.4 -0.3
v 1.7 2.4 -0.4
v 1.7 2.4 -1.2
v 1.7 2.4 -1.3
v 1.7 2.4 -2.1
v 1.7 2.4 -2.2
v 1.7 2.5 5.1
v 1.7 2.5 4.9
v 1.7 2.5 4.8
v 1.7 2.5 4.7
v 1.7 2.6 4.9
v 1.7 2.6 4.8
v 1.7 2.6 4.7
v 1.7 2.6 4.6
v 1.7 2.7 4.8
v 1.7 2.7 4.7
v 1.7 2.7 4.6
v 1.7 2.7 4.3
v 1.7 2.8 4.7
v 1.7 2.8 4.6
v 1.7 2.8 4.3
v 1.7 2.8 4.1
v 1.7 2.8 2.2
v 1.7 2.8 1.5
v 1.7 2.8 1.4
v 1.7 2.8 0.6
v 1.7 2.8 0.5
v 1.7 2.8 -0.3
v 1.7 2.8 -0.4
v 1.7 2.8 -1.2
v 1.7 2.8 -1.3
v 1.7 2.8 -2.1
v 1.7 2.8 -2.2
v 1.7 2.8 -3
v 1.7 2.9 4.6
v 1.7 2.9 4.2
v 1.7 2.9 4.1
v 1.7 2.9 4
v 1.7 3 4.2
v 1.7 3 4.1
v 1.7 3 4
v 1.7 3 3.9
v 1.7 3 2.2
v 1.7 3 -3
v 1.7 3.1 4.1
v 1.7 3.1 4
v 1.7 3.1 3.9
v 1.7 3.1 3.8
v 1.7 3.2 4
v 1.7 3.2 3.9
v 1.7 3.2 3.8
v 1.7 3.2 3.6
v 1.7 3.3 3.9
v 1.7 3.3 3.7
v 1.7 3.3 3.6
v 1.7 3.3 3.5
v 1.7 3.4 3.7
v 1.7 3.4 3.6
v 1.7 3.4 3.5
v 1.7 3.4 3.4
v 1.7 3.5 3.6
v 1.7 3.5 3.5
v 1.7 3.5 3.4
v 1.7 3.5 3.1
v 1.7 3.6 3.5
v 1.7 3.6 3.4
v 1.7 3.6 3.1
v 1.7 3.6 2.9
v 1.7 3.7 3.4
v 1.7 3.7 3
v 1.7 3.7 2.9
v 1.7 3.7 2.8
v 1.7 3.8 3
v 1.7 3.8 2.9
v 1.7 3.8 2.8
v 1.7 3.8 2.7
v 1.7 3.9 2.9
v 1.7 3.9 2.8
v 1.7 3.9 2.7
v 1.7 3.9 2.6
v 1.7 4 2.8
v 1.7 4 2.7
v 1.7 4 2.6
v 1.7 4 2.4
v 1.7 4.1 2.7
v 1.7 4.1 2.5
v 1.7 4.1 2.4
v 1.7 4.1 2.3
v 1.7 4.2 2.5
v 1.7 4.2 2.4
v 1.7 4.2 2.3
v 1.7 4.2 2.2
v 1.7 4.3 2.4
v 1.7 4.3 2.3
v 1.7 4.3 2.2
v 1.7 4.3 -3
v 1.7 4.4 2.3
v 1.7 4.4 2.2
v 1.7 4.5 2.2
v 1.7 4.5 -3
v 1.8 0.4 5.7
v 1.8 0.4 5.5
v 1.8 1.2 4.5
v 1.8 1.2 4.3
v 1.8 2 5.7
v 1.8 2 5.5
v 1.8 2 3.3
v 1.8 2 3.1
v 1.8 2.1 5.8
v 1.8 2.1 5.4
v 1.8 2.2 5.8
v 1.8 2.2 5.4
v 1.8 2.2 5.3
v 1.8 2.3 5.4
v 1.8 2.3 5.3
v 1.8 2.3 5.2
v 1.8 2.4 5.3
v 1.8 2.4 5.2
v 1.8 2.4 5.1
v 1.8 2.5 5.2
v 1.8 2.5 5.1
v 1.8 2.5 4.9
v 1.8 2.6 5.1
v 1.8 2.6 4.9
v 1.8 2.6 4.8
v 1.8 2.7 4.9
v 1.8 2.7 4.8
v 1.8 2.7 4.7
v 1.8 2.7 4.5
v 1.8 2.7 4.3
v 1.8 2.8 4.8
v 1.8 2.8 4.7
v 1.8 2.8 4.6
v 1.8 2.9 4.7
v 1.8 2.9 4.6
v 1.8 2.9 4.2
v 1.8 3 4.6
v 1.8 3 4.2
v 1.8 3 4.1
v 1.8 3 2.1
v 1.8 3 1.9
v 1.8 3 -0.5
v 1.8 3 -0.7
v 1.8 3 -3.1
v 1.8 3 -3.3
v 1.8 3.1 4.2
v 1.8 3.1 4.1
v 1.8 3.1 4
v 1.8 3.2 4.1
v 1.8 3.2 4
v 1.8 3.2 3.9
v 1.8 3.3 4
v 1.8 3.3 3.9
v 1.8 3.3 3.7
v 1.8 3.4 3.9
v 1.8 3.4 3.7
v 1.8 3.4 3.6
v 1.8 3.5 3.7
v 1.8 3.5 3.6
v 1.8 3.5 3.5
v 1.8 3.5 3.3
v 1.8 3.5 3.1
v 1.8 3.6 3.6
v 1.8 3.6 3.5
v 1.8 3.6 3.4
v 1.8 3.7 3.5
v 1.8 3.7 3.4
v 1.8 3.7 3
v 1.8 3.8 3.4
v 1.8 3.8 3
v 1.8 3.8 2.9
v 1.8 3.9 3
v 1.8 3.9 2.9
v 1.8 3.9 2.8
v 1.8 4 2.9
v 1.8 4 2.8
v 1.8 4 2.7
v 1.8 4 1.9
v 1.8 4 -0.5
v 1.8 4 -0.7
v 1.8 4 -3.1
v 1.8 4 -3.3
v 1.8 4.1 2.8
v 1.8 4.1 2.7
v 1.8 4.1 2.5
v 1.8 4.1 1.9
v 1.8 4.1 -0.5
v 1.8 4.1 -0.7
v 1.8 4.1 -3.1
v 1.8 4.1 -3.3
v 1.8 4.2 2.7
v 1.8 4.2 2.5
v 1.8 4.2 2.4
v 1.8 4.3 2.5
v 1.8 4.3 2.4
v 1.8 4.3 2.3
v 1.8 4.3 2.1
v 1.8 4.3 1.9
v 1.8 4.3 -0.5
v 1.8 4.3 -0.7
v 1.8 4.3 -3.1
v 1.8 4.3 -3.3
v 1.8 4.4 2.4
v 1.8 4.4 2.3
v 1.8 4.4 2.2
v 1.8 4.5 2.3
v 1.8 4.5 2.2
v 1.8 4.5 -3.1
v 1.8 4.5 -3.3
v 1.8 4.5 -3.4
v 1.8 4.6 2.2
v 1.8 4.6 -3.1
v 1.8 4.6 -3.3
v 1.8 4.6 -3.4
v 1.9 3 1.6
v 1.9 3 1.5
v 1.9 3 1.2
v 1.9 3 1.1
v 1.9 3 0.8
v 1.9 3 0.6
v 1.9 3 0.3
v 1.9 3 0.2
v 1.9 3 -0.1
v 1.9 3 -0.2
v 1.9 3 -1
v 1.9 3 -1.1
v 1.9 3 -1.4
v 1.9 3 -1.5
v 1.9 3 -1.8
v 1.9 3 -2
v 1.9 3 -2.3
v 1.9 3 -2.4
v 1.9 3 -2.7
v 1.9 3 -2.8
v 1.9 4 1.6
v 1.9 4 1.5
v 1.9 4 1.2
v 1.9 4 1.1
v 1.9 4 0.8
v 1.9 4 0.6
v 1.9 4 0.3
v 1.9 4 0.2
v 1.9 4 -0.1
v 1.9 4 -0.2
v 1.9 4 -1
v 1.9 4 -1.1
v 1.9 4 -1.4
v 1.9 4 -1.5
v 1.9 4 -1.8
v 1.9 4 -2
v 1.9 4 -2.3
v 1.9 4 -2.4
v 1.9 4 -2.7
v 1.9 4 -2.8
v 1.9 4.1 1
v 1.9 4.1 0.9
v 1.9 4.1 0.5
v 1.9 4.1 0.4
v 1.9 4.1 -1.6
v 1.9 4.1 -1.7
v 1.9 4.1 -2.1
v 1.9 4.1 -2.2
v 1.9 4.3 1
v 1.9 4.3 0.9
v 1.9 4.3 0.5
v 1.9 4.3 0.4
v 1.9 4.3 -1.6
v 1.9 4.3 -1.7
v 1.9 4.3 -2.1
v 1.9 4.3 -2.2
v -0.8 2.5 1.5
v -0.8 2.5 1.4
v -0.8 2.5 0.6
v -0.8 2.5 0.5
v -0.8 2.5 -0.3
v -0.8 2.5 -0.4
v -0.8 2.5 -1.2
v -0.8 2.5 -1.3
v -0.8 2.5 -2.1
v -0.8 2.5 -2.2
v -0.8 2.6 1.5
v -0.8 2.6 1.4
v -0.8 2.6 0.6
v -0.8 2.6 0.5
v -0.8 2.6 -0.3
v -0.8 2.6 -0.4
v -0.8 2.6 -1.2
v -0.8 2.6 -1.3
v -0.8 2.6 -2.1
v -0.8 2.6 -2.2
v -0.8 3 -3.1
v -0.8 3 -3.3
v -0.8 4 -3.1
v -0.8 4 -3.3
v -0.8 4.1 -3.1
v -0.8 4.1 -3.3
v -0.8 4.3 -3.1
v -0.8 4.3 -3.3
v -0.7 2.6 2.2
v -0.7 2.6 1.5
v -0.7 2.6 1.4
v -0.7 2.6 0.6
v -0.7 2.6 0.5
v -0.7 2.6 -0.3
v -0.7 2.6 -0.4
v -0.7 2.6 -1.2
v -0.7 2.6 -1.3
v -0.7 2.6 -2.1
v -0.7 2.6 -2.2
v -0.7 2.6 -3
v -0.7 2.7 2.2
v -0.7 2.8 2.2
v -0.7 2.8 1.5
v -0.7 2.8 1.4
v -0.7 2.8 0.6
v -0.7 2.8 0.5
v -0.7 2.8 -0.3
v -0.7 2.8 -0.4
v -0.7 2.8 -1.2
v -0.7 2.8 -1.3
v -0.7 2.8 -2.1
v -0.7 2.8 -2.2
v -0.7 2.8 -3
v -0.5 2.5 1.5
v -0.5 2.5 1.4
v -0.5 2.5 0.6
v -0.5 2.5 0.5
v -0.5 2.5 -0.3
v -0.5 2.5 -0.4
v -0.5 2.5 -1.2
v -0.5 2.5 -1.3
v -0.5 2.5 -2.1
v -0.5 2.5 -2.2
v -0.5 2.6 1.5
v -0.5 2.6 1.4
v -0.5 2.6 0.6
v -0.5 2.6 0.5
v -0.5 2.6 -0.3
v -0.5 2.6 -0.4
v -0.5 2.6 -1.2
v -0.5 2.6 -1.3
v -0.5 2.6 -2.1
v -0.5 2.6 -2.2
v -0.4 3 -3.2
v -0.4 3 -3.3
v -0.4 4 -3.2
v -0.4 4 -3.3
v -0.2 2.5 1.5
v -0.2 2.5 1.4
v -0.2 2.5 0.6
v -0.2 2.5 0.5
v -0.2 2.5 -0.3
v -0.2 2.5 -0.4
v -0.2 2.5 -1.2
v -0.2 2.5 -1.3
v -0.2 2.5 -2.1
v -0.2 2.5 -2.2
v -0.2 2.6 1.5
v -0.2 2.6 1.4
v -0.2 2.6 0.6
v -0.2 2.6 0.5
v -0.2 2.6 -0.3
v -0.2 2.6 -0.4
v -0.2 2.6 -1.2
v -0.2 2.6 -1.3
v -0.2 2.6 -2.1
v -0.2 2.6 -2.2
v -0.1 2.6 2.2
v -0.1 2.6 1.5
v -0.1 2.6 1.4
v -0.1 2.6 0.6
v -0.1 2.6 0.5
v -0.1 2.6 -0.3
v -0.1 2.6 -0.4
v -0.1 2.6 -1.2
v -0.1 2.6 -1.3
v -0.1 2.6 -2.1
v -0.1 2.6 -2.2
v -0.1 2.6 -3
v -0.1 2.7 2.2
v -0.1 2.8 2.2
v -0.1 2.8 1.5
v -0.1 2.8 1.4
v -0.1 2.8 0.6
v -0.1 2.8 0.5
v -0.1 2.8 -0.3
v -0.1 2.8 -0.4
v -0.1 2.8 -1.2
v -0.1 2.8 -1.3
v -0.1 2.8 -2.1
v -0.1 2.8 -2.2
v -0.1 2.8 -3
v 0 3 -3.2
v 0 3 -3.3
v 0 4 -3.2
v 0 4 -3.3
v 0.1 2.5 1.5
v 0.1 2.5 1.4
v 0.1 2.5 0.6
v 0.1 2.5 0.5
v 0.1 2.5 -0.3
v 0.1 2.5 -0.4
v 0.1 2.5 -1.2
v 0.1 2.5 -1.3
v 0.1 2.5 -2.1
v 0.1 2.5 -2.2
v 0.1 2.6 1.5
v 0.1 2.6 1.4
v 0.1 2.6 0.6
v 0.1 2.6 0.5
v 0.1 2.6 -0.3
v 0.1 2.6 -0.4
v 0.1 2.6 -1.2
v 0.1 2.6 -1.3
v 0.1 2.6 -2.1
v 0.1 2.6 -2.2
v 0.2 4.1 -3.2
v 0.2 4.1 -3.3
v 0.2 4.3 -3.2
v 0.2 4.3 -3.3
v 0.4 2.5 1.5
v 0.4 2.5 1.4
v 0.4 2.5 0.6
v 0.4 2.5 0.5
v 0.4 2.5 -0.3
v 0.4 2.5 -0.4
v 0.4 2.5 -1.2
v 0.4 2.5 -1.3
v 0.4 2.5 -2.1
v 0.4 2.5 -2.2
v 0.4 2.6 1.5
v 0.4 2.6 1.4
v 0.4 2.6 0.6
v 0.4 2.6 0.5
v 0.4 2.6 -0.3
v 0.4 2.6 -0.4
v 0.4 2.6 -1.2
v 0.4 2.6 -1.3
v 0.4 2.6 -2.1
v 0.4 2.6 -2.2
v 0.4 3 -3.2
v 0.4 3 -3.3
v 0.4 4 -3.2
v 0.4 4 -3.3
v 0.5 2.6 2.2
v 0.5 2.6 1.5
v 0.5 2.6 1.4
v 0.5 2.6 0.6
v 0.5 2.6 0.5
v 0.5 2.6 -0.3
v 0.5 2.6 -0.4
v 0.5 2.6 -1.2
v 0.5 2.6 -1.3
v 0.5 2.6 -2.1
v 0.5 2.6 -2.2
v 0.5 2.6 -3
v 0.5 2.7 2.2
v 0.5 2.8 2.2
v 0.5 2.8 1.5
v 0.5 2.8 1.4
v 0.5 2.8 0.6
v 0.5 2.8 0.5
v 0.5 2.8 -0.3
v 0.5 2.8 -0.4
v 0.5 2.8 -1.2
v 0.5 2.8 -1.3
v 0.5 2.8 -2.1
v 0.5 2.8 -2.2
v 0.5 2.8 -3
v 0.7 2.5 1.5
v 0.7 2.5 1.4
v 0.7 2.5 0.6
v 0.7 2.5 0.5
v 0.7 2.5 -0.3
v 0.7 2.5 -0.4
v 0.7 2.5 -1.2
v 0.7 2.5 -1.3
v 0.7 2.5 -2.1
v 0.7 2.5 -2.2
v 0.7 2.6 1.5
v 0.7 2.6 1.4
v 0.7 2.6 0.6
v 0.7 2.6 0.5
v 0.7 2.6 -0.3
v 0.7 2.6 -0.4
v 0.7 2.6 -1.2
v 0.7 2.6 -1.3
v 0.7 2.6 -2.1
v 0.7 2.6 -2.2
v 0.7 3 -3.2
v 0.7 3 -3.3
v 0.7 4 -3.2
v 0.7 4 -3.3
v 0.9 4.1 -3.2
v 0.9 4.1 -3.3
v 0.9 4.3 -3.2
v 0.9 4.3 -3.3
v 1 2.5 1.5
v 1 2.5 1.4
v 1 2.5 0.6
v 1 2.5 0.5
v 1 2.5 -0.3
v 1 2.5 -0.4
v 1 2.5 -1.2
v 1 2.5 -1.3
v 1 2.5 -2.1
v 1 2.5 -2.2
v 1 2.6 1.5
v 1 2.6 1.4
v 1 2.6 0.6
v 1 2.6 0.5
v 1 2.6 -0.3
v 1 2.6 -0.4
v 1 2.6 -1.2
v 1 2.6 -1.3
v 1 2.6 -2.1
v 1 2.6 -2.2
v 1.1 2.6 2.2
v 1.1 2.6 1.5
v 1.1 2.6 1.4
v 1.1 2.6 0.6
v 1.1 2.6 0.5
v 1.1 2.6 -0.3
v 1.1 2.6 -0.4
v 1.1 2.6 -1.2
v 1.1 2.6 -1.3
v 1.1 2.6 -2.1
v 1.1 2.6 -2.2
v 1.1 2.6 -3
v 1.1 2.7 2.2
v 1.1 2.8 2.2
v 1.1 2.8 1.5
v 1.1 2.8 1.4
v 1.1 2.8 0.6
v 1.1 2.8 0.5
v 1.1 2.8 -0.3
v 1.1 2.8 -0.4
v 1.1 2.8 -1.2
v 1.1 2.8 -1.3
v 1.1 2.8 -2.1
v 1.1 2.8 -2.2
v 1.1 2.8 -3
v 1.1 3 -3.2
v 1.1 3 -3.3
v 1.1 4 -3.2
v 1.1 4 -3.3
v 1.3 2.5 1.5
v 1.3 2.5 1.4
v 1.3 2.5 0.6
v 1.3 2.5 0.5
v 1.3 2.5 -0.3
v 1.3 2.5 -0.4
v 1.3 2.5 -1.2
v 1.3 2.5 -1.3
v 1.3 2.5 -2.1
v 1.3 2.5 -2.2
v 1.3 2.6 1.5
v 1.3 2.6 1.4
v 1.3 2.6 0.6
v 1.3 2.6 0.5
v 1.3 2.6 -0.3
v 1.3 2.6 -0.4
v 1.3 2.6 -1.2
v 1.3 2.6 -1.3
v 1.3 2.6 -2.1
v 1.3 2.6 -2.2
v 1.5 3 -3.2
v 1.5 3 -3.3
v 1.5 4 -3.2
v 1.5 4 -3.3
v 1.6 2.5 1.5
v 1.6 2.5 1.4
v 1.6 2.5 0.6
v 1.6 2.5 0.5
v 1.6 2.5 -0.3
v 1.6 2.5 -0.4
v 1.6 2.5 -1.2
v 1.6 2.5 -1.3
v 1.6 2.5 -2.1
v 1.6 2.5 -2.2
v 1.6 2.6 1.5
v 1.6 2.6 1.4
v 1.6 2.6 0.6
v 1.6 2.6 0.5
v 1.6 2.6 -0.3
v 1.6 2.6 -0.4
v 1.6 2.6 -1.2
v 1.6 2.6 -1.3
v 1.6 2.6 -2.1
v 1.6 2.6 -2.2
v 2 0.4 5.7
v 2 0.4 5.5
v 2 1.2 4.5
v 2 1.2 4.3
v 2 2 5.7
v 2 2 5.5
v 2 2 3.3
v 2 2 3.1
v 2 2.1 5.8
v 2 2.1 5.4
v 2 2.2 5.8
v 2 2.2 5.4
v 2 2.2 5.3
v 2 2.3 5.4
v 2 2.3 5.3
v 2 2.3 5.2
v 2 2.4 5.3
v 2 2.4 5.2
v 2 2.4 5.1
v 2 2.5 5.2
v 2 2.5 5.1
v 2 2.5 4.9
v 2 2.6 5.1
v 2 2.6 4.9
v 2 2.6 4.8
v 2 2.7 4.9
v 2 2.7 4.8
v 2 2.7 4.7
v 2 2.7 4.5
v 2 2.7 4.3
v 2 2.8 4.8
v 2 2.8 4.7
v 2 2.8 4.6
v 2 2.9 4.7
v 2 2.9 4.6
v 2 2.9 4.2
v 2 3 4.6
v 2 3 4.2
v 2 3 4.1
v 2 3 2.1
v 2 3 1.9
v 2 3 1.6
v 2 3 1.5
v 2 3 1.2
v 2 3 1.1
v 2 3 0.8
v 2 3 0.6
v 2 3 0.3
v 2 3 0.2
v 2 3 -0.1
v 2 3 -0.2
v 2 3 -0.5
v 2 3 -0.7
v 2 3 -1
v 2 3 -1.1
v 2 3 -1.4
v 2 3 -1.5
v 2 3 -1.8
v 2 3 -2
v 2 3 -2.3
v 2 3 -2.4
v 2 3 -2.7
v 2 3 -2.8
v 2 3 -3.1
v 2 3 -3.3
v 2 3.1 4.2
v 2 3.1 4.1
v 2 3.1 4
v 2 3.2 4.1
v 2 3.2 4
v 2 3.2 3.9
v 2 3.3 4
v 2 3.3 3.9
v 2 3.3 3.7
v 2 3.4 3.9
v 2 3.4 3.7
v 2 3.4 3.6
v 2 3.5 3.7
v 2 3.5 3.6
v 2 3.5 3.5
v 2 3.5 3.3
v 2 3.5 3.1
v 2 3.6 3.6
v 2 3.6 3.5
v 2 3.6 3.4
v 2 3.7 3.5
v 2 3.7 3.4
v 2 3.7 3
v 2 3.8 3.4
v 2 3.8 3
v 2 3.8 2.9
v 2 3.9 3
v 2 3.9 2.9
v 2 3.9 2.8
v 2 4 2.9
v 2 4 2.8
v 2 4 2.7
v 2 4 1.9
v 2 4 1.6
v 2 4 1.5
v 2 4 1.2
v 2 4 1.1
v 2 4 0.8
v 2 4 0.6
v 2 4 0.3
v 2 4 0.2
v 2 4 -0.1
v 2 4 -0.2
v 2 4 -0.5
v 2 4 -0.7
v 2 4 -1
v 2 4 -1.1
v 2 4 -1.4
v 2 4 -1.5
v 2 4 -1.8
v 2 4 -2
v 2 4 -2.3
v 2 4 -2.4
v 2 4 -2.7
v 2 4 -2.8
v 2 4 -3.1
v 2 4.1 2.8
v 2 4.1 2.7
v 2 4.1 2.5
v 2 4.1 1.9
v 2 4.1 1
v 2 4.1 0.9
v 2 4.1 0.5
v 2 4.1 0.4
v 2 4.1 -0.5
v 2 4.1 -0.7
v 2 4.1 -1.6
v 2 4.1 -1.7
v 2 4.1 -2.1
v 2 4.1 -2.2
v 2 4.1 -3.1
v 2 4.2 2.7
v 2 4.2 2.5
v 2 4.2 2.4
v 2 4.3 2.5
v 2 4.3 2.4
v 2 4.3 2.3
v 2 4.3 2.1
v 2 4.3 1.9
v 2 4.3 1
v 2 4.3 0.9
v 2 4.3 0.5
v 2 4.3 0.4
v 2 4.3 -0.5
v 2 4.3 -0.7
v 2 4.3 -1.6
v 2 4.3 -1.7
v 2 4.3 -2.1
v 2 4.3 -2.2
v 2 4.3 -3.1
v 2 4.3 -3.3
v 2 4.4 2.4
v 2 4.4 2.3
v 2 4.4 2.2
v 2 4.5 2.3
v 2 4.5 2.2
v 2 4.5 -3.4
v 2 4.6 2.2
v 2 4.6 -3.4
v 2.1 0 6
v 2.1 0 5.9
v 2.1 0 5.4
v 2.1 0.2 6
v 2.1 0.2 5.9
v 2.1 0.3 6
v 2.1 0.3 5.9
v 2.1 0.3 5.8
v 2.1 0.3 5.4
v 2.1 0.4 5.9
v 2.1 0.4 5.8
v 2.1 0.4 5.4
v 2.1 0.4 5.3
v 2.1 0.4 4.8
v 2.1 0.6 5.4
v 2.1 0.6 5.3
v 2.1 0.7 5.4
v 2.1 0.7 5.3
v 2.1 0.7 5.2
v 2.1 0.7 4.8
v 2.1 0.8 5.3
v 2.1 0.8 5.2
v 2.1 0.8 4.8
v 2.1 0.8 4.7
v 2.1 0.8 4.2
v 2.1 1 4.8
v 2.1 1 4.7
v 2.1 1.1 4.8
v 2.1 1.1 4.7
v 2.1 1.1 4.6
v 2.1 1.1 4.2
v 2.1 1.2 4.7
v 2.1 1.2 4.6
v 2.1 1.2 4.2
v 2.1 1.2 4.1
v 2.1 1.2 3.6
v 2.1 1.4 4.2
v 2.1 1.4 4.1
v 2.1 1.5 4.2
v 2.1 1.5 4.1
v 2.1 1.5 4
v 2.1 1.5 3.6
v 2.1 1.6 4.1
v 2.1 1.6 4
v 2.1 1.6 3.6
v 2.1 1.6 3.5
v 2.1 1.6 3
v 2.1 1.8 3.6
v 2.1 1.8 3.5
v 2.1 1.9 3.6
v 2.1 1.9 3.5
v 2.1 1.9 3.4
v 2.1 1.9 3
v 2.1 2 5.8
v 2.1 2 5.3
v 2.1 2 3.5
v 2.1 2 3.4
v 2.1 2 3
v 2.1 2 2.9
v 2.1 2 2.1
v 2.1 2.1 5.8
v 2.1 2.1 5.4
v 2.1 2.1 5.3
v 2.1 2.1 5.2
v 2.1 2.2 5.4
v 2.1 2.2 5.3
v 2.1 2.2 5.2
v 2.1 2.2 5.1
v 2.1 2.2 3
v 2.1 2.2 2.9
v 2.1 2.3 5.3
v 2.1 2.3 5.2
v 2.1 2.3 5.1
v 2.1 2.3 5
v 2.1 2.3 3
v 2.1 2.3 2.9
v 2.1 2.3 2.8
v 2.1 2.3 2.4
v 2.1 2.3 2.1
v 2.1 2.3 -3.4
v 2.1 2.4 5.2
v 2.1 2.4 5.1
v 2.1 2.4 5
v 2.1 2.4 4.8
v 2.1 2.4 2.9
v 2.1 2.4 2.8
v 2.1 2.4 2.4
v 2.1 2.4 2.3
v 2.1 2.5 5.1
v 2.1 2.5 4.9
v 2.1 2.5 4.8
v 2.1 2.5 4.7
v 2.1 2.6 4.9
v 2.1 2.6 4.8
v 2.1 2.6 4.7
v 2.1 2.6 4.6
v 2.1 2.6 2.4
v 2.1 2.6 2.3
v 2.1 2.7 4.8
v 2.1 2.7 4.7
v 2.1 2.7 4.6
v 2.1 2.7 4.3
v 2.1 2.7 2.4
v 2.1 2.7 2.3
v 2.1 2.7 -3.4
v 2.1 2.8 4.7
v 2.1 2.8 4.6
v 2.1 2.8 4.3
v 2.1 2.8 4.1
v 2.1 2.8 2.3
v 2.1 2.8 2.2
v 2.1 2.9 4.6
v 2.1 2.9 4.2
v 2.1 2.9 4.1
v 2.1 2.9 4
v 2.1 3 4.2
v 2.1 3 4.1
v 2.1 3 4
v 2.1 3 3.9
v 2.1 3 2.2
v 2.1 3 -3.4
v 2.1 3.1 4.1
v 2.1 3.1 4
v 2.1 3.1 3.9
v 2.1 3.1 3.8
v 2.1 3.2 4
v 2.1 3.2 3.9
v 2.1 3.2 3.8
v 2.1 3.2 3.6
v 2.1 3.3 3.9
v 2.1 3.3 3.7
v 2.1 3.3 3.6
v 2.1 3.3 3.5
v 2.1 3.4 3.7
v 2.1 3.4 3.6
v 2.1 3.4 3.5
v 2.1 3.4 3.4
v 2.1 3.5 3.6
v 2.1 3.5 3.5
v 2.1 3.5 3.4
v 2.1 3.5 3.1
v 2.1 3.6 3.5
v 2.1 3.6 3.4
v 2.1 3.6 3.1
v 2.1 3.6 2.9
v 2.1 3.7 3.4
v 2.1 3.7 3
v 2.1 3.7 2.9
v 2.1 3.7 2.8
v 2.1 3.8 3
v 2.1 3.8 2.9
v 2.1 3.8 2.8
v 2.1 3.8 2.7
v 2.1 3.9 2.9
v 2.1 3.9 2.8
v 2.1 3.9 2.7
v 2.1 3.9 2.6
v 2.1 4 2.8
v 2.1 4 2.7
v 2.1 4 2.6
v 2.1 4 2.4
v 2.1 4.1 2.7
v 2.1 4.1 2.5
v 2.1 4.1 2.4
v 2.1 4.1 2.3
v 2.1 4.2 2.5
v 2.1 4.2 2.4
v 2.1 4.2 2.3
v 2.1 4.2 2.2
v 2.1 4.3 2.4
v 2.1 4.3 2.3
v 2.1 4.3 2.2
v 2.1 4.3 -3.4
v 2.1 4.4 2.3
v 2.1 4.4 2.2
v 2.1 4.5 2.2
v 2.1 4.5 -3.4
v -1.1 0 6
v -1.1 0.2 6
v -1.1 0.3 6
v -1 0 6
v -1 0.2 6
v -0.4 0 6
v -0.4 0.2 6
v -0.3 0 6
v -0.3 0.2 6
v 0.4 0 6
v 0.4 0.2 6
v 0.6 0 6
v 0.6 0.2 6
v 1.2 0 6
v 1.2 0.2 6
v 1.3 0 6
v 1.3 0.2 6
v 2 0 6
v 2 0.2 6
v 2.1 0 6
v 2.1 0.2 6
v 2.1 0.3 6
v -1.1 0.3 5.9
v -1.1 0.4 5.9
v 2.1 0.3 5.9
v 2.1 0.4 5.9
v 1.7 2 5.8
v 1.7 2.1 5.8
v 1.8 2.1 5.8
v 1.8 2.2 5.8
v 2 2.1 5.8
v 2 2.2 5.8
v 2.1 2 5.8
v 2.1 2.1 5.8
v 1.8 0.4 5.7
v 1.8 2 5.7
v 2 0.4 5.7
v 2 2 5.7
v -1.1 0.4 5.4
v -1.1 0.6 5.4
v -1.1 0.7 5.4
v -1 0.4 5.4
v -1 0.6 5.4
v -0.4 0.4 5.4
v -0.4 0.6 5.4
v -0.3 0.4 5.4
v -0.3 0.6 5.4
v 0.4 0.4 5.4
v 0.4 0.6 5.4
v 0.6 0.4 5.4
v 0.6 0.6 5.4
v 1.2 0.4 5.4
v 1.2 0.6 5.4
v 1.3 0.4 5.4
v 1.3 0.6 5.4
v 1.7 2.1 5.4
v 1.7 2.2 5.4
v 1.8 2.1 5.4
v 1.8 2.2 5.4
v 1.8 2.3 5.4
v 2 0.4 5.4
v 2 0.6 5.4
v 2 2.1 5.4
v 2 2.2 5.4
v 2 2.3 5.4
v 2.1 0.4 5.4
v 2.1 0.6 5.4
v 2.1 0.7 5.4
v 2.1 2.1 5.4
v 2.1 2.2 5.4
v -1.1 0.7 5.3
v -1.1 0.8 5.3
v 1.7 2.2 5.3
v 1.7 2.3 5.3
v 1.8 2.2 5.3
v 1.8 2.3 5.3
v 1.8 2.4 5.3
v 2 2.2 5.3
v 2 2.3 5.3
v 2 2.4 5.3
v 2.1 0.7 5.3
v 2.1 0.8 5.3
v 2.1 2.2 5.3
v 2.1 2.3 5.3
v 1.7 2.3 5.2
v 1.7 2.4 5.2
v 1.8 2.3 5.2
v 1.8 2.4 5.2
v 1.8 2.5 5.2
v 2 2.3 5.2
v 2 2.4 5.2
v 2 2.5 5.2
v 2.1 2.3 5.2
v 2.1 2.4 5.2
v 1.7 2.4 5.1
v 1.7 2.5 5.1
v 1.8 2.4 5.1
v 1.8 2.5 5.1
v 1.8 2.6 5.1
v 2 2.4 5.1
v 2 2.5 5.1
v 2 2.6 5.1
v 2.1 2.4 5.1
v 2.1 2.5 5.1
v 1.7 2.5 4.9
v 1.7 2.6 4.9
v 1.8 2.5 4.9
v 1.8 2.6 4.9
v 1.8 2.7 4.9
v 2 2.5 4.9
v 2 2.6 4.9
v 2 2.7 4.9
v 2.1 2.5 4.9
v 2.1 2.6 4.9
v -1.1 0.8 4.8
v -1.1 1 4.8
v -1.1 1.1 4.8
v -1 0.8 4.8
v -1 1 4.8
v -0.4 0.8 4.8
v -0.4 1 4.8
v -0.3 0.8 4.8
v -0.3 1 4.8
v 0.4 0.8 4.8
v 0.4 1 4.8
v 0.6 0.8 4.8
v 0.6 1 4.8
v 1.2 0.8 4.8
v 1.2 1 4.8
v 1.3 0.8 4.8
v 1.3 1 4.8
v 1.7 2.6 4.8
v 1.7 2.7 4.8
v 1.8 2.6 4.8
v 1.8 2.7 4.8
v 1.8 2.8 4.8
v 2 0.8 4.8
v 2 1 4.8
v 2 2.6 4.8
v 2 2.7 4.8
v 2 2.8 4.8
v 2.1 0.8 4.8
v 2.1 1 4.8
v 2.1 1.1 4.8
v 2.1 2.6 4.8
v 2.1 2.7 4.8
v -1.1 1.1 4.7
v -1.1 1.2 4.7
v 1.7 2.7 4.7
v 1.7 2.8 4.7
v 1.8 2.7 4.7
v 1.8 2.8 4.7
v 1.8 2.9 4.7
v 2 2.7 4.7
v 2 2.8 4.7
v 2 2.9 4.7
v 2.1 1.1 4.7
v 2.1 1.2 4.7
v 2.1 2.7 4.7
v 2.1 2.8 4.7
v 1.7 2.8 4.6
v 1.7 2.9 4.6
v 1.8 2.8 4.6
v 1.8 2.9 4.6
v 1.8 3 4.6
v 2 2.8 4.6
v 2 2.9 4.6
v 2 3 4.6
v 2.1 2.8 4.6
v 2.1 2.9 4.6
v 1.8 1.2 4.5
v 1.8 2.7 4.5
v 2 1.2 4.5
v 2 2.7 4.5
v -1.1 1.2 4.2
v -1.1 1.4 4.2
v -1.1 1.5 4.2
v -1 1.2 4.2
v -1 1.4 4.2
v -0.4 1.2 4.2
v -0.4 1.4 4.2
v -0.3 1.2 4.2
v -0.3 1.4 4.2
v 0.4 1.2 4.2
v 0.4 1.4 4.2
v 0.6 1.2 4.2
v 0.6 1.4 4.2
v 1.2 1.2 4.2
v 1.2 1.4 4.2
v 1.3 1.2 4.2
v 1.3 1.4 4.2
v 1.7 2.9 4.2
v 1.7 3 4.2
v 1.8 2.9 4.2
v 1.8 3 4.2
v 1.8 3.1 4.2
v 2 1.2 4.2
v 2 1.4 4.2
v 2 2.9 4.2
v 2 3 4.2
v 2 3.1 4.2
v 2.1 1.2 4.2
v 2.1 1.4 4.2
v 2.1 1.5 4.2
v 2.1 2.9 4.2
v 2.1 3 4.2
v -1.1 1.5 4.1
v -1.1 1.6 4.1
v 1.7 3 4.1
v 1.7 3.1 4.1
v 1.8 3 4.1
v 1.8 3.1 4.1
v 1.8 3.2 4.1
v 2 3 4.1
v 2 3.1 4.1
v 2 3.2 4.1
v 2.1 1.5 4.1
v 2.1 1.6 4.1
v 2.1 3 4.1
v 2.1 3.1 4.1
v 1.7 3.1 4
v 1.7 3.2 4
v 1.8 3.1 4
v 1.8 3.2 4
v 1.8 3.3 4
v 2 3.1 4
v 2 3.2 4
v 2 3.3 4
v 2.1 3.1 4
v 2.1 3.2 4
v 1.7 3.2 3.9
v 1.7 3.3 3.9
v 1.8 3.2 3.9
v 1.8 3.3 3.9
v 1.8 3.4 3.9
v 2 3.2 3.9
v 2 3.3 3.9
v 2 3.4 3.9
v 2.1 3.2 3.9
v 2.1 3.3 3.9
v 1.7 3.3 3.7
v 1.7 3.4 3.7
v 1.8 3.3 3.7
v 1.8 3.4 3.7
v 1.8 3.5 3.7
v 2 3.3 3.7
v 2 3.4 3.7
v 2 3.5 3.7
v 2.1 3.3 3.7
v 2.1 3.4 3.7
v -1.1 1.6 3.6
v -1.1 1.8 3.6
v -1.1 1.9 3.6
v -1 1.6 3.6
v -1 1.8 3.6
v -0.4 1.6 3.6
v -0.4 1.8 3.6
v -0.3 1.6 3.6
v -0.3 1.8 3.6
v 0.4 1.6 3.6
v 0.4 1.8 3.6
v 0.6 1.6 3.6
v 0.6 1.8 3.6
v 1.2 1.6 3.6
v 1.2 1.8 3.6
v 1.3 1.6 3.6
v 1.3 1.8 3.6
v 1.7 3.4 3.6
v 1.7 3.5 3.6
v 1.8 3.4 3.6
v 1.8 3.5 3.6
v 1.8 3.6 3.6
v 2 1.6 3.6
v 2 1.8 3.6
v 2 3.4 3.6
v 2 3.5 3.6
v 2 3.6 3.6
v 2.1 1.6 3.6
v 2.1 1.8 3.6
v 2.1 1.9 3.6
v 2.1 3.4 3.6
v 2.1 3.5 3.6
v -1.1 1.9 3.5
v -1.1 2 3.5
v 1.7 3.5 3.5
v 1.7 3.6 3.5
v 1.8 3.5 3.5
v 1.8 3.6 3.5
v 1.8 3.7 3.5
v 2 3.5 3.5
v 2 3.6 3.5
v 2 3.7 3.5
v 2.1 1.9 3.5
v 2.1 2 3.5
v 2.1 3.5 3.5
v 2.1 3.6 3.5
v 1.7 3.6 3.4
v 1.7 3.7 3.4
v 1.8 3.6 3.4
v 1.8 3.7 3.4
v 1.8 3.8 3.4
v 2 3.6 3.4
v 2 3.7 3.4
v 2 3.8 3.4
v 2.1 3.6 3.4
v 2.1 3.7 3.4
v 1.8 2 3.3
v 1.8 3.5 3.3
v 2 2 3.3
v 2 3.5 3.3
v -1.1 2 3
v -1.1 2.2 3
v -1.1 2.3 3
v -1 2 3
v -1 2.2 3
v -0.4 2 3
v -0.4 2.2 3
v -0.3 2 3
v -0.3 2.2 3
v 0.4 2 3
v 0.4 2.2 3
v 0.6 2 3
v 0.6 2.2 3
v 1.2 2 3
v 1.2 2.2 3
v 1.3 2 3
v 1.3 2.2 3
v 1.7 3.7 3
v 1.7 3.8 3
v 1.8 3.7 3
v 1.8 3.8 3
v 1.8 3.9 3
v 2 2 3
v 2 2.2 3
v 2 3.7 3
v 2 3.8 3
v 2 3.9 3
v 2.1 2 3
v 2.1 2.2 3
v 2.1 2.3 3
v 2.1 3.7 3
v 2.1 3.8 3
v -1.1 2.3 2.9
v -1.1 2.4 2.9
v 1.7 3.8 2.9
v 1.7 3.9 2.9
v 1.8 3.8 2.9
v 1.8 3.9 2.9
v 1.8 4 2.9
v 2 3.8 2.9
v 2 3.9 2.9
v 2 4 2.9
v 2.1 2.3 2.9
v 2.1 2.4 2.9
v 2.1 3.8 2.9
v 2.1 3.9 2.9
v 1.7 3.9 2.8
v 1.7 4 2.8
v 1.8 3.9 2.8
v 1.8 4 2.8
v 1.8 4.1 2.8
v 2 3.9 2.8
v 2 4 2.8
v 2 4.1 2.8
v 2.1 3.9 2.8
v 2.1 4 2.8
v 1.7 4 2.7
v 1.7 4.1 2.7
v 1.8 4 2.7
v 1.8 4.1 2.7
v 1.8 4.2 2.7
v 2 4 2.7
v 2 4.1 2.7
v 2 4.2 2.7
v 2.1 4 2.7
v 2.1 4.1 2.7
v 1.7 4.1 2.5
v 1.7 4.2 2.5
v 1.8 4.1 2.5
v 1.8 4.2 2.5
v 1.8 4.3 2.5
v 2 4.1 2.5
v 2 4.2 2.5
v 2 4.3 2.5
v 2.1 4.1 2.5
v 2.1 4.2 2.5
v -1.1 2.4 2.4
v -1.1 2.6 2.4
v -1.1 2.7 2.4
v -0.4 2.4 2.4
v -0.3 2.4 2.4
v 0.4 2.4 2.4
v 0.6 2.4 2.4
v 1.2 2.4 2.4
v 1.3 2.4 2.4
v 1.7 4.2 2.4
v 1.7 4.3 2.4
v 1.8 4.2 2.4
v 1.8 4.3 2.4
v 1.8 4.4 2.4
v 2 2.4 2.4
v 2 4.2 2.4
v 2 4.3 2.4
v 2 4.4 2.4
v 2.1 2.4 2.4
v 2.1 2.6 2.4
v 2.1 2.7 2.4
v 2.1 4.2 2.4
v 2.1 4.3 2.4
v -1.1 2.7 2.3
v -1.1 2.8 2.3
v 1.7 4.3 2.3
v 1.7 4.4 2.3
v 1.8 4.3 2.3
v 1.8 4.4 2.3
v 1.8 4.5 2.3
v 2 4.3 2.3
v 2 4.4 2.3
v 2 4.5 2.3
v 2.1 2.7 2.3
v 2.1 2.8 2.3
v 2.1 4.3 2.3
v 2.1 4.4 2.3
v 1.7 2.8 2.2
v 1.7 3 2.2
v 1.7 4.4 2.2
v 1.7 4.5 2.2
v 1.8 4.4 2.2
v 1.8 4.5 2.2
v 1.8 4.6 2.2
v 2 4.4 2.2
v 2 4.5 2.2
v 2 4.6 2.2
v 2.1 2.8 2.2
v 2.1 3 2.2
v 2.1 4.4 2.2
v 2.1 4.5 2.2
v 1.8 3 2.1
v 1.8 4.3 2.1
v 2 3 2.1
v 2 4.3 2.1
v 1.9 3 1.6
v 1.9 4 1.6
v 2 3 1.6
v 2 4 1.6
v -1.1 2.4 1.4
v -1.1 2.8 1.4
v -1 2.5 1.4
v -1 2.6 1.4
v -0.8 2.5 1.4
v -0.8 2.6 1.4
v -0.7 2.5 1.4
v -0.7 2.6 1.4
v -0.7 2.8 1.4
v -0.5 2.5 1.4
v -0.5 2.6 1.4
v -0.5 2.8 1.4
v -0.4 2.5 1.4
v -0.4 2.6 1.4
v -0.2 2.5 1.4
v -0.2 2.6 1.4
v -0.1 2.5 1.4
v -0.1 2.6 1.4
v -0.1 2.8 1.4
v 0.1 2.5 1.4
v 0.1 2.6 1.4
v 0.1 2.8 1.4
v 0.2 2.5 1.4
v 0.2 2.6 1.4
v 0.4 2.5 1.4
v 0.4 2.6 1.4
v 0.5 2.5 1.4
v 0.5 2.6 1.4
v 0.5 2.8 1.4
v 0.7 2.5 1.4
v 0.7 2.6 1.4
v 0.7 2.8 1.4
v 0.8 2.5 1.4
v 0.8 2.6 1.4
v 1 2.5 1.4
v 1 2.6 1.4
v 1.1 2.5 1.4
v 1.1 2.6 1.4
v 1.1 2.8 1.4
v 1.3 2.5 1.4
v 1.3 2.6 1.4
v 1.3 2.8 1.4
v 1.4 2.5 1.4
v 1.4 2.6 1.4
v 1.6 2.5 1.4
v 1.6 2.6 1.4
v 1.7 2.4 1.4
v 1.7 2.8 1.4
v 1.9 3 1.2
v 1.9 4 1.2
v 2 3 1.2
v 2 4 1.2
v 1.9 4.1 1
v 1.9 4.3 1
v 2 4.1 1
v 2 4.3 1
v 1.9 3 0.8
v 1.9 4 0.8
v 2 3 0.8
v 2 4 0.8
v -1.1 2.4 0.5
v -1.1 2.8 0.5
v -1 2.5 0.5
v -1 2.6 0.5
v -0.8 2.5 0.5
v -0.8 2.6 0.5
v -0.7 2.5 0.5
v -0.7 2.6 0.5
v -0.7 2.8 0.5
v -0.5 2.5 0.5
v -0.5 2.6 0.5
v -0.5 2.8 0.5
v -0.4 2.5 0.5
v -0.4 2.6 0.5
v -0.2 2.5 0.5
v -0.2 2.6 0.5
v -0.1 2.5 0.5
v -0.1 2.6 0.5
v -0.1 2.8 0.5
v 0.1 2.5 0.5
v 0.1 2.6 0.5
v 0.1 2.8 0.5
v 0.2 2.5 0.5
v 0.2 2.6 0.5
v 0.4 2.5 0.5
v 0.4 2.6 0.5
v 0.5 2.5 0.5
v 0.5 2.6 0.5
v 0.5 2.8 0.5
v 0.7 2.5 0.5
v 0.7 2.6 0.5
v 0.7 2.8 0.5
v 0.8 2.5 0.5
v 0.8 2.6 0.5
v 1 2.5 0.5
v 1 2.6 0.5
v 1.1 2.5 0.5
v 1.1 2.6 0.5
v 1.1 2.8 0.5
v 1.3 2.5 0.5
v 1.3 2.6 0.5
v 1.3 2.8 0.5
v 1.4 2.5 0.5
v 1.4 2.6 0.5
v 1.6 2.5 0.5
v 1.6 2.6 0.5
v 1.7 2.4 0.5
v 1.7 2.8 0.5
v 1.9 4.1 0.5
v 1.9 4.3 0.5
v 2 4.1 0.5
v 2 4.3 0.5
v 1.9 3 0.3
v 1.9 4 0.3
v 2 3 0.3
v 2 4 0.3
v 1.9 3 -0.1
v 1.9 4 -0.1
v 2 3 -0.1
v 2 4 -0.1
v -1.1 2.4 -0.4
v -1.1 2.8 -0.4
v -1 2.5 -0.4
v -1 2.6 -0.4
v -0.8 2.5 -0.4
v -0.8 2.6 -0.4
v -0.7 2.5 -0.4
v -0.7 2.6 -0.4
v -0.7 2.8 -0.4
v -0.5 2.5 -0.4
v -0.5 2.6 -0.4
v -0.5 2.8 -0.4
v -0.4 2.5 -0.4
v -0.4 2.6 -0.4
v -0.2 2.5 -0.4
v -0.2 2.6 -0.4
v -0.1 2.5 -0.4
v -0.1 2.6 -0.4
v -0.1 2.8 -0.4
v 0.1 2.5 -0.4
v 0.1 2.6 -0.4
v 0.1 2.8 -0.4
v 0.2 2.5 -0.4
v 0.2 2.6 -0.4
v 0.4 2.5 -0.4
v 0.4 2.6 -0.4
v 0.5 2.5 -0.4
v 0.5 2.6 -0.4
v 0.5 2.8 -0.4
v 0.7 2.5 -0.4
v 0.7 2.6 -0.4
v 0.7 2.8 -0.4
v 0.8 2.5 -0.4
v 0.8 2.6 -0.4
v 1 2.5 -0.4
v 1 2.6 -0.4
v 1.1 2.5 -0.4
v 1.1 2.6 -0.4
v 1.1 2.8 -0.4
v 1.3 2.5 -0.4
v 1.3 2.6 -0.4
v 1.3 2.8 -0.4
v 1.4 2.5 -0.4
v 1.4 2.6 -0.4
v 1.6 2.5 -0.4
v 1.6 2.6 -0.4
v 1.7 2.4 -0.4
v 1.7 2.8 -0.4
v 1.8 3 -0.5
v 1.8 4 -0.5
v 1.8 4.1 -0.5
v 1.8 4.3 -0.5
v 2 3 -0.5
v 2 4 -0.5
v 2 4.1 -0.5
v 2 4.3 -0.5
v 1.9 3 -1
v 1.9 4 -1
v 2 3 -1
v 2 4 -1
v -1.1 2.4 -1.3
v -1.1 2.8 -1.3
v -1 2.5 -1.3
v -1 2.6 -1.3
v -0.8 2.5 -1.3
v -0.8 2.6 -1.3
v -0.7 2.5 -1.3
v -0.7 2.6 -1.3
v -0.7 2.8 -1.3
v -0.5 2.5 -1.3
v -0.5 2.6 -1.3
v -0.5 2.8 -1.3
v -0.4 2.5 -1.3
v -0.4 2.6 -1.3
v -0.2 2.5 -1.3
v -0.2 2.6 -1.3
v -0.1 2.5 -1.3
v -0.1 2.6 -1.3
v -0.1 2.8 -1.3
v 0.1 2.5 -1.3
v 0.1 2.6 -1.3
v 0.1 2.8 -1.3
v 0.2 2.5 -1.3
v 0.2 2.6 -1.3
v 0.4 2.5 -1.3
v 0.4 2.6 -1.3
v 0.5 2.5 -1.3
v 0.5 2.6 -1.3
v 0.5 2.8 -1.3
v 0.7 2.5 -1.3
v 0.7 2.6 -1.3
v 0.7 2.8 -1.3
v 0.8 2.5 -1.3
v 0.8 2.6 -1.3
v 1 2.5 -1.3
v 1 2.6 -1.3
v 1.1 2.5 -1.3
v 1.1 2.6 -1.3
v 1.1 2.8 -1.3
v 1.3 2.5 -1.3
v 1.3 2.6 -1.3
v 1.3 2.8 -1.3
v 1.4 2.5 -1.3
v 1.4 2.6 -1.3
v 1.6 2.5 -1.3
v 1.6 2.6 -1.3
v 1.7 2.4 -1.3
v 1.7 2.8 -1.3
v 1.9 3 -1.4
v 1.9 4 -1.4
v 2 3 -1.4
v 2 4 -1.4
v 1.9 4.1 -1.6
v 1.9 4.3 -1.6
v 2 4.1 -1.6
v 2 4.3 -1.6
v 1.9 3 -1.8
v 1.9 4 -1.8
v 2 3 -1.8
v 2 4 -1.8
v 1.9 4.1 -2.1
v 1.9 4.3 -2.1
v 2 4.1 -2.1
v 2 4.3 -2.1
v -1.1 2.4 -2.2
v -1.1 2.8 -2.2
v -1 2.5 -2.2
v -1 2.6 -2.2
v -0.8 2.5 -2.2
v -0.8 2.6 -2.2
v -0.7 2.5 -2.2
v -0.7 2.6 -2.2
v -0.7 2.8 -2.2
v -0.5 2.5 -2.2
v -0.5 2.6 -2.2
v -0.5 2.8 -2.2
v -0.4 2.5 -2.2
v -0.4 2.6 -2.2
v -0.2 2.5 -2.2
v -0.2 2.6 -2.2
v -0.1 2.5 -2.2
v -0.1 2.6 -2.2
v -0.1 2.8 -2.2
v 0.1 2.5 -2.2
v 0.1 2.6 -2.2
v 0.1 2.8 -2.2
v 0.2 2.5 -2.2
v 0.2 2.6 -2.2
v 0.4 2.5 -2.2
v 0.4 2.6 -2.2
v 0.5 2.5 -2.2
v 0.5 2.6 -2.2
v 0.5 2.8 -2.2
v 0.7 2.5 -2.2
v 0.7 2.6 -2.2
v 0.7 2.8 -2.2
v 0.8 2.5 -2.2
v 0.8 2.6 -2.2
v 1 2.5 -2.2
v 1 2.6 -2.2
v 1.1 2.5 -2.2
v 1.1 2.6 -2.2
v 1.1 2.8 -2.2
v 1.3 2.5 -2.2
v 1.3 2.6 -2.2
v 1.3 2.8 -2.2
v 1.4 2.5 -2.2
v 1.4 2.6 -2.2
v 1.6 2.5 -2.2
v 1.6 2.6 -2.2
v 1.7 2.4 -2.2
v 1.7 2.8 -2.2
v 1.9 3 -2.3
v 1.9 4 -2.3
v 2 3 -2.3
v 2 4 -2.3
v 1.9 3 -2.7
v 1.9 4 -2.7
v 2 3 -2.7
v 2 4 -2.7
v -1.1 2.8 -3
v -1.1 3 -3
v -1.1 4.3 -3
v -1.1 4.5 -3
v -0.7 2.6 -3
v -0.7 2.8 -3
v -0.5 2.6 -3
v -0.5 2.8 -3
v -0.1 2.6 -3
v -0.1 2.8 -3
v 0.1 2.6 -3
v 0.1 2.8 -3
v 0.5 2.6 -3
v 0.5 2.8 -3
v 0.7 2.6 -3
v 0.7 2.8 -3
v 1.1 2.6 -3
v 1.1 2.8 -3
v 1.3 2.6 -3
v 1.3 2.8 -3
v 1.7 2.8 -3
v 1.7 3 -3
v 1.7 4.3 -3
v 1.7 4.5 -3
v -1.1 4.5 -3.1
v -1.1 4.6 -3.1
v -1 3 -3.1
v -1 4.3 -3.1
v -0.8 3 -3.1
v -0.8 4 -3.1
v -0.8 4.1 -3.1
v -0.8 4.3 -3.1
v 1.8 3 -3.1
v 1.8 4 -3.1
v 1.8 4.1 -3.1
v 1.8 4.3 -3.1
v 1.8 4.5 -3.1
v 1.8 4.6 -3.1
v 2 3 -3.1
v 2 4 -3.1
v 2 4.1 -3.1
v 2 4.3 -3.1
v -0.5 3 -3.2
v -0.5 4 -3.2
v -0.4 3 -3.2
v -0.4 4 -3.2
v -0.1 3 -3.2
v -0.1 4 -3.2
v 0 3 -3.2
v 0 4 -3.2
v 0.1 4.1 -3.2
v 0.1 4.3 -3.2
v 0.2 4.1 -3.2
v 0.2 4.3 -3.2
v 0.3 3 -3.2
v 0.3 4 -3.2
v 0.4 3 -3.2
v 0.4 4 -3.2
v 0.6 3 -3.2
v 0.6 4 -3.2
v 0.7 3 -3.2
v 0.7 4 -3.2
v 0.8 4.1 -3.2
v 0.8 4.3 -3.2
v 0.9 4.1 -3.2
v 0.9 4.3 -3.2
v 1 3 -3.2
v 1 4 -3.2
v 1.1 3 -3.2
v 1.1 4 -3.2
v 1.4 3 -3.2
v 1.4 4 -3.2
v 1.5 3 -3.2
v 1.5 4 -3.2
v 1.8 0.4 5.5
v 1.8 2 5.5
v 2 0.4 5.5
v 2 2 5.5
v -1.1 0 5.4
v -1.1 0.4 5.4
v -1 0.4 5.4
v -0.4 0.3 5.4
v -0.4 0.4 5.4
v -0.3 0.3 5.4
v -0.3 0.4 5.4
v 0.4 0.3 5.4
v 0.4 0.4 5.4
v 0.6 0.3 5.4
v 0.6 0.4 5.4
v 1.2 0.3 5.4
v 1.2 0.4 5.4
v 1.3 0.3 5.4
v 1.3 0.4 5.4
v 2 0.3 5.4
v 2 0.4 5.4
v 2.1 0 5.4
v 2.1 0.3 5.4
v 2.1 0.4 5.4
v 1.7 2 5.3
v 1.7 2.1 5.3
v 2.1 2 5.3
v 2.1 2.1 5.3
v 1.7 2.1 5.2
v 1.7 2.2 5.2
v 2.1 2.1 5.2
v 2.1 2.2 5.2
v 1.7 2.2 5.1
v 1.7 2.3 5.1
v 2.1 2.2 5.1
v 2.1 2.3 5.1
v 1.7 2.3 5
v 1.7 2.4 5
v 2.1 2.3 5
v 2.1 2.4 5
v -1.1 0.4 4.8
v -1.1 0.8 4.8
v -1 0.8 4.8
v -0.4 0.7 4.8
v -0.4 0.8 4.8
v -0.3 0.7 4.8
v -0.3 0.8 4.8
v 0.4 0.7 4.8
v 0.4 0.8 4.8
v 0.6 0.7 4.8
v 0.6 0.8 4.8
v 1.2 0.7 4.8
v 1.2 0.8 4.8
v 1.3 0.7 4.8
v 1.3 0.8 4.8
v 1.7 2.4 4.8
v 1.7 2.5 4.8
v 2 0.7 4.8
v 2 0.8 4.8
v 2.1 0.4 4.8
v 2.1 0.7 4.8
v 2.1 0.8 4.8
v 2.1 2.4 4.8
v 2.1 2.5 4.8
v 1.7 2.5 4.7
v 1.7 2.6 4.7
v 2.1 2.5 4.7
v 2.1 2.6 4.7
v 1.7 2.6 4.6
v 1.7 2.7 4.6
v 2.1 2.6 4.6
v 2.1 2.7 4.6
v 1.7 2.7 4.3
v 1.7 2.8 4.3
v 1.8 1.2 4.3
v 1.8 2.7 4.3
v 2 1.2 4.3
v 2 2.7 4.3
v 2.1 2.7 4.3
v 2.1 2.8 4.3
v -1.1 0.8 4.2
v -1.1 1.2 4.2
v -1 1.2 4.2
v -0.4 1.1 4.2
v -0.4 1.2 4.2
v -0.3 1.1 4.2
v -0.3 1.2 4.2
v 0.4 1.1 4.2
v 0.4 1.2 4.2
v 0.6 1.1 4.2
v 0.6 1.2 4.2
v 1.2 1.1 4.2
v 1.2 1.2 4.2
v 1.3 1.1 4.2
v 1.3 1.2 4.2
v 2 1.1 4.2
v 2 1.2 4.2
v 2.1 0.8 4.2
v 2.1 1.1 4.2
v 2.1 1.2 4.2
v 1.7 2.8 4.1
v 1.7 2.9 4.1
v 2.1 2.8 4.1
v 2.1 2.9 4.1
v 1.7 2.9 4
v 1.7 3 4
v 2.1 2.9 4
v 2.1 3 4
v 1.7 3 3.9
v 1.7 3.1 3.9
v 2.1 3 3.9
v 2.1 3.1 3.9
v 1.7 3.1 3.8
v 1.7 3.2 3.8
v 2.1 3.1 3.8
v 2.1 3.2 3.8
v -1.1 1.2 3.6
v -1.1 1.6 3.6
v -1 1.6 3.6
v -0.4 1.5 3.6
v -0.4 1.6 3.6
v -0.3 1.5 3.6
v -0.3 1.6 3.6
v 0.4 1.5 3.6
v 0.4 1.6 3.6
v 0.6 1.5 3.6
v 0.6 1.6 3.6
v 1.2 1.5 3.6
v 1.2 1.6 3.6
v 1.3 1.5 3.6
v 1.3 1.6 3.6
v 1.7 3.2 3.6
v 1.7 3.3 3.6
v 2 1.5 3.6
v 2 1.6 3.6
v 2.1 1.2 3.6
v 2.1 1.5 3.6
v 2.1 1.6 3.6
v 2.1 3.2 3.6
v 2.1 3.3 3.6
v 1.7 3.3 3.5
v 1.7 3.4 3.5
v 2.1 3.3 3.5
v 2.1 3.4 3.5
v 1.7 3.4 3.4
v 1.7 3.5 3.4
v 2.1 3.4 3.4
v 2.1 3.5 3.4
v 1.7 3.5 3.1
v 1.7 3.6 3.1
v 1.8 2 3.1
v 1.8 3.5 3.1
v 2 2 3.1
v 2 3.5 3.1
v 2.1 3.5 3.1
v 2.1 3.6 3.1
v -1.1 1.6 3
v -1.1 2 3
v -1 2 3
v -0.4 1.9 3
v -0.4 2 3
v -0.3 1.9 3
v -0.3 2 3
v 0.4 1.9 3
v 0.4 2 3
v 0.6 1.9 3
v 0.6 2 3
v 1.2 1.9 3
v 1.2 2 3
v 1.3 1.9 3
v 1.3 2 3
v 2 1.9 3
v 2 2 3
v 2.1 1.6 3
v 2.1 1.9 3
v 2.1 2 3
v 1.7 3.6 2.9
v 1.7 3.7 2.9
v 2.1 3.6 2.9
v 2.1 3.7 2.9
v 1.7 3.7 2.8
v 1.7 3.8 2.8
v 2.1 3.7 2.8
v 2.1 3.8 2.8
v 1.7 3.8 2.7
v 1.7 3.9 2.7
v 2.1 3.8 2.7
v 2.1 3.9 2.7
v 1.7 3.9 2.6
v 1.7 4 2.6
v 2.1 3.9 2.6
v 2.1 4 2.6
v 1.7 4 2.4
v 1.7 4.1 2.4
v 2.1 4 2.4
v 2.1 4.1 2.4
v 1.7 4.1 2.3
v 1.7 4.2 2.3
v 2.1 4.1 2.3
v 2.1 4.2 2.3
v -0.7 2.6 2.2
v -0.7 2.7 2.2
v -0.7 2.8 2.2
v -0.5 2.6 2.2
v -0.5 2.7 2.2
v -0.5 2.8 2.2
v -0.1 2.6 2.2
v -0.1 2.7 2.2
v -0.1 2.8 2.2
v 0.1 2.6 2.2
v 0.1 2.7 2.2
v 0.1 2.8 2.2
v 0.5 2.6 2.2
v 0.5 2.7 2.2
v 0.5 2.8 2.2
v 0.7 2.6 2.2
v 0.7 2.7 2.2
v 0.7 2.8 2.2
v 1.1 2.6 2.2
v 1.1 2.7 2.2
v 1.1 2.8 2.2
v 1.3 2.6 2.2
v 1.3 2.7 2.2
v 1.3 2.8 2.2
v 1.7 4.2 2.2
v 1.7 4.3 2.2
v 2.1 4.2 2.2
v 2.1 4.3 2.2
v -1.1 2 2.1
v -1.1 2.3 2.1
v 2.1 2 2.1
v 2.1 2.3 2.1
v 1.8 3 1.9
v 1.8 4 1.9
v 1.8 4.1 1.9
v 1.8 4.3 1.9
v 2 3 1.9
v 2 4 1.9
v 2 4.1 1.9
v 2 4.3 1.9
v -1.1 2.4 1.5
v -1.1 2.8 1.5
v -1 2.5 1.5
v -1 2.6 1.5
v -0.8 2.5 1.5
v -0.8 2.6 1.5
v -0.7 2.5 1.5
v -0.7 2.6 1.5
v -0.7 2.8 1.5
v -0.5 2.5 1.5
v -0.5 2.6 1.5
v -0.5 2.8 1.5
v -0.4 2.5 1.5
v -0.4 2.6 1.5
v -0.2 2.5 1.5
v -0.2 2.6 1.5
v -0.1 2.5 1.5
v -0.1 2.6 1.5
v -0.1 2.8 1.5
v 0.1 2.5 1.5
v 0.1 2.6 1.5
v 0.1 2.8 1.5
v 0.2 2.5 1.5
v 0.2 2.6 1.5
v 0.4 2.5 1.5
v 0.4 2.6 1.5
v 0.5 2.5 1.5
v 0.5 2.6 1.5
v 0.5 2.8 1.5
v 0.7 2.5 1.5
v 0.7 2.6 1.5
v 0.7 2.8 1.5
v 0.8 2.5 1.5
v 0.8 2.6 1.5
v 1 2.5 1.5
v 1 2.6 1.5
v 1.1 2.5 1.5
v 1.1 2.6 1.5
v 1.1 2.8 1.5
v 1.3 2.5 1.5
v 1.3 2.6 1.5
v 1.3 2.8 1.5
v 1.4 2.5 1.5
v 1.4 2.6 1.5
v 1.6 2.5 1.5
v 1.6 2.6 1.5
v 1.7 2.4 1.5
v 1.7 2.8 1.5
v 1.9 3 1.5
v 1.9 4 1.5
v 2 3 1.5
v 2 4 1.5
v 1.9 3 1.1
v 1.9 4 1.1
v 2 3 1.1
v 2 4 1.1
v 1.9 4.1 0.9
v 1.9 4.3 0.9
v 2 4.1 0.9
v 2 4.3 0.9
v -1.1 2.4 0.6
v -1.1 2.8 0.6
v -1 2.5 0.6
v -1 2.6 0.6
v -0.8 2.5 0.6
v -0.8 2.6 0.6
v -0.7 2.5 0.6
v -0.7 2.6 0.6
v -0.7 2.8 0.6
v -0.5 2.5 0.6
v -0.5 2.6 0.6
v -0.5 2.8 0.6
v -0.4 2.5 0.6
v -0.4 2.6 0.6
v -0.2 2.5 0.6
v -0.2 2.6 0.6
v -0.1 2.5 0.6
v -0.1 2.6 0.6
v -0.1 2.8 0.6
v 0.1 2.5 0.6
v 0.1 2.6 0.6
v 0.1 2.8 0.6
v 0.2 2.5 0.6
v 0.2 2.6 0.6
v 0.4 2.5 0.6
v 0.4 2.6 0.6
v 0.5 2.5 0.6
v 0.5 2.6 0.6
v 0.5 2.8 0.6
v 0.7 2.5 0.6
v 0.7 2.6 0.6
v 0.7 2.8 0.6
v 0.8 2.5 0.6
v 0.8 2.6 0.6
v 1 2.5 0.6
v 1 2.6 0.6
v 1.1 2.5 0.6
v 1.1 2.6 0.6
v 1.1 2.8 0.6
v 1.3 2.5 0.6
v 1.3 2.6 0.6
v 1.3 2.8 0.6
v 1.4 2.5 0.6
v 1.4 2.6 0.6
v 1.6 2.5 0.6
v 1.6 2.6 0.6
v 1.7 2.4 0.6
v 1.7 2.8 0.6
v 1.9 3 0.6
v 1.9 4 0.6
v 2 3 0.6
v 2 4 0.6
v 1.9 4.1 0.4
v 1.9 4.3 0.4
v 2 4.1 0.4
v 2 4.3 0.4
v 1.9 3 0.2
v 1.9 4 0.2
v 2 3 0.2
v 2 4 0.2
v 1.9 3 -0.2
v 1.9 4 -0.2
v 2 3 -0.2
v 2 4 -0.2
v -1.1 2.4 -0.3
v -1.1 2.8 -0.3
v -1 2.5 -0.3
v -1 2.6 -0.3
v -0.8 2.5 -0.3
v -0.8 2.6 -0.3
v -0.7 2.5 -0.3
v -0.7 2.6 -0.3
v -0.7 2.8 -0.3
v -0.5 2.5 -0.3
v -0.5 2.6 -0.3
v -0.5 2.8 -0.3
v -0.4 2.5 -0.3
v -0.4 2.6 -0.3
v -0.2 2.5 -0.3
v -0.2 2.6 -0.3
v -0.1 2.5 -0.3
v -0.1 2.6 -0.3
v -0.1 2.8 -0.3
v 0.1 2.5 -0.3
v 0.1 2.6 -0.3
v 0.1 2.8 -0.3
v 0.2 2.5 -0.3
v 0.2 2.6 -0.3
v 0.4 2.5 -0.3
v 0.4 2.6 -0.3
v 0.5 2.5 -0.3
v 0.5 2.6 -0.3
v 0.5 2.8 -0.3
v 0.7 2.5 -0.3
v 0.7 2.6 -0.3
v 0.7 2.8 -0.3
v 0.8 2.5 -0.3
v 0.8 2.6 -0.3
v 1 2.5 -0.3
v 1 2.6 -0.3
v 1.1 2.5 -0.3
v 1.1 2.6 -0.3
v 1.1 2.8 -0.3
v 1.3 2.5 -0.3
v 1.3 2.6 -0.3
v 1.3 2.8 -0.3
v 1.4 2.5 -0.3
v 1.4 2.6 -0.3
v 1.6 2.5 -0.3
v 1.6 2.6 -0.3
v 1.7 2.4 -0.3
v 1.7 2.8 -0.3
v 1.8 3 -0.7
v 1.8 4 -0.7
v 1.8 4.1 -0.7
v 1.8 4.3 -0.7
v 2 3 -0.7
v 2 4 -0.7
v 2 4.1 -0.7
v 2 4.3 -0.7
v 1.9 3 -1.1
v 1.9 4 -1.1
v 2 3 -1.1
v 2 4 -1.1
v -1.1 2.4 -1.2
v -1.1 2.8 -1.2
v -1 2.5 -1.2
v -1 2.6 -1.2
v -0.8 2.5 -1.2
v -0.8 2.6 -1.2
v -0.7 2.5 -1.2
v -0.7 2.6 -1.2
v -0.7 2.8 -1.2
v -0.5 2.5 -1.2
v -0.5 2.6 -1.2
v -0.5 2.8 -1.2
v -0.4 2.5 -1.2
v -0.4 2.6 -1.2
v -0.2 2.5 -1.2
v -0.2 2.6 -1.2
v -0.1 2.5 -1.2
v -0.1 2.6 -1.2
v -0.1 2.8 -1.2
v 0.1 2.5 -1.2
v 0.1 2.6 -1.2
v 0.1 2.8 -1.2
v 0.2 2.5 -1.2
v 0.2 2.6 -1.2
v 0.4 2.5 -1.2
v 0.4 2.6 -1.2
v 0.5 2.5 -1.2
v 0.5 2.6 -1.2
v 0.5 2.8 -1.2
v 0.7 2.5 -1.2
v 0.7 2.6 -1.2
v 0.7 2.8 -1.2
v 0.8 2.5 -1.2
v 0.8 2.6 -1.2
v 1 2.5 -1.2
v 1 2.6 -1.2
v 1.1 2.5 -1.2
v 1.1 2.6 -1.2
v 1.1 2.8 -1.2
v 1.3 2.5 -1.2
v 1.3 2.6 -1.2
v 1.3 2.8 -1.2
v 1.4 2.5 -1.2
v 1.4 2.6 -1.2
v 1.6 2.5 -1.2
v 1.6 2.6 -1.2
v 1.7 2.4 -1.2
v 1.7 2.8 -1.2
v 1.9 3 -1.5
v 1.9 4 -1.5
v 2 3 -1.5
v 2 4 -1.5
v 1.9 4.1 -1.7
v 1.9 4.3 -1.7
v 2 4.1 -1.7
v 2 4.3 -1.7
v 1.9 3 -2
v 1.9 4 -2
v 2 3 -2
v 2 4 -2
v -1.1 2.4 -2.1
v -1.1 2.8 -2.1
v -1 2.5 -2.1
v -1 2.6 -2.1
v -0.8 2.5 -2.1
v -0.8 2.6 -2.1
v -0.7 2.5 -2.1
v -0.7 2.6 -2.1
v -0.7 2.8 -2.1
v -0.5 2.5 -2.1
v -0.5 2.6 -2.1
v -0.5 2.8 -2.1
v -0.4 2.5 -2.1
v -0.4 2.6 -2.1
v -0.2 2.5 -2.1
v -0.2 2.6 -2.1
v -0.1 2.5 -2.1
v -0.1 2.6 -2.1
v -0.1 2.8 -2.1
v 0.1 2.5 -2.1
v 0.1 2.6 -2.1
v 0.1 2.8 -2.1
v 0.2 2.5 -2.1
v 0.2 2.6 -2.1
v 0.4 2.5 -2.1
v 0.4 2.6 -2.1
v 0.5 2.5 -2.1
v 0.5 2.6 -2.1
v 0.5 2.8 -2.1
v 0.7 2.5 -2.1
v 0.7 2.6 -2.1
v 0.7 2.8 -2.1
v 0.8 2.5 -2.1
v 0.8 2.6 -2.1
v 1 2.5 -2.1
v 1 2.6 -2.1
v 1.1 2.5 -2.1
v 1.1 2.6 -2.1
v 1.1 2.8 -2.1
v 1.3 2.5 -2.1
v 1.3 2.6 -2.1
v 1.3 2.8 -2.1
v 1.4 2.5 -2.1
v 1.4 2.6 -2.1
v 1.6 2.5 -2.1
v 1.6 2.6 -2.1
v 1.7 2.4 -2.1
v 1.7 2.8 -2.1
v 1.9 4.1 -2.2
v 1.9 4.3 -2.2
v 2 4.1 -2.2
v 2 4.3 -2.2
v 1.9 3 -2.4
v 1.9 4 -2.4
v 2 3 -2.4
v 2 4 -2.4
v 1.9 3 -2.8
v 1.9 4 -2.8
v 2 3 -2.8
v 2 4 -2.8
v -1.1 4.5 -3.3
v -1.1 4.6 -3.3
v -1 3 -3.3
v -1 4.3 -3.3
v -0.8 3 -3.3
v -0.8 4 -3.3
v -0.8 4.1 -3.3
v -0.8 4.3 -3.3
v -0.5 3 -3.3
v -0.5 4 -3.3
v -0.4 3 -3.3
v -0.4 4 -3.3
v -0.1 3 -3.3
v -0.1 4 -3.3
v 0 3 -3.3
v 0 4 -3.3
v 0.1 4.1 -3.3
v 0.1 4.3 -3.3
v 0.2 4.1 -3.3
v 0.2 4.3 -3.3
v 0.3 3 -3.3
v 0.3 4 -3.3
v 0.4 3 -3.3
v 0.4 4 -3.3
v 0.6 3 -3.3
v 0.6 4 -3.3
v 0.7 3 -3.3
v 0.7 4 -3.3
v 0.8 4.1 -3.3
v 0.8 4.3 -3.3
v 0.9 4.1 -3.3
v 0.9 4.3 -3.3
v 1 3 -3.3
v 1 4 -3.3
v 1.1 3 -3.3
v 1.1 4 -3.3
v 1.4 3 -3.3
v 1.4 4 -3.3
v 1.5 3 -3.3
v 1.5 4 -3.3
v 1.8 3 -3.3
v 1.8 4 -3.3
v 1.8 4.1 -3.3
v 1.8 4.3 -3.3
v 1.8 4.5 -3.3
v 1.8 4.6 -3.3
v 2 3 -3.3
v 2 4.3 -3.3
v -1.1 2.3 -3.4
v -1.1 2.7 -3.4
v -1.1 3 -3.4
v -1.1 4.3 -3.4
v -1.1 4.5 -3.4
v 1.8 4.5 -3.4
v 1.8 4.6 -3.4
v 2 4.5 -3.4
v 2 4.6 -3.4
v 2.1 2.3 -3.4
v 2.1 2.7 -3.4
v 2.1 3 -3.4
v 2.1 4.3 -3.4
v 2.1 4.5 -3.4
v -1.1 0 6
v -1 0 6
v -0.4 0 6
v -0.3 0 6
v 0.4 0 6
v 0.6 0 6
v 1.2 0 6
v 1.3 0 6
v 2 0 6
v 2.1 0 6
v -1.1 0 5.9
v -1 0 5.9
v -0.4 0 5.9
v -0.3 0 5.9
v 0.4 0 5.9
v 0.6 0 5.9
v 1.2 0 5.9
v 1.3 0 5.9
v 2 0 5.9
v 2.1 0 5.9
v -1.1 0 5.4
v 2.1 0 5.4
v -1.1 0.4 5.4
v -1 0.4 5.4
v -0.4 0.4 5.4
v -0.3 0.4 5.4
v 0.4 0.4 5.4
v 0.6 0.4 5.4
v 1.2 0.4 5.4
v 1.3 0.4 5.4
v 2 0.4 5.4
v 2.1 0.4 5.4
v -1.1 0.4 5.3
v -1 0.4 5.3
v -0.4 0.4 5.3
v -0.3 0.4 5.3
v 0.4 0.4 5.3
v 0.6 0.4 5.3
v 1.2 0.4 5.3
v 1.3 0.4 5.3
v 2 0.4 5.3
v 2.1 0.4 5.3
v -1.1 0.4 4.8
v 2.1 0.4 4.8
v -1.1 0.8 4.8
v -1 0.8 4.8
v -0.4 0.8 4.8
v -0.3 0.8 4.8
v 0.4 0.8 4.8
v 0.6 0.8 4.8
v 1.2 0.8 4.8
v 1.3 0.8 4.8
v 2 0.8 4.8
v 2.1 0.8 4.8
v -1.1 0.8 4.7
v -1 0.8 4.7
v -0.4 0.8 4.7
v -0.3 0.8 4.7
v 0.4 0.8 4.7
v 0.6 0.8 4.7
v 1.2 0.8 4.7
v 1.3 0.8 4.7
v 2 0.8 4.7
v 2.1 0.8 4.7
v -1.1 0.8 4.2
v 2.1 0.8 4.2
v -1.1 1.2 4.2
v -1 1.2 4.2
v -0.4 1.2 4.2
v -0.3 1.2 4.2
v 0.4 1.2 4.2
v 0.6 1.2 4.2
v 1.2 1.2 4.2
v 1.3 1.2 4.2
v 2 1.2 4.2
v 2.1 1.2 4.2
v -1.1 1.2 4.1
v -1 1.2 4.1
v -0.4 1.2 4.1
v -0.3 1.2 4.1
v 0.4 1.2 4.1
v 0.6 1.2 4.1
v 1.2 1.2 4.1
v 1.3 1.2 4.1
v 2 1.2 4.1
v 2.1 1.2 4.1
v -1.1 1.2 3.6
v 2.1 1.2 3.6
v -1.1 1.6 3.6
v -1 1.6 3.6
v -0.4 1.6 3.6
v -0.3 1.6 3.6
v 0.4 1.6 3.6
v 0.6 1.6 3.6
v 1.2 1.6 3.6
v 1.3 1.6 3.6
v 2 1.6 3.6
v 2.1 1.6 3.6
v -1.1 1.6 3.5
v -1 1.6 3.5
v -0.4 1.6 3.5
v -0.3 1.6 3.5
v 0.4 1.6 3.5
v 0.6 1.6 3.5
v 1.2 1.6 3.5
v 1.3 1.6 3.5
v 2 1.6 3.5
v 2.1 1.6 3.5
v -1.1 1.6 3
v 2.1 1.6 3
v 1.7 2 5.8
v 2.1 2 5.8
v 1.8 2 5.7
v 2 2 5.7
v 1.8 2 5.5
v 2 2 5.5
v 1.7 2 5.3
v 2.1 2 5.3
v -1.1 2 3
v -1 2 3
v -0.4 2 3
v -0.3 2 3
v 0.4 2 3
v 0.6 2 3
v 1.2 2 3
v 1.3 2 3
v 2 2 3
v 2.1 2 3
v -1.1 2 2.9
v -1 2 2.9
v -0.4 2 2.9
v -0.3 2 2.9
v 0.4 2 2.9
v 0.6 2 2.9
v 1.2 2 2.9
v 1.3 2 2.9
v 2 2 2.9
v 2.1 2 2.9
v -1.1 2 2.1
v 2.1 2 2.1
v 1.7 2.1 5.3
v 2.1 2.1 5.3
v 1.7 2.1 5.2
v 2.1 2.1 5.2
v 1.7 2.2 5.2
v 2.1 2.2 5.2
v 1.7 2.2 5.1
v 2.1 2.2 5.1
v 1.7 2.3 5.1
v 2.1 2.3 5.1
v 1.7 2.3 5
v 2.1 2.3 5
v -1.1 2.3 2.1
v 2.1 2.3 2.1
v -1.1 2.3 -3.4
v 2.1 2.3 -3.4
v 1.7 2.4 5
v 2.1 2.4 5
v 1.7 2.4 4.8
v 2.1 2.4 4.8
v 1.7 2.5 4.8
v 2.1 2.5 4.8
v 1.7 2.5 4.7
v 2.1 2.5 4.7
v -1 2.5 1.5
v -0.8 2.5 1.5
v -0.7 2.5 1.5
v -0.5 2.5 1.5
v -0.4 2.5 1.5
v -0.2 2.5 1.5
v -0.1 2.5 1.5
v 0.1 2.5 1.5
v 0.2 2.5 1.5
v 0.4 2.5 1.5
v 0.5 2.5 1.5
v 0.7 2.5 1.5
v 0.8 2.5 1.5
v 1 2.5 1.5
v 1.1 2.5 1.5
v 1.3 2.5 1.5
v 1.4 2.5 1.5
v 1.6 2.5 1.5
v -1 2.5 1.4
v -0.8 2.5 1.4
v -0.7 2.5 1.4
v -0.5 2.5 1.4
v -0.4 2.5 1.4
v -0.2 2.5 1.4
v -0.1 2.5 1.4
v 0.1 2.5 1.4
v 0.2 2.5 1.4
v 0.4 2.5 1.4
v 0.5 2.5 1.4
v 0.7 2.5 1.4
v 0.8 2.5 1.4
v 1 2.5 1.4
v 1.1 2.5 1.4
v 1.3 2.5 1.4
v 1.4 2.5 1.4
v 1.6 2.5 1.4
v -1 2.5 0.6
v -0.8 2.5 0.6
v -0.7 2.5 0.6
v -0.5 2.5 0.6
v -0.4 2.5 0.6
v -0.2 2.5 0.6
v -0.1 2.5 0.6
v 0.1 2.5 0.6
v 0.2 2.5 0.6
v 0.4 2.5 0.6
v 0.5 2.5 0.6
v 0.7 2.5 0.6
v 0.8 2.5 0.6
v 1 2.5 0.6
v 1.1 2.5 0.6
v 1.3 2.5 0.6
v 1.4 2.5 0.6
v 1.6 2.5 0.6
v -1 2.5 0.5
v -0.8 2.5 0.5
v -0.7 2.5 0.5
v -0.5 2.5 0.5
v -0.4 2.5 0.5
v -0.2 2.5 0.5
v -0.1 2.5 0.5
v 0.1 2.5 0.5
v 0.2 2.5 0.5
v 0.4 2.5 0.5
v 0.5 2.5 0.5
v 0.7 2.5 0.5
v 0.8 2.5 0.5
v 1 2.5 0.5
v 1.1 2.5 0.5
v 1.3 2.5 0.5
v 1.4 2.5 0.5
v 1.6 2.5 0.5
v -1 2.5 -0.3
v -0.8 2.5 -0.3
v -0.7 2.5 -0.3
v -0.5 2.5 -0.3
v -0.4 2.5 -0.3
v -0.2 2.5 -0.3
v -0.1 2.5 -0.3
v 0.1 2.5 -0.3
v 0.2 2.5 -0.3
v 0.4 2.5 -0.3
v 0.5 2.5 -0.3
v 0.7 2.5 -0.3
v 0.8 2.5 -0.3
v 1 2.5 -0.3
v 1.1 2.5 -0.3
v 1.3 2.5 -0.3
v 1.4 2.5 -0.3
v 1.6 2.5 -0.3
v -1 2.5 -0.4
v -0.8 2.5 -0.4
v -0.7 2.5 -0.4
v -0.5 2.5 -0.4
v -0.4 2.5 -0.4
v -0.2 2.5 -0.4
v -0.1 2.5 -0.4
v 0.1 2.5 -0.4
v 0.2 2.5 -0.4
v 0.4 2.5 -0.4
v 0.5 2.5 -0.4
v 0.7 2.5 -0.4
v 0.8 2.5 -0.4
v 1 2.5 -0.4
v 1.1 2.5 -0.4
v 1.3 2.5 -0.4
v 1.4 2.5 -0.4
v 1.6 2.5 -0.4
v -1 2.5 -1.2
v -0.8 2.5 -1.2
v -0.7 2.5 -1.2
v -0.5 2.5 -1.2
v -0.4 2.5 -1.2
v -0.2 2.5 -1.2
v -0.1 2.5 -1.2
v 0.1 2.5 -1.2
v 0.2 2.5 -1.2
v 0.4 2.5 -1.2
v 0.5 2.5 -1.2
v 0.7 2.5 -1.2
v 0.8 2.5 -1.2
v 1 2.5 -1.2
v 1.1 2.5 -1.2
v 1.3 2.5 -1.2
v 1.4 2.5 -1.2
v 1.6 2.5 -1.2
v -1 2.5 -1.3
v -0.8 2.5 -1.3
v -0.7 2.5 -1.3
v -0.5 2.5 -1.3
v -0.4 2.5 -1.3
v -0.2 2.5 -1.3
v -0.1 2.5 -1.3
v 0.1 2.5 -1.3
v 0.2 2.5 -1.3
v 0.4 2.5 -1.3
v 0.5 2.5 -1.3
v 0.7 2.5 -1.3
v 0.8 2.5 -1.3
v 1 2.5 -1.3
v 1.1 2.5 -1.3
v 1.3 2.5 -1.3
v 1.4 2.5 -1.3
v 1.6 2.5 -1.3
v -1 2.5 -2.1
v -0.8 2.5 -2.1
v -0.7 2.5 -2.1
v -0.5 2.5 -2.1
v -0.4 2.5 -2.1
v -0.2 2.5 -2.1
v -0.1 2.5 -2.1
v 0.1 2.5 -2.1
v 0.2 2.5 -2.1
v 0.4 2.5 -2.1
v 0.5 2.5 -2.1
v 0.7 2.5 -2.1
v 0.8 2.5 -2.1
v 1 2.5 -2.1
v 1.1 2.5 -2.1
v 1.3 2.5 -2.1
v 1.4 2.5 -2.1
v 1.6 2.5 -2.1
v -1 2.5 -2.2
v -0.8 2.5 -2.2
v -0.7 2.5 -2.2
v -0.5 2.5 -2.2
v -0.4 2.5 -2.2
v -0.2 2.5 -2.2
v -0.1 2.5 -2.2
v 0.1 2.5 -2.2
v 0.2 2.5 -2.2
v 0.4 2.5 -2.2
v 0.5 2.5 -2.2
v 0.7 2.5 -2.2
v 0.8 2.5 -2.2
v 1 2.5 -2.2
v 1.1 2.5 -2.2
v 1.3 2.5 -2.2
v 1.4 2.5 -2.2
v 1.6 2.5 -2.2
v 1.7 2.6 4.7
v 2.1 2.6 4.7
v 1.7 2.6 4.6
v 2.1 2.6 4.6
v 1.7 2.7 4.6
v 2.1 2.7 4.6
v 1.8 2.7 4.5
v 2 2.7 4.5
v 1.7 2.7 4.3
v 1.8 2.7 4.3
v 2 2.7 4.3
v 2.1 2.7 4.3
v 1.7 2.8 4.3
v 2.1 2.8 4.3
v 1.7 2.8 4.1
v 2.1 2.8 4.1
v 1.7 2.9 4.1
v 2.1 2.9 4.1
v 1.7 2.9 4
v 2.1 2.9 4
v 1.7 3 4
v 2.1 3 4
v 1.7 3 3.9
v 2.1 3 3.9
v 1.7 3.1 3.9
v 2.1 3.1 3.9
v 1.7 3.1 3.8
v 2.1 3.1 3.8
v 1.7 3.2 3.8
v 2.1 3.2 3.8
v 1.7 3.2 3.6
v 2.1 3.2 3.6
v 1.7 3.3 3.6
v 2.1 3.3 3.6
v 1.7 3.3 3.5
v 2.1 3.3 3.5
v 1.7 3.4 3.5
v 2.1 3.4 3.5
v 1.7 3.4 3.4
v 2.1 3.4 3.4
v 1.7 3.5 3.4
v 2.1 3.5 3.4
v 1.8 3.5 3.3
v 2 3.5 3.3
v 1.7 3.5 3.1
v 1.8 3.5 3.1
v 2 3.5 3.1
v 2.1 3.5 3.1
v 1.7 3.6 3.1
v 2.1 3.6 3.1
v 1.7 3.6 2.9
v 2.1 3.6 2.9
v 1.7 3.7 2.9
v 2.1 3.7 2.9
v 1.7 3.7 2.8
v 2.1 3.7 2.8
v 1.7 3.8 2.8
v 2.1 3.8 2.8
v 1.7 3.8 2.7
v 2.1 3.8 2.7
v 1.7 3.9 2.7
v 2.1 3.9 2.7
v 1.7 3.9 2.6
v 2.1 3.9 2.6
v 1.7 4 2.6
v 2.1 4 2.6
v 1.7 4 2.4
v 2.1 4 2.4
v 1.8 4 1.9
v 2 4 1.9
v 1.9 4 1.6
v 2 4 1.6
v 1.9 4 1.5
v 2 4 1.5
v 1.9 4 1.2
v 2 4 1.2
v 1.9 4 1.1
v 2 4 1.1
v 1.9 4 0.8
v 2 4 0.8
v 1.9 4 0.6
v 2 4 0.6
v 1.9 4 0.3
v 2 4 0.3
v 1.9 4 0.2
v 2 4 0.2
v 1.9 4 -0.1
v 2 4 -0.1
v 1.9 4 -0.2
v 2 4 -0.2
v 1.8 4 -0.5
v 2 4 -0.5
v 1.8 4 -0.7
v 2 4 -0.7
v 1.9 4 -1
v 2 4 -1
v 1.9 4 -1.1
v 2 4 -1.1
v 1.9 4 -1.4
v 2 4 -1.4
v 1.9 4 -1.5
v 2 4 -1.5
v 1.9 4 -1.8
v 2 4 -1.8
v 1.9 4 -2
v 2 4 -2
v 1.9 4 -2.3
v 2 4 -2.3
v 1.9 4 -2.4
v 2 4 -2.4
v 1.9 4 -2.7
v 2 4 -2.7
v 1.9 4 -2.8
v 2 4 -2.8
v -0.8 4 -3.1
v 1.8 4 -3.1
v 2 4 -3.1
v -0.5 4 -3.2
v -0.4 4 -3.2
v -0.1 4 -3.2
v 0 4 -3.2
v 0.3 4 -3.2
v 0.4 4 -3.2
v 0.6 4 -3.2
v 0.7 4 -3.2
v 1 4 -3.2
v 1.1 4 -3.2
v 1.4 4 -3.2
v 1.5 4 -3.2
v -0.8 4 -3.3
v -0.5 4 -3.3
v -0.4 4 -3.3
v -0.1 4 -3.3
v 0 4 -3.3
v 0.3 4 -3.3
v 0.4 4 -3.3
v 0.6 4 -3.3
v 0.7 4 -3.3
v 1 4 -3.3
v 1.1 4 -3.3
v 1.4 4 -3.3
v 1.5 4 -3.3
v 1.8 4 -3.3
v 1.7 4.1 2.4
v 2.1 4.1 2.4
v 1.7 4.1 2.3
v 2.1 4.1 2.3
v 1.7 4.2 2.3
v 2.1 4.2 2.3
v 1.7 4.2 2.2
v 2.1 4.2 2.2
v 1.7 4.3 2.2
v 2.1 4.3 2.2
v 1.8 4.3 2.1
v 2 4.3 2.1
v 1.8 4.3 1.9
v 2 4.3 1.9
v 1.9 4.3 1
v 2 4.3 1
v 1.9 4.3 0.9
v 2 4.3 0.9
v 1.9 4.3 0.5
v 2 4.3 0.5
v 1.9 4.3 0.4
v 2 4.3 0.4
v 1.8 4.3 -0.5
v 2 4.3 -0.5
v 1.8 4.3 -0.7
v 2 4.3 -0.7
v 1.9 4.3 -1.6
v 2 4.3 -1.6
v 1.9 4.3 -1.7
v 2 4.3 -1.7
v 1.9 4.3 -2.1
v 2 4.3 -2.1
v 1.9 4.3 -2.2
v 2 4.3 -2.2
v -1.1 4.3 -3
v 1.7 4.3 -3
v -1 4.3 -3.1
v -0.8 4.3 -3.1
v 1.8 4.3 -3.1
v 2 4.3 -3.1
v 0.1 4.3 -3.2
v 0.2 4.3 -3.2
v 0.8 4.3 -3.2
v 0.9 4.3 -3.2
v -1 4.3 -3.3
v -0.8 4.3 -3.3
v 0.1 4.3 -3.3
v 0.2 4.3 -3.3
v 0.8 4.3 -3.3
v 0.9 4.3 -3.3
v 1.8 4.3 -3.3
v 2 4.3 -3.3
v -1.1 4.3 -3.4
v 2.1 4.3 -3.4
v -1.1 0.3 6
v 2.1 0.3 6
v -1.1 0.3 5.9
v 2.1 0.3 5.9
v -1.1 0.4 5.9
v 2.1 0.4 5.9
v -1.1 0.4 5.8
v -0.4 0.4 5.8
v -0.3 0.4 5.8
v 0.4 0.4 5.8
v 0.6 0.4 5.8
v 1.2 0.4 5.8
v 1.3 0.4 5.8
v 2 0.4 5.8
v 2.1 0.4 5.8
v 1.8 0.4 5.7
v 2 0.4 5.7
v 1.8 0.4 5.5
v 2 0.4 5.5
v -1.1 0.4 5.4
v -1 0.4 5.4
v -0.4 0.4 5.4
v -0.3 0.4 5.4
v 0.4 0.4 5.4
v 0.6 0.4 5.4
v 1.2 0.4 5.4
v 1.3 0.4 5.4
v 2 0.4 5.4
v 2.1 0.4 5.4
v -1.1 0.7 5.4
v 2.1 0.7 5.4
v -1.1 0.7 5.3
v 2.1 0.7 5.3
v -1.1 0.8 5.3
v 2.1 0.8 5.3
v -1.1 0.8 5.2
v -0.4 0.8 5.2
v -0.3 0.8 5.2
v 0.4 0.8 5.2
v 0.6 0.8 5.2
v 1.2 0.8 5.2
v 1.3 0.8 5.2
v 2 0.8 5.2
v 2.1 0.8 5.2
v -1.1 0.8 4.8
v -1 0.8 4.8
v -0.4 0.8 4.8
v -0.3 0.8 4.8
v 0.4 0.8 4.8
v 0.6 0.8 4.8
v 1.2 0.8 4.8
v 1.3 0.8 4.8
v 2 0.8 4.8
v 2.1 0.8 4.8
v -1.1 1.1 4.8
v 2.1 1.1 4.8
v -1.1 1.1 4.7
v 2.1 1.1 4.7
v -1.1 1.2 4.7
v 2.1 1.2 4.7
v -1.1 1.2 4.6
v -1 1.2 4.6
v -0.4 1.2 4.6
v -0.3 1.2 4.6
v 0.4 1.2 4.6
v 0.6 1.2 4.6
v 1.2 1.2 4.6
v 1.3 1.2 4.6
v 2 1.2 4.6
v 2.1 1.2 4.6
v 1.8 1.2 4.5
v 2 1.2 4.5
v -1.1 1.2 4.3
v -1 1.2 4.3
v 1.8 1.2 4.3
v 2 1.2 4.3
v -1.1 1.2 4.2
v -1 1.2 4.2
v -0.4 1.2 4.2
v -0.3 1.2 4.2
v 0.4 1.2 4.2
v 0.6 1.2 4.2
v 1.2 1.2 4.2
v 1.3 1.2 4.2
v 2 1.2 4.2
v 2.1 1.2 4.2
v -1.1 1.5 4.2
v 2.1 1.5 4.2
v -1.1 1.5 4.1
v 2.1 1.5 4.1
v -1.1 1.6 4.1
v 2.1 1.6 4.1
v -1.1 1.6 4
v -0.4 1.6 4
v -0.3 1.6 4
v 0.4 1.6 4
v 0.6 1.6 4
v 1.2 1.6 4
v 1.3 1.6 4
v 2 1.6 4
v 2.1 1.6 4
v -1.1 1.6 3.6
v -1 1.6 3.6
v -0.4 1.6 3.6
v -0.3 1.6 3.6
v 0.4 1.6 3.6
v 0.6 1.6 3.6
v 1.2 1.6 3.6
v 1.3 1.6 3.6
v 2 1.6 3.6
v 2.1 1.6 3.6
v -1.1 1.9 3.6
v 2.1 1.9 3.6
v -1.1 1.9 3.5
v 2.1 1.9 3.5
v -1.1 2 3.5
v 2.1 2 3.5
v -1.1 2 3.4
v -0.4 2 3.4
v -0.3 2 3.4
v 0.4 2 3.4
v 0.6 2 3.4
v 1.2 2 3.4
v 1.3 2 3.4
v 2 2 3.4
v 2.1 2 3.4
v 1.8 2 3.3
v 2 2 3.3
v 1.8 2 3.1
v 2 2 3.1
v -1.1 2 3
v -1 2 3
v -0.4 2 3
v -0.3 2 3
v 0.4 2 3
v 0.6 2 3
v 1.2 2 3
v 1.3 2 3
v 2 2 3
v 2.1 2 3
v 1.7 2.1 5.8
v 1.8 2.1 5.8
v 2 2.1 5.8
v 2.1 2.1 5.8
v 1.7 2.1 5.4
v 1.8 2.1 5.4
v 2 2.1 5.4
v 2.1 2.1 5.4
v 1.8 2.2 5.8
v 2 2.2 5.8
v 1.7 2.2 5.4
v 1.8 2.2 5.4
v 2 2.2 5.4
v 2.1 2.2 5.4
v 1.7 2.2 5.3
v 1.8 2.2 5.3
v 2 2.2 5.3
v 2.1 2.2 5.3
v 1.8 2.3 5.4
v 2 2.3 5.4
v 1.7 2.3 5.3
v 1.8 2.3 5.3
v 2 2.3 5.3
v 2.1 2.3 5.3
v 1.7 2.3 5.2
v 1.8 2.3 5.2
v 2 2.3 5.2
v 2.1 2.3 5.2
v -1.1 2.3 3
v 2.1 2.3 3
v -1.1 2.3 2.9
v 2.1 2.3 2.9
v 1.8 2.4 5.3
v 2 2.4 5.3
v 1.7 2.4 5.2
v 1.8 2.4 5.2
v 2 2.4 5.2
v 2.1 2.4 5.2
v 1.7 2.4 5.1
v 1.8 2.4 5.1
v 2 2.4 5.1
v 2.1 2.4 5.1
v -1.1 2.4 2.9
v 2.1 2.4 2.9
v -1.1 2.4 2.8
v -0.4 2.4 2.8
v -0.3 2.4 2.8
v 0.4 2.4 2.8
v 0.6 2.4 2.8
v 1.2 2.4 2.8
v 1.3 2.4 2.8
v 2 2.4 2.8
v 2.1 2.4 2.8
v -1.1 2.4 2.4
v -0.4 2.4 2.4
v -0.3 2.4 2.4
v 0.4 2.4 2.4
v 0.6 2.4 2.4
v 1.2 2.4 2.4
v 1.3 2.4 2.4
v 2 2.4 2.4
v 2.1 2.4 2.4
v -1.1 2.4 1.5
v 1.7 2.4 1.5
v -1.1 2.4 1.4
v 1.7 2.4 1.4
v -1.1 2.4 0.6
v 1.7 2.4 0.6
v -1.1 2.4 0.5
v 1.7 2.4 0.5
v -1.1 2.4 -0.3
v 1.7 2.4 -0.3
v -1.1 2.4 -0.4
v 1.7 2.4 -0.4
v -1.1 2.4 -1.2
v 1.7 2.4 -1.2
v -1.1 2.4 -1.3
v 1.7 2.4 -1.3
v -1.1 2.4 -2.1
v 1.7 2.4 -2.1
v -1.1 2.4 -2.2
v 1.7 2.4 -2.2
v 1.8 2.5 5.2
v 2 2.5 5.2
v 1.7 2.5 5.1
v 1.8 2.5 5.1
v 2 2.5 5.1
v 2.1 2.5 5.1
v 1.7 2.5 4.9
v 1.8 2.5 4.9
v 2 2.5 4.9
v 2.1 2.5 4.9
v 1.8 2.6 5.1
v 2 2.6 5.1
v 1.7 2.6 4.9
v 1.8 2.6 4.9
v 2 2.6 4.9
v 2.1 2.6 4.9
v 1.7 2.6 4.8
v 1.8 2.6 4.8
v 2 2.6 4.8
v 2.1 2.6 4.8
v -0.7 2.6 2.2
v -0.5 2.6 2.2
v -0.1 2.6 2.2
v 0.1 2.6 2.2
v 0.5 2.6 2.2
v 0.7 2.6 2.2
v 1.1 2.6 2.2
v 1.3 2.6 2.2
v -1 2.6 1.5
v -0.8 2.6 1.5
v -0.7 2.6 1.5
v -0.5 2.6 1.5
v -0.4 2.6 1.5
v -0.2 2.6 1.5
v -0.1 2.6 1.5
v 0.1 2.6 1.5
v 0.2 2.6 1.5
v 0.4 2.6 1.5
v 0.5 2.6 1.5
v 0.7 2.6 1.5
v 0.8 2.6 1.5
v 1 2.6 1.5
v 1.1 2.6 1.5
v 1.3 2.6 1.5
v 1.4 2.6 1.5
v 1.6 2.6 1.5
v -1 2.6 1.4
v -0.8 2.6 1.4
v -0.7 2.6 1.4
v -0.5 2.6 1.4
v -0.4 2.6 1.4
v -0.2 2.6 1.4
v -0.1 2.6 1.4
v 0.1 2.6 1.4
v 0.2 2.6 1.4
v 0.4 2.6 1.4
v 0.5 2.6 1.4
v 0.7 2.6 1.4
v 0.8 2.6 1.4
v 1 2.6 1.4
v 1.1 2.6 1.4
v 1.3 2.6 1.4
v 1.4 2.6 1.4
v 1.6 2.6 1.4
v -1 2.6 0.6
v -0.8 2.6 0.6
v -0.7 2.6 0.6
v -0.5 2.6 0.6
v -0.4 2.6 0.6
v -0.2 2.6 0.6
v -0.1 2.6 0.6
v 0.1 2.6 0.6
v 0.2 2.6 0.6
v 0.4 2.6 0.6
v 0.5 2.6 0.6
v 0.7 2.6 0.6
v 0.8 2.6 0.6
v 1 2.6 0.6
v 1.1 2.6 0.6
v 1.3 2.6 0.6
v 1.4 2.6 0.6
v 1.6 2.6 0.6
v -1 2.6 0.5
v -0.8 2.6 0.5
v -0.7 2.6 0.5
v -0.5 2.6 0.5
v -0.4 2.6 0.5
v -0.2 2.6 0.5
v -0.1 2.6 0.5
v 0.1 2.6 0.5
v 0.2 2.6 0.5
v 0.4 2.6 0.5
v 0.5 2.6 0.5
v 0.7 2.6 0.5
v 0.8 2.6 0.5
v 1 2.6 0.5
v 1.1 2.6 0.5
v 1.3 2.6 0.5
v 1.4 2.6 0.5
v 1.6 2.6 0.5
v -1 2.6 -0.3
v -0.8 2.6 -0.3
v -0.7 2.6 -0.3
v -0.5 2.6 -0.3
v -0.4 2.6 -0.3
v -0.2 2.6 -0.3
v -0.1 2.6 -0.3
v 0.1 2.6 -0.3
v 0.2 2.6 -0.3
v 0.4 2.6 -0.3
v 0.5 2.6 -0.3
v 0.7 2.6 -0.3
v 0.8 2.6 -0.3
v 1 2.6 -0.3
v 1.1 2.6 -0.3
v 1.3 2.6 -0.3
v 1.4 2.6 -0.3
v 1.6 2.6 -0.3
v -1 2.6 -0.4
v -0.8 2.6 -0.4
v -0.7 2.6 -0.4
v -0.5 2.6 -0.4
v -0.4 2.6 -0.4
v -0.2 2.6 -0.4
v -0.1 2.6 -0.4
v 0.1 2.6 -0.4
v 0.2 2.6 -0.4
v 0.4 2.6 -0.4
v 0.5 2.6 -0.4
v 0.7 2.6 -0.4
v 0.8 2.6 -0.4
v 1 2.6 -0.4
v 1.1 2.6 -0.4
v 1.3 2.6 -0.4
v 1.4 2.6 -0.4
v 1.6 2.6 -0.4
v -1 2.6 -1.2
v -0.8 2.6 -1.2
v -0.7 2.6 -1.2
v -0.5 2.6 -1.2
v -0.4 2.6 -1.2
v -0.2 2.6 -1.2
v -0.1 2.6 -1.2
v 0.1 2.6 -1.2
v 0.2 2.6 -1.2
v 0.4 2.6 -1.2
v 0.5 2.6 -1.2
v 0.7 2.6 -1.2
v 0.8 2.6 -1.2
v 1 2.6 -1.2
v 1.1 2.6 -1.2
v 1.3 2.6 -1.2
v 1.4 2.6 -1.2
v 1.6 2.6 -1.2
v -1 2.6 -1.3
v -0.8 2.6 -1.3
v -0.7 2.6 -1.3
v -0.5 2.6 -1.3
v -0.4 2.6 -1.3
v -0.2 2.6 -1.3
v -0.1 2.6 -1.3
v 0.1 2.6 -1.3
v 0.2 2.6 -1.3
v 0.4 2.6 -1.3
v 0.5 2.6 -1.3
v 0.7 2.6 -1.3
v 0.8 2.6 -1.3
v 1 2.6 -1.3
v 1.1 2.6 -1.3
v 1.3 2.6 -1.3
v 1.4 2.6 -1.3
v 1.6 2.6 -1.3
v -1 2.6 -2.1
v -0.8 2.6 -2.1
v -0.7 2.6 -2.1
v -0.5 2.6 -2.1
v -0.4 2.6 -2.1
v -0.2 2.6 -2.1
v -0.1 2.6 -2.1
v 0.1 2.6 -2.1
v 0.2 2.6 -2.1
v 0.4 2.6 -2.1
v 0.5 2.6 -2.1
v 0.7 2.6 -2.1
v 0.8 2.6 -2.1
v 1 2.6 -2.1
v 1.1 2.6 -2.1
v 1.3 2.6 -2.1
v 1.4 2.6 -2.1
v 1.6 2.6 -2.1
v -1 2.6 -2.2
v -0.8 2.6 -2.2
v -0.7 2.6 -2.2
v -0.5 2.6 -2.2
v -0.4 2.6 -2.2
v -0.2 2.6 -2.2
v -0.1 2.6 -2.2
v 0.1 2.6 -2.2
v 0.2 2.6 -2.2
v 0.4 2.6 -2.2
v 0.5 2.6 -2.2
v 0.7 2.6 -2.2
v 0.8 2.6 -2.2
v 1 2.6 -2.2
v 1.1 2.6 -2.2
v 1.3 2.6 -2.2
v 1.4 2.6 -2.2
v 1.6 2.6 -2.2
v -0.7 2.6 -3
v -0.5 2.6 -3
v -0.1 2.6 -3
v 0.1 2.6 -3
v 0.5 2.6 -3
v 0.7 2.6 -3
v 1.1 2.6 -3
v 1.3 2.6 -3
v 1.8 2.7 4.9
v 2 2.7 4.9
v 1.7 2.7 4.8
v 1.8 2.7 4.8
v 2 2.7 4.8
v 2.1 2.7 4.8
v 1.7 2.7 4.7
v 1.8 2.7 4.7
v 2 2.7 4.7
v 2.1 2.7 4.7
v -1.1 2.7 2.4
v 2.1 2.7 2.4
v -1.1 2.7 2.3
v 2.1 2.7 2.3
v 1.8 2.8 4.8
v 2 2.8 4.8
v 1.7 2.8 4.7
v 1.8 2.8 4.7
v 2 2.8 4.7
v 2.1 2.8 4.7
v 1.7 2.8 4.6
v 1.8 2.8 4.6
v 2 2.8 4.6
v 2.1 2.8 4.6
v -1.1 2.8 2.3
v 2.1 2.8 2.3
v -1.1 2.8 2.2
v -0.7 2.8 2.2
v -0.5 2.8 2.2
v -0.1 2.8 2.2
v 0.1 2.8 2.2
v 0.5 2.8 2.2
v 0.7 2.8 2.2
v 1.1 2.8 2.2
v 1.3 2.8 2.2
v 1.7 2.8 2.2
v 2.1 2.8 2.2
v -1.1 2.8 1.5
v -0.7 2.8 1.5
v -0.5 2.8 1.5
v -0.1 2.8 1.5
v 0.1 2.8 1.5
v 0.5 2.8 1.5
v 0.7 2.8 1.5
v 1.1 2.8 1.5
v 1.3 2.8 1.5
v 1.7 2.8 1.5
v -1.1 2.8 1.4
v -0.7 2.8 1.4
v -0.5 2.8 1.4
v -0.1 2.8 1.4
v 0.1 2.8 1.4
v 0.5 2.8 1.4
v 0.7 2.8 1.4
v 1.1 2.8 1.4
v 1.3 2.8 1.4
v 1.7 2.8 1.4
v -1.1 2.8 0.6
v -0.7 2.8 0.6
v -0.5 2.8 0.6
v -0.1 2.8 0.6
v 0.1 2.8 0.6
v 0.5 2.8 0.6
v 0.7 2.8 0.6
v 1.1 2.8 0.6
v 1.3 2.8 0.6
v 1.7 2.8 0.6
v -1.1 2.8 0.5
v -0.7 2.8 0.5
v -0.5 2.8 0.5
v -0.1 2.8 0.5
v 0.1 2.8 0.5
v 0.5 2.8 0.5
v 0.7 2.8 0.5
v 1.1 2.8 0.5
v 1.3 2.8 0.5
v 1.7 2.8 0.5
v -1.1 2.8 -0.3
v -0.7 2.8 -0.3
v -0.5 2.8 -0.3
v -0.1 2.8 -0.3
v 0.1 2.8 -0.3
v 0.5 2.8 -0.3
v 0.7 2.8 -0.3
v 1.1 2.8 -0.3
v 1.3 2.8 -0.3
v 1.7 2.8 -0.3
v -1.1 2.8 -0.4
v -0.7 2.8 -0.4
v -0.5 2.8 -0.4
v -0.1 2.8 -0.4
v 0.1 2.8 -0.4
v 0.5 2.8 -0.4
v 0.7 2.8 -0.4
v 1.1 2.8 -0.4
v 1.3 2.8 -0.4
v 1.7 2.8 -0.4
v -1.1 2.8 -1.2
v -0.7 2.8 -1.2
v -0.5 2.8 -1.2
v -0.1 2.8 -1.2
v 0.1 2.8 -1.2
v 0.5 2.8 -1.2
v 0.7 2.8 -1.2
v 1.1 2.8 -1.2
v 1.3 2.8 -1.2
v 1.7 2.8 -1.2
v -1.1 2.8 -1.3
v -0.7 2.8 -1.3
v -0.5 2.8 -1.3
v -0.1 2.8 -1.3
v 0.1 2.8 -1.3
v 0.5 2.8 -1.3
v 0.7 2.8 -1.3
v 1.1 2.8 -1.3
v 1.3 2.8 -1.3
v 1.7 2.8 -1.3
v -1.1 2.8 -2.1
v -0.7 2.8 -2.1
v -0.5 2.8 -2.1
v -0.1 2.8 -2.1
v 0.1 2.8 -2.1
v 0.5 2.8 -2.1
v 0.7 2.8 -2.1
v 1.1 2.8 -2.1
v 1.3 2.8 -2.1
v 1.7 2.8 -2.1
v -1.1 2.8 -2.2
v -0.7 2.8 -2.2
v -0.5 2.8 -2.2
v -0.1 2.8 -2.2
v 0.1 2.8 -2.2
v 0.5 2.8 -2.2
v 0.7 2.8 -2.2
v 1.1 2.8 -2.2
v 1.3 2.8 -2.2
v 1.7 2.8 -2.2
v -1.1 2.8 -3
v -0.7 2.8 -3
v -0.5 2.8 -3
v -0.1 2.8 -3
v 0.1 2.8 -3
v 0.5 2.8 -3
v 0.7 2.8 -3
v 1.1 2.8 -3
v 1.3 2.8 -3
v 1.7 2.8 -3
v 1.8 2.9 4.7
v 2 2.9 4.7
v 1.7 2.9 4.6
v 1.8 2.9 4.6
v 2 2.9 4.6
v 2.1 2.9 4.6
v 1.7 2.9 4.2
v 1.8 2.9 4.2
v 2 2.9 4.2
v 2.1 2.9 4.2
v 1.8 3 4.6
v 2 3 4.6
v 1.7 3 4.2
v 1.8 3 4.2
v 2 3 4.2
v 2.1 3 4.2
v 1.7 3 4.1
v 1.8 3 4.1
v 2 3 4.1
v 2.1 3 4.1
v 1.7 3 2.2
v 2.1 3 2.2
v 1.8 3 2.1
v 2 3 2.1
v 1.8 3 1.9
v 2 3 1.9
v 1.9 3 1.6
v 2 3 1.6
v 1.9 3 1.5
v 2 3 1.5
v 1.9 3 1.2
v 2 3 1.2
v 1.9 3 1.1
v 2 3 1.1
v 1.9 3 0.8
v 2 3 0.8
v 1.9 3 0.6
v 2 3 0.6
v 1.9 3 0.3
v 2 3 0.3
v 1.9 3 0.2
v 2 3 0.2
v 1.9 3 -0.1
v 2 3 -0.1
v 1.9 3 -0.2
v 2 3 -0.2
v 1.8 3 -0.5
v 2 3 -0.5
v 1.8 3 -0.7
v 2 3 -0.7
v 1.9 3 -1
v 2 3 -1
v 1.9 3 -1.1
v 2 3 -1.1
v 1.9 3 -1.4
v 2 3 -1.4
v 1.9 3 -1.5
v 2 3 -1.5
v 1.9 3 -1.8
v 2 3 -1.8
v 1.9 3 -2
v 2 3 -2
v 1.9 3 -2.3
v 2 3 -2.3
v 1.9 3 -2.4
v 2 3 -2.4
v 1.9 3 -2.7
v 2 3 -2.7
v 1.9 3 -2.8
v 2 3 -2.8
v -1.1 3 -3
v 1.7 3 -3
v -1 3 -3.1
v -0.8 3 -3.1
v 1.8 3 -3.1
v 2 3 -3.1
v -0.5 3 -3.2
v -0.4 3 -3.2
v -0.1 3 -3.2
v 0 3 -3.2
v 0.3 3 -3.2
v 0.4 3 -3.2
v 0.6 3 -3.2
v 0.7 3 -3.2
v 1 3 -3.2
v 1.1 3 -3.2
v 1.4 3 -3.2
v 1.5 3 -3.2
v -1 3 -3.3
v -0.8 3 -3.3
v -0.5 3 -3.3
v -0.4 3 -3.3
v -0.1 3 -3.3
v 0 3 -3.3
v 0.3 3 -3.3
v 0.4 3 -3.3
v 0.6 3 -3.3
v 0.7 3 -3.3
v 1 3 -3.3
v 1.1 3 -3.3
v 1.4 3 -3.3
v 1.5 3 -3.3
v 1.8 3 -3.3
v 2 3 -3.3
v -1.1 3 -3.4
v 2.1 3 -3.4
v 1.8 3.1 4.2
v 2 3.1 4.2
v 1.7 3.1 4.1
v 1.8 3.1 4.1
v 2 3.1 4.1
v 2.1 3.1 4.1
v 1.7 3.1 4
v 1.8 3.1 4
v 2 3.1 4
v 2.1 3.1 4
v 1.8 3.2 4.1
v 2 3.2 4.1
v 1.7 3.2 4
v 1.8 3.2 4
v 2 3.2 4
v 2.1 3.2 4
v 1.7 3.2 3.9
v 1.8 3.2 3.9
v 2 3.2 3.9
v 2.1 3.2 3.9
v 1.8 3.3 4
v 2 3.3 4
v 1.7 3.3 3.9
v 1.8 3.3 3.9
v 2 3.3 3.9
v 2.1 3.3 3.9
v 1.7 3.3 3.7
v 1.8 3.3 3.7
v 2 3.3 3.7
v 2.1 3.3 3.7
v 1.8 3.4 3.9
v 2 3.4 3.9
v 1.7 3.4 3.7
v 1.8 3.4 3.7
v 2 3.4 3.7
v 2.1 3.4 3.7
v 1.7 3.4 3.6
v 1.8 3.4 3.6
v 2 3.4 3.6
v 2.1 3.4 3.6
v 1.8 3.5 3.7
v 2 3.5 3.7
v 1.7 3.5 3.6
v 1.8 3.5 3.6
v 2 3.5 3.6
v 2.1 3.5 3.6
v 1.7 3.5 3.5
v 1.8 3.5 3.5
v 2 3.5 3.5
v 2.1 3.5 3.5
v 1.8 3.6 3.6
v 2 3.6 3.6
v 1.7 3.6 3.5
v 1.8 3.6 3.5
v 2 3.6 3.5
v 2.1 3.6 3.5
v 1.7 3.6 3.4
v 1.8 3.6 3.4
v 2 3.6 3.4
v 2.1 3.6 3.4
v 1.8 3.7 3.5
v 2 3.7 3.5
v 1.7 3.7 3.4
v 1.8 3.7 3.4
v 2 3.7 3.4
v 2.1 3.7 3.4
v 1.7 3.7 3
v 1.8 3.7 3
v 2 3.7 3
v 2.1 3.7 3
v 1.8 3.8 3.4
v 2 3.8 3.4
v 1.7 3.8 3
v 1.8 3.8 3
v 2 3.8 3
v 2.1 3.8 3
v 1.7 3.8 2.9
v 1.8 3.8 2.9
v 2 3.8 2.9
v 2.1 3.8 2.9
v 1.8 3.9 3
v 2 3.9 3
v 1.7 3.9 2.9
v 1.8 3.9 2.9
v 2 3.9 2.9
v 2.1 3.9 2.9
v 1.7 3.9 2.8
v 1.8 3.9 2.8
v 2 3.9 2.8
v 2.1 3.9 2.8
v 1.8 4 2.9
v 2 4 2.9
v 1.7 4 2.8
v 1.8 4 2.8
v 2 4 2.8
v 2.1 4 2.8
v 1.7 4 2.7
v 1.8 4 2.7
v 2 4 2.7
v 2.1 4 2.7
v 1.8 4.1 2.8
v 2 4.1 2.8
v 1.7 4.1 2.7
v 1.8 4.1 2.7
v 2 4.1 2.7
v 2.1 4.1 2.7
v 1.7 4.1 2.5
v 1.8 4.1 2.5
v 2 4.1 2.5
v 2.1 4.1 2.5
v 1.8 4.1 1.9
v 2 4.1 1.9
v 1.9 4.1 1
v 2 4.1 1
v 1.9 4.1 0.9
v 2 4.1 0.9
v 1.9 4.1 0.5
v 2 4.1 0.5
v 1.9 4.1 0.4
v 2 4.1 0.4
v 1.8 4.1 -0.5
v 2 4.1 -0.5
v 1.8 4.1 -0.7
v 2 4.1 -0.7
v 1.9 4.1 -1.6
v 2 4.1 -1.6
v 1.9 4.1 -1.7
v 2 4.1 -1.7
v 1.9 4.1 -2.1
v 2 4.1 -2.1
v 1.9 4.1 -2.2
v 2 4.1 -2.2
v -0.8 4.1 -3.1
v 1.8 4.1 -3.1
v 2 4.1 -3.1
v 0.1 4.1 -3.2
v 0.2 4.1 -3.2
v 0.8 4.1 -3.2
v 0.9 4.1 -3.2
v -0.8 4.1 -3.3
v 0.1 4.1 -3.3
v 0.2 4.1 -3.3
v 0.8 4.1 -3.3
v 0.9 4.1 -3.3
v 1.8 4.1 -3.3
v 1.8 4.2 2.7
v 2 4.2 2.7
v 1.7 4.2 2.5
v 1.8 4.2 2.5
v 2 4.2 2.5
v 2.1 4.2 2.5
v 1.7 4.2 2.4
v 1.8 4.2 2.4
v 2 4.2 2.4
v 2.1 4.2 2.4
v 1.8 4.3 2.5
v 2 4.3 2.5
v 1.7 4.3 2.4
v 1.8 4.3 2.4
v 2 4.3 2.4
v 2.1 4.3 2.4
v 1.7 4.3 2.3
v 1.8 4.3 2.3
v 2 4.3 2.3
v 2.1 4.3 2.3
v 1.8 4.4 2.4
v 2 4.4 2.4
v 1.7 4.4 2.3
v 1.8 4.4 2.3
v 2 4.4 2.3
v 2.1 4.4 2.3
v 1.7 4.4 2.2
v 1.8 4.4 2.2
v 2 4.4 2.2
v 2.1 4.4 2.2
v 1.8 4.5 2.3
v 2 4.5 2.3
v 1.7 4.5 2.2
v 1.8 4.5 2.2
v 2 4.5 2.2
v 2.1 4.5 2.2
v -1.1 4.5 -3
v 1.7 4.5 -3
v -1.1 4.5 -3.1
v 1.8 4.5 -3.1
v -1.1 4.5 -3.3
v 1.8 4.5 -3.3
v -1.1 4.5 -3.4
v 1.8 4.5 -3.4
v 2 4.5 -3.4
v 2.1 4.5 -3.4
v 1.8 4.6 2.2
v 2 4.6 2.2
v -1.1 4.6 -3.1
v 1.8 4.6 -3.1
v -1.1 4.6 -3.3
v 1.8 4.6 -3.3
v 1.8 4.6 -3.4
v 2 4.6 -3.4

# faces
f 4/1/1 2/1/1 1/1/1
f 5/6/1 3/6/1 2/6/1
f 5/1/1 2/1/1 4/1/1
f 6/5/1 5/5/1 4/5/1
f 7/6/1 3/6/1 5/6/1
f 7/5/1 5/5/1 6/5/1
f 8/6/1 3/6/1 7/6/1
f 9/5/1 8/5/1 7/5/1
f 10/6/1 3/6/1 8/6/1
f 10/5/1 8/5/1 9/5/1
f 11/6/1 3/6/1 10/6/1
f 14/1/1 12/1/1 11/1/1
f 15/6/1 13/6/1 12/6/1
f 15/1/1 12/1/1 14/1/1
f 16/5/1 15/5/1 14/5/1
f 17/6/1 13/6/1 15/6/1
f 17/5/1 15/5/1 16/5/1
f 18/6/1 13/6/1 17/6/1
f 19/5/1 18/5/1 17/5/1
f 20/6/1 13/6/1 18/6/1
f 20/5/1 18/5/1 19/5/1
f 21/6/1 13/6/1 20/6/1
f 24/1/1 22/1/1 21/1/1
f 25/6/1 23/6/1 22/6/1
f 25/1/1 22/1/1 24/1/1
f 26/5/1 25/5/1 24/5/1
f 27/6/1 23/6/1 25/6/1
f 27/5/1 25/5/1 26/5/1
f 28/6/1 23/6/1 27/6/1
f 29/6/1 23/6/1 28/6/1
f 30/5/1 28/5/1 27/5/1
f 31/1/1 29/1/1 28/1/1
f 31/5/1 28/5/1 30/5/1
f 32/6/1 23/6/1 29/6/1
f 32/1/1 29/1/1 31/1/1
f 33/6/1 23/6/1 32/6/1
f 36/1/1 34/1/1 33/1/1
f 37/6/1 35/6/1 34/6/1
f 37/1/1 34/1/1 36/1/1
f 38/5/1 37/5/1 36/5/1
f 39/6/1 35/6/1 37/6/1
f 39/5/1 37/5/1 38/5/1
f 40/6/1 35/6/1 39/6/1
f 41/5/1 40/5/1 39/5/1
f 42/6/1 35/6/1 40/6/1
f 42/5/1 40/5/1 41/5/1
f 43/6/1 35/6/1 42/6/1
f 46/1/1 44/1/1 43/1/1
f 47/6/1 45/6/1 44/6/1
f 47/1/1 44/1/1 46/1/1
f 48/5/1 47/5/1 46/5/1
f 49/6/1 45/6/1 47/6/1
f 49/5/1 47/5/1 48/5/1
f 50/6/1 45/6/1 49/6/1
f 51/5/1 50/5/1 49/5/1
f 52/6/1 45/6/1 50/6/1
f 52/5/1 50/5/1 51/5/1
f 53/6/1 45/6/1 52/6/1
f 56/1/1 54/1/1 53/1/1
f 57/6/1 55/6/1 54/6/1
f 57/1/1 54/1/1 56/1/1
f 58/5/1 57/5/1 56/5/1
f 59/6/1 55/6/1 57/6/1
f 59/5/1 57/5/1 58/5/1
f 60/6/1 55/6/1 59/6/1
f 61/6/1 55/6/1 60/6/1
f 63/5/1 60/5/1 59/5/1
f 64/6/1 62/6/1 61/6/1
f 64/5/1 60/5/1 63/5/1
f 64/6/1 61/6/1 60/6/1
f 65/6/1 62/6/1 64/6/1
f 66/6/1 62/6/1 65/6/1
f 67/6/1 62/6/1 66/6/1
f 68/6/1 62/6/1 67/6/1
f 69/6/1 62/6/1 68/6/1
f 70/6/1 62/6/1 69/6/1
f 71/6/1 62/6/1 70/6/1
f 72/6/1 62/6/1 71/6/1
f 73/6/1 62/6/1 72/6/1
f 74/6/1 62/6/1 73/6/1
f 75/6/1 62/6/1 74/6/1
f 76/6/1 62/6/1 75/6/1
f 77/6/1 62/6/1 76/6/1
f 78/1/1 66/1/1 65/1/1
f 79/4/1 67/4/1 66/4/1
f 79/1/1 66/1/1 78/1/1
f 80/5/1 79/5/1 78/5/1
f 81/4/1 67/4/1 79/4/1
f 81/5/1 79/5/1 80/5/1
f 82/4/1 67/4/1 81/4/1
f 83/6/1 62/6/1 77/6/1
f 83/4/1 77/4/1 76/4/1
f 84/6/1 62/6/1 83/6/1
f 85/5/1 82/5/1 81/5/1
f 86/4/1 67/4/1 82/4/1
f 86/5/1 82/5/1 85/5/1
f 87/4/1 67/4/1 86/4/1
f 88/4/1 69/4/1 68/4/1
f 89/4/1 69/4/1 88/4/1
f 90/4/1 71/4/1 70/4/1
f 91/4/1 71/4/1 90/4/1
f 92/4/1 73/4/1 72/4/1
f 93/4/1 73/4/1 92/4/1
f 94/4/1 75/4/1 74/4/1
f 95/4/1 75/4/1 94/4/1
f 96/4/1 83/4/1 76/4/1
f 97/5/1 84/5/1 83/5/1
f 97/4/1 83/4/1 96/4/1
f 98/5/1 84/5/1 97/5/1
f 99/5/1 84/5/1 98/5/1
f 102/2/1 101/2/1 100/2/1
f 103/2/1 101/2/1 102/2/1
f 104/2/1 101/2/1 103/2/1
f 105/2/1 101/2/1 104/2/1
f 106/2/1 104/2/1 103/2/1
f 107/2/1 104/2/1 106/2/1
f 118/3/1 109/3/1 108/3/1
f 119/3/1 109/3/1 118/3/1
f 120/3/1 111/3/1 110/3/1
f 121/3/1 111/3/1 120/3/1
f 122/3/1 113/3/1 112/3/1
f 123/3/1 113/3/1 122/3/1
f 124/3/1 115/3/1 114/3/1
f 125/3/1 115/3/1 124/3/1
f 126/3/1 117/3/1 116/3/1
f 127/3/1 117/3/1 126/3/1
f 130/2/1 129/2/1 128/2/1
f 131/2/1 129/2/1 130/2/1
f 142/3/1 133/3/1 132/3/1
f 143/3/1 133/3/1 142/3/1
f 144/3/1 135/3/1 134/3/1
f 145/3/1 135/3/1 144/3/1
f 146/3/1 137/3/1 136/3/1
f 147/3/1 137/3/1 146/3/1
f 148/3/1 139/3/1 138/3/1
f 149/3/1 139/3/1 148/3/1
f 150/3/1 141/3/1 140/3/1
f 151/3/1 141/3/1 150/3/1
f 164/4/1 153/4/1 152/4/1
f 165/4/1 153/4/1 164/4/1
f 166/4/1 153/4/1 165/4/1
f 167/4/1 155/4/1 154/4/1
f 168/4/1 155/4/1 167/4/1
f 169/4/1 157/4/1 156/4/1
f 170/4/1 157/4/1 169/4/1
f 171/4/1 159/4/1 158/4/1
f 172/4/1 159/4/1 171/4/1
f 173/4/1 161/4/1 160/4/1
f 174/4/1 161/4/1 173/4/1
f 175/4/1 163/4/1 162/4/1
f 176/4/1 163/4/1 175/4/1
f 179/2/1 178/2/1 177/2/1
f 180/2/1 178/2/1 179/2/1
f 191/3/1 182/3/1 181/3/1
f 192/3/1 182/3/1 191/3/1
f 193/3/1 184/3/1 183/3/1
f 194/3/1 184/3/1 193/3/1
f 195/3/1 186/3/1 185/3/1
f 196/3/1 186/3/1 195/3/1
f 197/3/1 188/3/1 187/3/1
f 198/3/1 188/3/1 197/3/1
f 199/3/1 190/3/1 189/3/1
f 200/3/1 190/3/1 199/3/1
f 211/3/1 202/3/1 201/3/1
f 212/3/1 202/3/1 211/3/1
f 213/3/1 204/3/1 203/3/1
f 214/3/1 204/3/1 213/3/1
f 215/3/1 206/3/1 205/3/1
f 216/3/1 206/3/1 215/3/1
f 217/3/1 208/3/1 207/3/1
f 218/3/1 208/3/1 217/3/1
f 219/3/1 210/3/1 209/3/1
f 220/3/1 210/3/1 219/3/1
f 223/2/1 222/2/1 221/2/1
f 224/2/1 222/2/1 223/2/1
f 237/4/1 226/4/1 225/4/1
f 238/4/1 226/4/1 237/4/1
f 239/4/1 226/4/1 238/4/1
f 240/4/1 228/4/1 227/4/1
f 241/4/1 228/4/1 240/4/1
f 242/4/1 230/4/1 229/4/1
f 243/4/1 230/4/1 242/4/1
f 244/4/1 232/4/1 231/4/1
f 245/4/1 232/4/1 244/4/1
f 246/4/1 234/4/1 233/4/1
f 247/4/1 234/4/1 246/4/1
f 248/4/1 236/4/1 235/4/1
f 249/4/1 236/4/1 248/4/1
f 252/2/1 251/2/1 250/2/1
f 253/2/1 251/2/1 252/2/1
f 264/3/1 255/3/1 254/3/1
f 265/3/1 255/3/1 264/3/1
f 266/3/1 257/3/1 256/3/1
f 267/3/1 257/3/1 266/3/1
f 268/3/1 259/3/1 258/3/1
f 269/3/1 259/3/1 268/3/1
f 270/3/1 261/3/1 260/3/1
f 271/3/1 261/3/1 270/3/1
f 272/3/1 263/3/1 262/3/1
f 273/3/1 263/3/1 272/3/1
f 276/2/1 275/2/1 274/2/1
f 277/2/1 275/2/1 276/2/1
f 288/3/1 279/3/1 278/3/1
f 289/3/1 279/3/1 288/3/1
f 290/3/1 281/3/1 280/3/1
f 291/3/1 281/3/1 290/3/1
f 292/3/1 283/3/1 282/3/1
f 293/3/1 283/3/1 292/3/1
f 294/3/1 285/3/1 284/3/1
f 295/3/1 285/3/1 294/3/1
f 296/3/1 287/3/1 286/3/1
f 297/3/1 287/3/1 296/3/1
f 300/2/1 299/2/1 298/2/1
f 301/2/1 299/2/1 300/2/1
f 314/4/1 303/4/1 302/4/1
f 315/4/1 303/4/1 314/4/1
f 316/4/1 303/4/1 315/4/1
f 317/4/1 305/4/1 304/4/1
f 318/4/1 305/4/1 317/4/1
f 319/4/1 307/4/1 306/4/1
f 320/4/1 307/4/1 319/4/1
f 321/4/1 309/4/1 308/4/1
f 322/4/1 309/4/1 321/4/1
f 323/4/1 311/4/1 310/4/1
f 324/4/1 311/4/1 323/4/1
f 325/4/1 313/4/1 312/4/1
f 326/4/1 313/4/1 325/4/1
f 337/3/1 328/3/1 327/3/1
f 338/3/1 328/3/1 337/3/1
f 339/3/1 330/3/1 329/3/1
f 340/3/1 330/3/1 339/3/1
f 341/3/1 332/3/1 331/3/1
f 342/3/1 332/3/1 341/3/1
f 343/3/1 334/3/1 333/3/1
f 344/3/1 334/3/1 343/3/1
f 345/3/1 336/3/1 335/3/1
f 346/3/1 336/3/1 345/3/1
f 349/2/1 348/2/1 347/2/1
f 350/2/1 348/2/1 349/2/1
f 353/2/1 352/2/1 351/2/1
f 354/2/1 352/2/1 353/2/1
f 365/3/1 356/3/1 355/3/1
f 366/3/1 356/3/1 365/3/1
f 367/3/1 358/3/1 357/3/1
f 368/3/1 358/3/1 367/3/1
f 369/3/1 360/3/1 359/3/1
f 370/3/1 360/3/1 369/3/1
f 371/3/1 362/3/1 361/3/1
f 372/3/1 362/3/1 371/3/1
f 373/3/1 364/3/1 363/3/1
f 374/3/1 364/3/1 373/3/1
f 387/4/1 376/4/1 375/4/1
f 388/4/1 376/4/1 387/4/1
f 389/4/1 376/4/1 388/4/1
f 390/4/1 378/4/1 377/4/1
f 391/4/1 378/4/1 390/4/1
f 392/4/1 380/4/1 379/4/1
f 393/4/1 380/4/1 392/4/1
f 394/4/1 382/4/1 381/4/1
f 395/4/1 382/4/1 394/4/1
f 396/4/1 384/4/1 383/4/1
f 397/4/1 384/4/1 396/4/1
f 398/4/1 386/4/1 385/4/1
f 399/4/1 386/4/1 398/4/1
f 410/3/1 401/3/1 400/3/1
f 411/3/1 401/3/1 410/3/1
f 412/3/1 403/3/1 402/3/1
f 413/3/1 403/3/1 412/3/1
f 414/3/1 405/3/1 404/3/1
f 415/3/1 405/3/1 414/3/1
f 416/3/1 407/3/1 406/3/1
f 417/3/1 407/3/1 416/3/1
f 418/3/1 409/3/1 408/3/1
f 419/3/1 409/3/1 418/3/1
f 422/2/1 421/2/1 420/2/1
f 423/2/1 421/2/1 422/2/1
f 426/2/1 425/2/1 424/2/1
f 427/2/1 425/2/1 426/2/1
f 428/2/1 425/2/1 427/2/1
f 430/2/1 429/2/1 428/2/1
f 430/2/1 428/2/1 427/2/1
f 431/2/1 429/2/1 430/2/1
f 432/2/1 429/2/1 431/2/1
f 434/2/1 433/2/1 432/2/1
f 434/2/1 432/2/1 431/2/1
f 435/2/1 433/2/1 434/2/1
f 436/2/1 433/2/1 435/2/1
f 438/2/1 437/2/1 436/2/1
f 438/2/1 436/2/1 435/2/1
f 439/2/1 437/2/1 438/2/1
f 440/2/1 437/2/1 439/2/1
f 452/2/1 440/2/1 439/2/1
f 452/2/1 441/2/1 440/2/1
f 453/2/1 441/2/1 452/2/1
f 454/2/1 441/2/1 453/2/1
f 456/2/1 455/2/1 454/2/1
f 456/2/1 454/2/1 453/2/1
f 457/2/1 455/2/1 456/2/1
f 458/2/1 455/2/1 457/2/1
f 460/2/1 459/2/1 458/2/1
f 460/2/1 458/2/1 457/2/1
f 461/2/1 459/2/1 460/2/1
f 462/2/1 459/2/1 461/2/1
f 464/2/1 463/2/1 462/2/1
f 464/2/1 462/2/1 461/2/1
f 465/2/1 463/2/1 464/2/1
f 466/2/1 463/2/1 465/2/1
f 469/4/1 443/4/1 442/4/1
f 470/4/1 443/4/1 469/4/1
f 471/4/1 445/4/1 444/4/1
f 472/4/1 445/4/1 471/4/1
f 473/4/1 447/4/1 446/4/1
f 474/4/1 447/4/1 473/4/1
f 475/4/1 449/4/1 448/4/1
f 476/4/1 449/4/1 475/4/1
f 477/4/1 451/4/1 450/4/1
f 478/4/1 451/4/1 477/4/1
f 480/2/1 467/2/1 466/2/1
f 480/2/1 466/2/1 465/2/1
f 481/2/1 467/2/1 480/2/1
f 482/2/1 467/2/1 481/2/1
f 484/2/1 483/2/1 482/2/1
f 484/2/1 482/2/1 481/2/1
f 485/2/1 483/2/1 484/2/1
f 486/2/1 483/2/1 485/2/1
f 488/5/1 476/5/1 475/5/1
f 488/5/1 474/5/1 473/5/1
f 488/5/1 472/5/1 471/5/1
f 488/5/1 479/5/1 478/5/1
f 488/5/1 470/5/1 469/5/1
f 488/5/1 478/5/1 477/5/1
f 488/5/1 477/5/1 476/5/1
f 488/5/1 475/5/1 474/5/1
f 488/5/1 469/5/1 468/5/1
f 488/5/1 473/5/1 472/5/1
f 488/5/1 471/5/1 470/5/1
f 489/5/1 479/5/1 488/5/1
f 490/2/1 487/2/1 486/2/1
f 490/2/1 486/2/1 485/2/1
f 491/2/1 487/2/1 490/2/1
f 492/2/1 487/2/1 491/2/1
f 494/2/1 493/2/1 492/2/1
f 494/2/1 492/2/1 491/2/1
f 495/2/1 493/2/1 494/2/1
f 496/2/1 493/2/1 495/2/1
f 498/2/1 497/2/1 496/2/1
f 498/2/1 496/2/1 495/2/1
f 499/2/1 497/2/1 498/2/1
f 500/2/1 497/2/1 499/2/1
f 502/2/1 501/2/1 500/2/1
f 502/2/1 500/2/1 499/2/1
f 503/2/1 501/2/1 502/2/1
f 504/2/1 501/2/1 503/2/1
f 506/2/1 505/2/1 504/2/1
f 506/2/1 504/2/1 503/2/1
f 507/2/1 505/2/1 506/2/1
f 508/2/1 505/2/1 507/2/1
f 510/2/1 509/2/1 508/2/1
f 510/2/1 508/2/1 507/2/1
f 511/2/1 509/2/1 510/2/1
f 512/2/1 509/2/1 511/2/1
f 514/2/1 513/2/1 512/2/1
f 514/2/1 512/2/1 511/2/1
f 515/2/1 513/2/1 514/2/1
f 516/2/1 513/2/1 515/2/1
f 518/2/1 517/2/1 516/2/1
f 518/2/1 516/2/1 515/2/1
f 519/2/1 517/2/1 518/2/1
f 520/2/1 517/2/1 519/2/1
f 522/2/1 521/2/1 520/2/1
f 522/2/1 520/2/1 519/2/1
f 523/2/1 521/2/1 522/2/1
f 524/2/1 521/2/1 523/2/1
f 526/2/1 525/2/1 524/2/1
f 526/2/1 524/2/1 523/2/1
f 527/2/1 525/2/1 526/2/1
f 528/2/1 525/2/1 527/2/1
f 530/2/1 529/2/1 528/2/1
f 530/2/1 528/2/1 527/2/1
f 531/2/1 529/2/1 530/2/1
f 532/2/1 529/2/1 531/2/1
f 534/2/1 533/2/1 532/2/1
f 534/2/1 532/2/1 531/2/1
f 535/2/1 533/2/1 534/2/1
f 536/2/1 533/2/1 535/2/1
f 538/2/1 537/2/1 536/2/1
f 538/2/1 536/2/1 535/2/1
f 539/2/1 537/2/1 538/2/1
f 540/2/1 537/2/1 539/2/1
f 542/2/1 541/2/1 540/2/1
f 542/2/1 540/2/1 539/2/1
f 543/2/1 541/2/1 542/2/1
f 544/2/1 541/2/1 543/2/1
f 545/2/1 541/2/1 544/2/1
f 550/2/1 547/2/1 546/2/1
f 551/2/1 547/2/1 550/2/1
f 556/2/1 555/2/1 554/2/1
f 557/2/1 555/2/1 556/2/1
f 559/2/1 558/2/1 557/2/1
f 560/2/1 558/2/1 559/2/1
f 562/2/1 561/2/1 560/2/1
f 563/2/1 561/2/1 562/2/1
f 565/2/1 564/2/1 563/2/1
f 566/2/1 564/2/1 565/2/1
f 568/2/1 567/2/1 566/2/1
f 569/2/1 567/2/1 568/2/1
f 571/2/1 570/2/1 569/2/1
f 572/2/1 570/2/1 571/2/1
f 574/2/1 549/2/1 548/2/1
f 575/2/1 549/2/1 574/2/1
f 576/2/1 573/2/1 572/2/1
f 577/2/1 573/2/1 576/2/1
f 579/2/1 578/2/1 577/2/1
f 580/2/1 578/2/1 579/2/1
f 582/2/1 581/2/1 580/2/1
f 583/2/1 581/2/1 582/2/1
f 591/2/1 584/2/1 583/2/1
f 592/2/1 584/2/1 591/2/1
f 594/2/1 593/2/1 592/2/1
f 595/2/1 593/2/1 594/2/1
f 597/2/1 596/2/1 595/2/1
f 598/2/1 596/2/1 597/2/1
f 600/2/1 599/2/1 598/2/1
f 601/2/1 599/2/1 600/2/1
f 603/2/1 602/2/1 601/2/1
f 604/2/1 602/2/1 603/2/1
f 606/2/1 553/2/1 552/2/1
f 607/2/1 553/2/1 606/2/1
f 608/2/1 605/2/1 604/2/1
f 609/2/1 605/2/1 608/2/1
f 611/2/1 610/2/1 609/2/1
f 612/2/1 610/2/1 611/2/1
f 614/2/1 613/2/1 612/2/1
f 615/2/1 613/2/1 614/2/1
f 617/2/1 616/2/1 615/2/1
f 618/2/1 616/2/1 617/2/1
f 620/2/1 619/2/1 618/2/1
f 621/2/1 619/2/1 620/2/1
f 623/2/1 586/2/1 585/2/1
f 624/2/1 588/2/1 587/2/1
f 625/2/1 588/2/1 624/2/1
f 626/2/1 590/2/1 589/2/1
f 627/2/1 590/2/1 626/2/1
f 628/2/1 622/2/1 621/2/1
f 629/2/1 622/2/1 628/2/1
f 631/2/1 625/2/1 624/2/1
f 631/2/1 623/2/1 585/2/1
f 631/2/1 626/2/1 625/2/1
f 631/2/1 624/2/1 623/2/1
f 632/2/1 626/2/1 631/2/1
f 633/2/1 626/2/1 632/2/1
f 634/2/1 626/2/1 633/2/1
f 636/2/1 630/2/1 629/2/1
f 637/2/1 630/2/1 636/2/1
f 639/2/1 638/2/1 637/2/1
f 640/2/1 638/2/1 639/2/1
f 642/2/1 631/2/1 585/2/1
f 643/2/1 631/2/1 642/2/1
f 644/2/1 633/2/1 632/2/1
f 645/2/1 633/2/1 644/2/1
f 646/2/1 635/2/1 634/2/1
f 647/2/1 635/2/1 646/2/1
f 648/2/1 641/2/1 640/2/1
f 649/2/1 641/2/1 648/2/1
f 651/2/1 650/2/1 649/2/1
f 652/2/1 650/2/1 651/2/1
f 656/2/1 653/2/1 652/2/1
f 657/2/1 653/2/1 656/2/1
f 658/2/1 655/2/1 654/2/1
f 659/2/1 655/2/1 658/2/1
f 680/2/1 661/2/1 660/2/1
f 681/2/1 661/2/1 680/2/1
f 682/2/1 663/2/1 662/2/1
f 683/2/1 663/2/1 682/2/1
f 684/2/1 665/2/1 664/2/1
f 685/2/1 665/2/1 684/2/1
f 686/2/1 667/2/1 666/2/1
f 687/2/1 667/2/1 686/2/1
f 688/2/1 669/2/1 668/2/1
f 689/2/1 669/2/1 688/2/1
f 690/2/1 671/2/1 670/2/1
f 691/2/1 671/2/1 690/2/1
f 692/2/1 673/2/1 672/2/1
f 693/2/1 673/2/1 692/2/1
f 694/2/1 675/2/1 674/2/1
f 695/2/1 675/2/1 694/2/1
f 696/2/1 677/2/1 676/2/1
f 697/2/1 677/2/1 696/2/1
f 698/2/1 679/2/1 678/2/1
f 699/2/1 679/2/1 698/2/1
f 708/2/1 701/2/1 700/2/1
f 709/2/1 701/2/1 708/2/1
f 710/2/1 703/2/1 702/2/1
f 711/2/1 703/2/1 710/2/1
f 712/2/1 705/2/1 704/2/1
f 713/2/1 705/2/1 712/2/1
f 714/2/1 707/2/1 706/2/1
f 715/2/1 707/2/1 714/2/1
f 716/3/2 717/3/2 726/3/2
f 726/3/2 717/3/2 727/3/2
f 718/3/2 719/3/2 728/3/2
f 728/3/2 719/3/2 729/3/2
f 720/3/2 721/3/2 730/3/2
f 730/3/2 721/3/2 731/3/2
f 722/3/2 723/3/2 732/3/2
f 732/3/2 723/3/2 733/3/2
f 724/3/2 725/3/2 734/3/2
f 734/3/2 725/3/2 735/3/2
f 736/2/2 737/2/2 738/2/2
f 738/2/2 737/2/2 739/2/2
f 740/2/2 741/2/2 742/2/2
f 742/2/2 741/2/2 743/2/2
f 744/4/2 745/4/2 756/4/2
f 756/4/2 745/4/2 757/4/2
f 757/4/2 745/4/2 758/4/2
f 746/4/2 747/4/2 759/4/2
f 759/4/2 747/4/2 760/4/2
f 748/4/2 749/4/2 761/4/2
f 761/4/2 749/4/2 762/4/2
f 750/4/2 751/4/2 763/4/2
f 763/4/2 751/4/2 764/4/2
f 752/4/2 753/4/2 765/4/2
f 765/4/2 753/4/2 766/4/2
f 754/4/2 755/4/2 767/4/2
f 767/4/2 755/4/2 768/4/2
f 769/3/2 770/3/2 779/3/2
f 779/3/2 770/3/2 780/3/2
f 771/3/2 772/3/2 781/3/2
f 781/3/2 772/3/2 782/3/2
f 773/3/2 774/3/2 783/3/2
f 783/3/2 774/3/2 784/3/2
f 775/3/2 776/3/2 785/3/2
f 785/3/2 776/3/2 786/3/2
f 777/3/2 778/3/2 787/3/2
f 787/3/2 778/3/2 788/3/2
f 789/2/2 790/2/2 791/2/2
f 791/2/2 790/2/2 792/2/2
f 793/3/2 794/3/2 803/3/2
f 803/3/2 794/3/2 804/3/2
f 795/3/2 796/3/2 805/3/2
f 805/3/2 796/3/2 806/3/2
f 797/3/2 798/3/2 807/3/2
f 807/3/2 798/3/2 808/3/2
f 799/3/2 800/3/2 809/3/2
f 809/3/2 800/3/2 810/3/2
f 801/3/2 802/3/2 811/3/2
f 811/3/2 802/3/2 812/3/2
f 813/4/2 814/4/2 825/4/2
f 825/4/2 814/4/2 826/4/2
f 826/4/2 814/4/2 827/4/2
f 815/4/2 816/4/2 828/4/2
f 828/4/2 816/4/2 829/4/2
f 817/4/2 818/4/2 830/4/2
f 830/4/2 818/4/2 831/4/2
f 819/4/2 820/4/2 832/4/2
f 832/4/2 820/4/2 833/4/2
f 821/4/2 822/4/2 834/4/2
f 834/4/2 822/4/2 835/4/2
f 823/4/2 824/4/2 836/4/2
f 836/4/2 824/4/2 837/4/2
f 838/2/2 839/2/2 840/2/2
f 840/2/2 839/2/2 841/2/2
f 842/3/2 843/3/2 852/3/2
f 852/3/2 843/3/2 853/3/2
f 844/3/2 845/3/2 854/3/2
f 854/3/2 845/3/2 855/3/2
f 846/3/2 847/3/2 856/3/2
f 856/3/2 847/3/2 857/3/2
f 848/3/2 849/3/2 858/3/2
f 858/3/2 849/3/2 859/3/2
f 850/3/2 851/3/2 860/3/2
f 860/3/2 851/3/2 861/3/2
f 862/2/2 863/2/2 864/2/2
f 864/2/2 863/2/2 865/2/2
f 866/3/2 867/3/2 876/3/2
f 876/3/2 867/3/2 877/3/2
f 868/3/2 869/3/2 878/3/2
f 878/3/2 869/3/2 879/3/2
f 870/3/2 871/3/2 880/3/2
f 880/3/2 871/3/2 881/3/2
f 872/3/2 873/3/2 882/3/2
f 882/3/2 873/3/2 883/3/2
f 874/3/2 875/3/2 884/3/2
f 884/3/2 875/3/2 885/3/2
f 886/2/2 887/2/2 888/2/2
f 888/2/2 887/2/2 889/2/2
f 890/4/2 891/4/2 902/4/2
f 902/4/2 891/4/2 903/4/2
f 903/4/2 891/4/2 904/4/2
f 892/4/2 893/4/2 905/4/2
f 905/4/2 893/4/2 906/4/2
f 894/4/2 895/4/2 907/4/2
f 907/4/2 895/4/2 908/4/2
f 896/4/2 897/4/2 909/4/2
f 909/4/2 897/4/2 910/4/2
f 898/4/2 899/4/2 911/4/2
f 911/4/2 899/4/2 912/4/2
f 900/4/2 901/4/2 913/4/2
f 913/4/2 901/4/2 914/4/2
f 915/3/2 916/3/2 925/3/2
f 925/3/2 916/3/2 926/3/2
f 917/3/2 918/3/2 927/3/2
f 927/3/2 918/3/2 928/3/2
f 919/3/2 920/3/2 929/3/2
f 929/3/2 920/3/2 930/3/2
f 921/3/2 922/3/2 931/3/2
f 931/3/2 922/3/2 932/3/2
f 923/3/2 924/3/2 933/3/2
f 933/3/2 924/3/2 934/3/2
f 935/2/2 936/2/2 937/2/2
f 937/2/2 936/2/2 938/2/2
f 939/2/2 940/2/2 941/2/2
f 941/2/2 940/2/2 942/2/2
f 943/3/2 944/3/2 953/3/2
f 953/3/2 944/3/2 954/3/2
f 945/3/2 946/3/2 955/3/2
f 955/3/2 946/3/2 956/3/2
f 947/3/2 948/3/2 957/3/2
f 957/3/2 948/3/2 958/3/2
f 949/3/2 950/3/2 959/3/2
f 959/3/2 950/3/2 960/3/2
f 951/3/2 952/3/2 961/3/2
f 961/3/2 952/3/2 962/3/2
f 963/4/2 964/4/2 975/4/2
f 975/4/2 964/4/2 976/4/2
f 976/4/2 964/4/2 977/4/2
f 965/4/2 966/4/2 978/4/2
f 978/4/2 966/4/2 979/4/2
f 967/4/2 968/4/2 980/4/2
f 980/4/2 968/4/2 981/4/2
f 969/4/2 970/4/2 982/4/2
f 982/4/2 970/4/2 983/4/2
f 971/4/2 972/4/2 984/4/2
f 984/4/2 972/4/2 985/4/2
f 973/4/2 974/4/2 986/4/2
f 986/4/2 974/4/2 987/4/2
f 988/2/2 989/2/2 990/2/2
f 990/2/2 989/2/2 991/2/2
f 992/3/2 993/3/2 1002/3/2
f 1002/3/2 993/3/2 1003/3/2
f 994/3/2 995/3/2 1004/3/2
f 1004/3/2 995/3/2 1005/3/2
f 996/3/2 997/3/2 1006/3/2
f 1006/3/2 997/3/2 1007/3/2
f 998/3/2 999/3/2 1008/3/2
f 1008/3/2 999/3/2 1009/3/2
f 1000/3/2 1001/3/2 1010/3/2
f 1010/3/2 1001/3/2 1011/3/2
f 1012/2/2 1013/2/2 1014/2/2
f 1014/2/2 1013/2/2 1015/2/2
f 1016/3/2 1017/3/2 1026/3/2
f 1026/3/2 1017/3/2 1027/3/2
f 1018/3/2 1019/3/2 1028/3/2
f 1028/3/2 1019/3/2 1029/3/2
f 1020/3/2 1021/3/2 1030/3/2
f 1030/3/2 1021/3/2 1031/3/2
f 1022/3/2 1023/3/2 1032/3/2
f 1032/3/2 1023/3/2 1033/3/2
f 1024/3/2 1025/3/2 1034/3/2
f 1034/3/2 1025/3/2 1035/3/2
f 1036/2/2 1037/2/2 1040/2/2
f 1040/2/2 1037/2/2 1041/2/2
f 1044/2/2 1045/2/2 1046/2/2
f 1046/2/2 1045/2/2 1047/2/2
f 1047/2/2 1048/2/2 1049/2/2
f 1049/2/2 1048/2/2 1050/2/2
f 1050/2/2 1051/2/2 1052/2/2
f 1052/2/2 1051/2/2 1053/2/2
f 1053/2/2 1054/2/2 1055/2/2
f 1055/2/2 1054/2/2 1056/2/2
f 1056/2/2 1057/2/2 1058/2/2
f 1058/2/2 1057/2/2 1059/2/2
f 1059/2/2 1060/2/2 1061/2/2
f 1061/2/2 1060/2/2 1062/2/2
f 1038/2/2 1039/2/2 1064/2/2
f 1064/2/2 1039/2/2 1065/2/2
f 1062/2/2 1063/2/2 1066/2/2
f 1066/2/2 1063/2/2 1067/2/2
f 1067/2/2 1068/2/2 1069/2/2
f 1069/2/2 1068/2/2 1070/2/2
f 1070/2/2 1071/2/2 1072/2/2
f 1072/2/2 1071/2/2 1073/2/2
f 1073/2/2 1074/2/2 1101/2/2
f 1101/2/2 1074/2/2 1102/2/2
f 1102/2/2 1103/2/2 1104/2/2
f 1104/2/2 1103/2/2 1105/2/2
f 1105/2/2 1106/2/2 1107/2/2
f 1107/2/2 1106/2/2 1108/2/2
f 1108/2/2 1109/2/2 1110/2/2
f 1110/2/2 1109/2/2 1111/2/2
f 1111/2/2 1112/2/2 1113/2/2
f 1113/2/2 1112/2/2 1114/2/2
f 1042/2/2 1043/2/2 1116/2/2
f 1116/2/2 1043/2/2 1117/2/2
f 1114/2/2 1115/2/2 1118/2/2
f 1118/2/2 1115/2/2 1119/2/2
f 1119/2/2 1120/2/2 1121/2/2
f 1121/2/2 1120/2/2 1122/2/2
f 1122/2/2 1123/2/2 1124/2/2
f 1124/2/2 1123/2/2 1125/2/2
f 1125/2/2 1126/2/2 1127/2/2
f 1127/2/2 1126/2/2 1128/2/2
f 1128/2/2 1129/2/2 1130/2/2
f 1130/2/2 1129/2/2 1131/2/2
f 1075/2/2 1076/2/2 1133/2/2
f 1077/2/2 1078/2/2 1134/2/2
f 1134/2/2 1078/2/2 1135/2/2
f 1079/2/2 1080/2/2 1136/2/2
f 1136/2/2 1080/2/2 1137/2/2
f 1081/2/2 1082/2/2 1138/2/2
f 1138/2/2 1082/2/2 1139/2/2
f 1083/2/2 1084/2/2 1140/2/2
f 1140/2/2 1084/2/2 1141/2/2
f 1085/2/2 1086/2/2 1142/2/2
f 1142/2/2 1086/2/2 1143/2/2
f 1087/2/2 1088/2/2 1144/2/2
f 1144/2/2 1088/2/2 1145/2/2
f 1089/2/2 1090/2/2 1146/2/2
f 1146/2/2 1090/2/2 1147/2/2
f 1091/2/2 1092/2/2 1148/2/2
f 1148/2/2 1092/2/2 1149/2/2
f 1093/2/2 1094/2/2 1150/2/2
f 1150/2/2 1094/2/2 1151/2/2
f 1095/2/2 1096/2/2 1152/2/2
f 1152/2/2 1096/2/2 1153/2/2
f 1097/2/2 1098/2/2 1154/2/2
f 1154/2/2 1098/2/2 1155/2/2
f 1099/2/2 1100/2/2 1156/2/2
f 1131/2/2 1132/2/2 1157/2/2
f 1157/2/2 1132/2/2 1158/2/2
f 1154/2/2 1155/2/2 1160/2/2
f 1152/2/2 1153/2/2 1160/2/2
f 1155/2/2 1156/2/2 1160/2/2
f 1075/2/2 1133/2/2 1160/2/2
f 1134/2/2 1135/2/2 1160/2/2
f 1153/2/2 1154/2/2 1160/2/2
f 1136/2/2 1137/2/2 1160/2/2
f 1151/2/2 1152/2/2 1160/2/2
f 1138/2/2 1139/2/2 1160/2/2
f 1149/2/2 1150/2/2 1160/2/2
f 1140/2/2 1141/2/2 1160/2/2
f 1147/2/2 1148/2/2 1160/2/2
f 1142/2/2 1143/2/2 1160/2/2
f 1145/2/2 1146/2/2 1160/2/2
f 1144/2/2 1145/2/2 1160/2/2
f 1143/2/2 1144/2/2 1160/2/2
f 1146/2/2 1147/2/2 1160/2/2
f 1141/2/2 1142/2/2 1160/2/2
f 1148/2/2 1149/2/2 1160/2/2
f 1139/2/2 1140/2/2 1160/2/2
f 1150/2/2 1151/2/2 1160/2/2
f 1137/2/2 1138/2/2 1160/2/2
f 1133/2/2 1134/2/2 1160/2/2
f 1135/2/2 1136/2/2 1160/2/2
f 1160/2/2 1156/2/2 1161/2/2
f 1161/2/2 1156/2/2 1162/2/2
f 1162/2/2 1156/2/2 1163/2/2
f 1163/2/2 1156/2/2 1164/2/2
f 1164/2/2 1156/2/2 1165/2/2
f 1165/2/2 1156/2/2 1166/2/2
f 1166/2/2 1156/2/2 1167/2/2
f 1167/2/2 1156/2/2 1168/2/2
f 1168/2/2 1156/2/2 1169/2/2
f 1169/2/2 1156/2/2 1170/2/2
f 1156/2/2 1100/2/2 1171/2/2
f 1170/2/2 1156/2/2 1171/2/2
f 1158/2/2 1159/2/2 1172/2/2
f 1172/2/2 1159/2/2 1173/2/2
f 1173/2/2 1174/2/2 1175/2/2
f 1175/2/2 1174/2/2 1176/2/2
f 1075/2/2 1160/2/2 1178/2/2
f 1178/2/2 1160/2/2 1179/2/2
f 1161/2/2 1162/2/2 1180/2/2
f 1180/2/2 1162/2/2 1181/2/2
f 1163/2/2 1164/2/2 1182/2/2
f 1182/2/2 1164/2/2 1183/2/2
f 1165/2/2 1166/2/2 1184/2/2
f 1184/2/2 1166/2/2 1185/2/2
f 1167/2/2 1168/2/2 1186/2/2
f 1186/2/2 1168/2/2 1187/2/2
f 1169/2/2 1170/2/2 1188/2/2
f 1188/2/2 1170/2/2 1189/2/2
f 1171/2/2 1100/2/2 1190/2/2
f 1190/2/2 1100/2/2 1191/2/2
f 1176/2/2 1177/2/2 1192/2/2
f 1192/2/2 1177/2/2 1193/2/2
f 1193/2/2 1194/2/2 1195/2/2
f 1195/2/2 1194/2/2 1196/2/2
f 1196/2/2 1197/2/2 1198/2/2
f 1198/2/2 1197/2/2 1199/2/2
f 1200/1/2 1201/1/2 1203/1/2
f 1201/6/2 1202/6/2 1204/6/2
f 1203/1/2 1201/1/2 1204/1/2
f 1203/5/2 1204/5/2 1205/5/2
f 1204/6/2 1202/6/2 1206/6/2
f 1205/5/2 1204/5/2 1206/5/2
f 1206/6/2 1202/6/2 1207/6/2
f 1207/6/2 1202/6/2 1208/6/2
f 1206/5/2 1207/5/2 1209/5/2
f 1207/1/2 1208/1/2 1210/1/2
f 1209/5/2 1207/5/2 1210/5/2
f 1210/1/2 1208/1/2 1211/1/2
f 1211/1/2 1212/1/2 1214/1/2
f 1212/6/2 1213/6/2 1215/6/2
f 1214/1/2 1212/1/2 1215/1/2
f 1214/5/2 1215/5/2 1216/5/2
f 1215/6/2 1213/6/2 1217/6/2
f 1216/5/2 1215/5/2 1217/5/2
f 1217/6/2 1213/6/2 1218/6/2
f 1218/6/2 1213/6/2 1219/6/2
f 1217/5/2 1218/5/2 1220/5/2
f 1218/1/2 1219/1/2 1221/1/2
f 1220/5/2 1218/5/2 1221/5/2
f 1221/1/2 1219/1/2 1222/1/2
f 1222/1/2 1223/1/2 1225/1/2
f 1223/6/2 1224/6/2 1226/6/2
f 1225/1/2 1223/1/2 1226/1/2
f 1225/5/2 1226/5/2 1227/5/2
f 1226/6/2 1224/6/2 1228/6/2
f 1227/5/2 1226/5/2 1228/5/2
f 1228/6/2 1224/6/2 1229/6/2
f 1229/6/2 1224/6/2 1230/6/2
f 1228/5/2 1229/5/2 1231/5/2
f 1229/1/2 1230/1/2 1232/1/2
f 1231/5/2 1229/5/2 1232/5/2
f 1232/1/2 1230/1/2 1233/1/2
f 1233/1/2 1234/1/2 1236/1/2
f 1234/6/2 1235/6/2 1237/6/2
f 1236/1/2 1234/1/2 1237/1/2
f 1236/5/2 1237/5/2 1238/5/2
f 1237/6/2 1235/6/2 1239/6/2
f 1238/5/2 1237/5/2 1239/5/2
f 1239/6/2 1235/6/2 1240/6/2
f 1240/6/2 1235/6/2 1241/6/2
f 1239/5/2 1240/5/2 1242/5/2
f 1240/1/2 1241/1/2 1243/1/2
f 1242/5/2 1240/5/2 1243/5/2
f 1243/1/2 1241/1/2 1244/1/2
f 1244/1/2 1245/1/2 1247/1/2
f 1245/6/2 1246/6/2 1248/6/2
f 1247/1/2 1245/1/2 1248/1/2
f 1247/5/2 1248/5/2 1249/5/2
f 1248/6/2 1246/6/2 1250/6/2
f 1249/5/2 1248/5/2 1250/5/2
f 1250/6/2 1246/6/2 1251/6/2
f 1251/6/2 1246/6/2 1252/6/2
f 1250/5/2 1251/5/2 1255/5/2
f 1251/1/2 1252/1/2 1256/1/2
f 1255/5/2 1251/5/2 1256/5/2
f 1256/1/2 1252/1/2 1257/1/2
f 1253/2/2 1254/2/2 1260/2/2
f 1260/2/2 1254/2/2 1261/2/2
f 1261/2/2 1254/2/2 1262/2/2
f 1262/2/2 1263/2/2 1264/2/2
f 1261/2/2 1262/2/2 1264/2/2
f 1264/2/2 1263/2/2 1265/2/2
f 1265/2/2 1263/2/2 1266/2/2
f 1257/1/2 1258/1/2 1268/1/2
f 1258/6/2 1259/6/2 1269/6/2
f 1268/1/2 1258/1/2 1269/1/2
f 1266/2/2 1267/2/2 1270/2/2
f 1265/2/2 1266/2/2 1270/2/2
f 1270/2/2 1267/2/2 1271/2/2
f 1271/2/2 1267/2/2 1272/2/2
f 1268/5/2 1269/5/2 1274/5/2
f 1269/6/2 1259/6/2 1275/6/2
f 1274/5/2 1269/5/2 1275/5/2
f 1275/6/2 1259/6/2 1276/6/2
f 1276/6/2 1259/6/2 1277/6/2
f 1277/6/2 1259/6/2 1278/6/2
f 1272/2/2 1273/2/2 1280/2/2
f 1271/2/2 1272/2/2 1280/2/2
f 1280/2/2 1273/2/2 1281/2/2
f 1281/2/2 1273/2/2 1282/2/2
f 1275/5/2 1276/5/2 1284/5/2
f 1276/1/2 1277/1/2 1285/1/2
f 1284/5/2 1276/5/2 1285/5/2
f 1278/6/2 1279/6/2 1286/6/2
f 1285/1/2 1277/1/2 1286/1/2
f 1277/6/2 1278/6/2 1286/6/2
f 1286/6/2 1279/6/2 1287/6/2
f 1281/2/2 1282/2/2 1288/2/2
f 1282/2/2 1283/2/2 1288/2/2
f 1288/2/2 1283/2/2 1289/2/2
f 1289/2/2 1283/2/2 1290/2/2
f 1290/2/2 1291/2/2 1292/2/2
f 1289/2/2 1290/2/2 1292/2/2
f 1292/2/2 1291/2/2 1293/2/2
f 1293/2/2 1291/2/2 1294/2/2
f 1286/1/2 1287/1/2 1296/1/2
f 1287/6/2 1279/6/2 1297/6/2
f 1296/1/2 1287/1/2 1297/1/2
f 1294/2/2 1295/2/2 1298/2/2
f 1293/2/2 1294/2/2 1298/2/2
f 1298/2/2 1295/2/2 1299/2/2
f 1299/2/2 1295/2/2 1300/2/2
f 1296/5/2 1297/5/2 1302/5/2
f 1297/6/2 1279/6/2 1303/6/2
f 1302/5/2 1297/5/2 1303/5/2
f 1303/6/2 1279/6/2 1304/6/2
f 1300/2/2 1301/2/2 1305/2/2
f 1299/2/2 1300/2/2 1305/2/2
f 1305/2/2 1301/2/2 1306/2/2
f 1306/2/2 1301/2/2 1307/2/2
f 1303/5/2 1304/5/2 1309/5/2
f 1309/5/2 1304/5/2 1310/5/2
f 1307/2/2 1308/2/2 1311/2/2
f 1306/2/2 1307/2/2 1311/2/2
f 1311/2/2 1308/2/2 1312/2/2
f 1312/2/2 1308/2/2 1313/2/2
f 1313/2/2 1314/2/2 1315/2/2
f 1312/2/2 1313/2/2 1315/2/2
f 1315/2/2 1314/2/2 1316/2/2
f 1316/2/2 1314/2/2 1317/2/2
f 1310/5/2 1304/5/2 1319/5/2
f 1319/5/2 1304/5/2 1320/5/2
f 1317/2/2 1318/2/2 1321/2/2
f 1316/2/2 1317/2/2 1321/2/2
f 1321/2/2 1318/2/2 1322/2/2
f 1322/2/2 1318/2/2 1323/2/2
f 1323/2/2 1324/2/2 1325/2/2
f 1322/2/2 1323/2/2 1325/2/2
f 1325/2/2 1324/2/2 1326/2/2
f 1326/2/2 1324/2/2 1327/2/2
f 1327/2/2 1328/2/2 1329/2/2
f 1326/2/2 1327/2/2 1329/2/2
f 1329/2/2 1328/2/2 1330/2/2
f 1330/2/2 1328/2/2 1331/2/2
f 1331/2/2 1332/2/2 1333/2/2
f 1330/2/2 1331/2/2 1333/2/2
f 1333/2/2 1332/2/2 1334/2/2
f 1334/2/2 1332/2/2 1335/2/2
f 1335/2/2 1336/2/2 1337/2/2
f 1334/2/2 1335/2/2 1337/2/2
f 1337/2/2 1336/2/2 1338/2/2
f 1338/2/2 1336/2/2 1339/2/2
f 1339/2/2 1340/2/2 1341/2/2
f 1338/2/2 1339/2/2 1341/2/2
f 1341/2/2 1340/2/2 1342/2/2
f 1342/2/2 1340/2/2 1343/2/2
f 1343/2/2 1344/2/2 1345/2/2
f 1342/2/2 1343/2/2 1345/2/2
f 1345/2/2 1344/2/2 1346/2/2
f 1346/2/2 1344/2/2 1347/2/2
f 1347/2/2 1348/2/2 1349/2/2
f 1346/2/2 1347/2/2 1349/2/2
f 1349/2/2 1348/2/2 1350/2/2
f 1350/2/2 1348/2/2 1351/2/2
f 1351/2/2 1352/2/2 1353/2/2
f 1350/2/2 1351/2/2 1353/2/2
f 1353/2/2 1352/2/2 1354/2/2
f 1354/2/2 1352/2/2 1355/2/2
f 1355/2/2 1356/2/2 1357/2/2
f 1354/2/2 1355/2/2 1357/2/2
f 1357/2/2 1356/2/2 1358/2/2
f 1358/2/2 1356/2/2 1359/2/2
f 1359/2/2 1360/2/2 1361/2/2
f 1358/2/2 1359/2/2 1361/2/2
f 1361/2/2 1360/2/2 1362/2/2
f 1362/2/2 1360/2/2 1363/2/2
f 1363/2/2 1364/2/2 1365/2/2
f 1362/2/2 1363/2/2 1365/2/2
f 1365/2/2 1364/2/2 1366/2/2
f 1366/2/2 1364/2/2 1367/2/2
f 1367/2/2 1368/2/2 1369/2/2
f 1366/2/2 1367/2/2 1369/2/2
f 1369/2/2 1368/2/2 1370/2/2
f 1370/2/2 1368/2/2 1371/2/2
f 1371/2/2 1372/2/2 1373/2/2
f 1370/2/2 1371/2/2 1373/2/2
f 1373/2/2 1372/2/2 1374/2/2
f 1374/2/2 1372/2/2 1375/2/2
f 1375/2/2 1372/2/2 1376/2/2
f 1380/1/3 1378/1/3 1377/1/3
f 1381/5/3 1379/5/3 1378/5/3
f 1381/1/3 1378/1/3 1380/1/3
f 1382/6/3 1381/6/3 1380/6/3
f 1383/5/3 1379/5/3 1381/5/3
f 1383/6/3 1381/6/3 1382/6/3
f 1384/1/3 1383/1/3 1382/1/3
f 1385/5/3 1379/5/3 1383/5/3
f 1385/1/3 1383/1/3 1384/1/3
f 1386/6/3 1385/6/3 1384/6/3
f 1387/5/3 1379/5/3 1385/5/3
f 1387/6/3 1385/6/3 1386/6/3
f 1388/1/3 1387/1/3 1386/1/3
f 1389/5/3 1379/5/3 1387/5/3
f 1389/1/3 1387/1/3 1388/1/3
f 1390/6/3 1389/6/3 1388/6/3
f 1391/5/3 1379/5/3 1389/5/3
f 1391/6/3 1389/6/3 1390/6/3
f 1392/1/3 1391/1/3 1390/1/3
f 1393/5/3 1379/5/3 1391/5/3
f 1393/1/3 1391/1/3 1392/1/3
f 1394/6/3 1393/6/3 1392/6/3
f 1395/5/3 1379/5/3 1393/5/3
f 1395/6/3 1393/6/3 1394/6/3
f 1396/1/3 1395/1/3 1394/1/3
f 1397/5/3 1379/5/3 1395/5/3
f 1397/1/3 1395/1/3 1396/1/3
f 1398/5/3 1379/5/3 1397/5/3
f 1401/5/3 1400/5/3 1399/5/3
f 1402/5/3 1400/5/3 1401/5/3
f 1405/2/3 1404/2/3 1403/2/3
f 1407/2/3 1405/2/3 1403/2/3
f 1407/2/3 1406/2/3 1405/2/3
f 1408/2/3 1406/2/3 1407/2/3
f 1409/2/3 1407/2/3 1403/2/3
f 1410/2/3 1407/2/3 1409/2/3
f 1413/2/3 1412/2/3 1411/2/3
f 1414/2/3 1412/2/3 1413/2/3
f 1418/1/3 1416/1/3 1415/1/3
f 1419/5/3 1417/5/3 1416/5/3
f 1419/1/3 1416/1/3 1418/1/3
f 1420/6/3 1419/6/3 1418/6/3
f 1421/5/3 1417/5/3 1419/5/3
f 1421/6/3 1419/6/3 1420/6/3
f 1422/1/3 1421/1/3 1420/1/3
f 1423/5/3 1417/5/3 1421/5/3
f 1423/1/3 1421/1/3 1422/1/3
f 1424/6/3 1423/6/3 1422/6/3
f 1425/5/3 1417/5/3 1423/5/3
f 1425/6/3 1423/6/3 1424/6/3
f 1426/1/3 1425/1/3 1424/1/3
f 1427/5/3 1417/5/3 1425/5/3
f 1427/1/3 1425/1/3 1426/1/3
f 1428/6/3 1427/6/3 1426/6/3
f 1429/5/3 1417/5/3 1427/5/3
f 1429/6/3 1427/6/3 1428/6/3
f 1430/1/3 1429/1/3 1428/1/3
f 1431/5/3 1417/5/3 1429/5/3
f 1431/1/3 1429/1/3 1430/1/3
f 1434/2/3 1433/2/3 1432/2/3
f 1435/2/3 1433/2/3 1434/2/3
f 1437/6/3 1431/6/3 1430/6/3
f 1438/5/3 1417/5/3 1431/5/3
f 1438/6/3 1431/6/3 1437/6/3
f 1440/2/3 1436/2/3 1435/2/3
f 1441/2/3 1436/2/3 1440/2/3
f 1442/1/3 1438/1/3 1437/1/3
f 1443/5/3 1417/5/3 1438/5/3
f 1443/1/3 1438/1/3 1442/1/3
f 1444/5/3 1417/5/3 1443/5/3
f 1445/2/3 1440/2/3 1439/2/3
f 1446/2/3 1440/2/3 1445/2/3
f 1451/2/3 1450/2/3 1449/2/3
f 1452/2/3 1450/2/3 1451/2/3
f 1455/2/3 1453/2/3 1452/2/3
f 1456/2/3 1453/2/3 1455/2/3
f 1457/5/3 1448/5/3 1447/5/3
f 1458/5/3 1448/5/3 1457/5/3
f 1459/2/3 1455/2/3 1454/2/3
f 1460/2/3 1455/2/3 1459/2/3
f 1463/2/3 1462/2/3 1461/2/3
f 1464/2/3 1462/2/3 1463/2/3
f 1467/2/3 1465/2/3 1464/2/3
f 1468/2/3 1465/2/3 1467/2/3
f 1469/2/3 1467/2/3 1466/2/3
f 1470/2/3 1467/2/3 1469/2/3
f 1473/2/3 1472/2/3 1471/2/3
f 1474/2/3 1472/2/3 1473/2/3
f 1477/2/3 1475/2/3 1474/2/3
f 1478/2/3 1475/2/3 1477/2/3
f 1479/2/3 1477/2/3 1476/2/3
f 1480/2/3 1477/2/3 1479/2/3
f 1483/2/3 1482/2/3 1481/2/3
f 1484/2/3 1482/2/3 1483/2/3
f 1487/2/3 1485/2/3 1484/2/3
f 1488/2/3 1485/2/3 1487/2/3
f 1489/2/3 1487/2/3 1486/2/3
f 1490/2/3 1487/2/3 1489/2/3
f 1494/1/3 1492/1/3 1491/1/3
f 1495/5/3 1493/5/3 1492/5/3
f 1495/1/3 1492/1/3 1494/1/3
f 1496/6/3 1495/6/3 1494/6/3
f 1497/5/3 1493/5/3 1495/5/3
f 1497/6/3 1495/6/3 1496/6/3
f 1498/1/3 1497/1/3 1496/1/3
f 1499/5/3 1493/5/3 1497/5/3
f 1499/1/3 1497/1/3 1498/1/3
f 1500/6/3 1499/6/3 1498/6/3
f 1501/5/3 1493/5/3 1499/5/3
f 1501/6/3 1499/6/3 1500/6/3
f 1502/1/3 1501/1/3 1500/1/3
f 1503/5/3 1493/5/3 1501/5/3
f 1503/1/3 1501/1/3 1502/1/3
f 1504/6/3 1503/6/3 1502/6/3
f 1505/5/3 1493/5/3 1503/5/3
f 1505/6/3 1503/6/3 1504/6/3
f 1506/1/3 1505/1/3 1504/1/3
f 1507/5/3 1493/5/3 1505/5/3
f 1507/1/3 1505/1/3 1506/1/3
f 1510/2/3 1509/2/3 1508/2/3
f 1511/2/3 1509/2/3 1510/2/3
f 1513/6/3 1507/6/3 1506/6/3
f 1514/5/3 1493/5/3 1507/5/3
f 1514/6/3 1507/6/3 1513/6/3
f 1516/2/3 1512/2/3 1511/2/3
f 1517/2/3 1512/2/3 1516/2/3
f 1518/1/3 1514/1/3 1513/1/3
f 1519/5/3 1493/5/3 1514/5/3
f 1519/1/3 1514/1/3 1518/1/3
f 1520/5/3 1493/5/3 1519/5/3
f 1521/2/3 1516/2/3 1515/2/3
f 1522/2/3 1516/2/3 1521/2/3
f 1527/2/3 1526/2/3 1525/2/3
f 1528/2/3 1526/2/3 1527/2/3
f 1531/2/3 1529/2/3 1528/2/3
f 1532/2/3 1529/2/3 1531/2/3
f 1533/5/3 1524/5/3 1523/5/3
f 1534/5/3 1524/5/3 1533/5/3
f 1535/2/3 1531/2/3 1530/2/3
f 1536/2/3 1531/2/3 1535/2/3
f 1539/2/3 1538/2/3 1537/2/3
f 1540/2/3 1538/2/3 1539/2/3
f 1543/2/3 1541/2/3 1540/2/3
f 1544/2/3 1541/2/3 1543/2/3
f 1545/2/3 1543/2/3 1542/2/3
f 1546/2/3 1543/2/3 1545/2/3
f 1549/2/3 1548/2/3 1547/2/3
f 1550/2/3 1548/2/3 1549/2/3
f 1554/1/3 1552/1/3 1551/1/3
f 1555/5/3 1553/5/3 1552/5/3
f 1555/1/3 1552/1/3 1554/1/3
f 1556/6/3 1555/6/3 1554/6/3
f 1557/5/3 1553/5/3 1555/5/3
f 1557/6/3 1555/6/3 1556/6/3
f 1558/1/3 1557/1/3 1556/1/3
f 1559/5/3 1553/5/3 1557/5/3
f 1559/1/3 1557/1/3 1558/1/3
f 1560/6/3 1559/6/3 1558/6/3
f 1561/5/3 1553/5/3 1559/5/3
f 1561/6/3 1559/6/3 1560/6/3
f 1562/1/3 1561/1/3 1560/1/3
f 1563/5/3 1553/5/3 1561/5/3
f 1563/1/3 1561/1/3 1562/1/3
f 1564/6/3 1563/6/3 1562/6/3
f 1565/5/3 1553/5/3 1563/5/3
f 1565/6/3 1563/6/3 1564/6/3
f 1566/1/3 1565/1/3 1564/1/3
f 1567/5/3 1553/5/3 1565/5/3
f 1567/1/3 1565/1/3 1566/1/3
f 1570/2/3 1569/2/3 1568/2/3
f 1571/2/3 1569/2/3 1570/2/3
f 1573/6/3 1567/6/3 1566/6/3
f 1574/5/3 1553/5/3 1567/5/3
f 1574/6/3 1567/6/3 1573/6/3
f 1576/2/3 1572/2/3 1571/2/3
f 1577/2/3 1572/2/3 1576/2/3
f 1578/1/3 1574/1/3 1573/1/3
f 1579/5/3 1553/5/3 1574/5/3
f 1579/1/3 1574/1/3 1578/1/3
f 1580/5/3 1553/5/3 1579/5/3
f 1581/2/3 1576/2/3 1575/2/3
f 1582/2/3 1576/2/3 1581/2/3
f 1587/2/3 1586/2/3 1585/2/3
f 1588/2/3 1586/2/3 1587/2/3
f 1591/2/3 1589/2/3 1588/2/3
f 1592/2/3 1589/2/3 1591/2/3
f 1593/5/3 1584/5/3 1583/5/3
f 1594/5/3 1584/5/3 1593/5/3
f 1595/2/3 1591/2/3 1590/2/3
f 1596/2/3 1591/2/3 1595/2/3
f 1599/2/3 1598/2/3 1597/2/3
f 1600/2/3 1598/2/3 1599/2/3
f 1603/2/3 1601/2/3 1600/2/3
f 1604/2/3 1601/2/3 1603/2/3
f 1605/2/3 1603/2/3 1602/2/3
f 1606/2/3 1603/2/3 1605/2/3
f 1609/2/3 1608/2/3 1607/2/3
f 1610/2/3 1608/2/3 1609/2/3
f 1613/2/3 1611/2/3 1610/2/3
f 1614/2/3 1611/2/3 1613/2/3
f 1615/2/3 1613/2/3 1612/2/3
f 1616/2/3 1613/2/3 1615/2/3
f 1619/2/3 1618/2/3 1617/2/3
f 1620/2/3 1618/2/3 1619/2/3
f 1623/2/3 1621/2/3 1620/2/3
f 1624/2/3 1621/2/3 1623/2/3
f 1625/2/3 1623/2/3 1622/2/3
f 1626/2/3 1623/2/3 1625/2/3
f 1630/1/3 1628/1/3 1627/1/3
f 1631/5/3 1629/5/3 1628/5/3
f 1631/1/3 1628/1/3 1630/1/3
f 1632/6/3 1631/6/3 1630/6/3
f 1633/5/3 1629/5/3 1631/5/3
f 1633/6/3 1631/6/3 1632/6/3
f 1634/1/3 1633/1/3 1632/1/3
f 1635/5/3 1629/5/3 1633/5/3
f 1635/1/3 1633/1/3 1634/1/3
f 1636/6/3 1635/6/3 1634/6/3
f 1637/5/3 1629/5/3 1635/5/3
f 1637/6/3 1635/6/3 1636/6/3
f 1638/1/3 1637/1/3 1636/1/3
f 1639/5/3 1629/5/3 1637/5/3
f 1639/1/3 1637/1/3 1638/1/3
f 1640/6/3 1639/6/3 1638/6/3
f 1641/5/3 1629/5/3 1639/5/3
f 1641/6/3 1639/6/3 1640/6/3
f 1642/1/3 1641/1/3 1640/1/3
f 1643/5/3 1629/5/3 1641/5/3
f 1643/1/3 1641/1/3 1642/1/3
f 1646/2/3 1645/2/3 1644/2/3
f 1647/2/3 1645/2/3 1646/2/3
f 1649/6/3 1643/6/3 1642/6/3
f 1650/5/3 1629/5/3 1643/5/3
f 1650/6/3 1643/6/3 1649/6/3
f 1652/2/3 1648/2/3 1647/2/3
f 1653/2/3 1648/2/3 1652/2/3
f 1654/1/3 1650/1/3 1649/1/3
f 1655/5/3 1629/5/3 1650/5/3
f 1655/1/3 1650/1/3 1654/1/3
f 1656/5/3 1629/5/3 1655/5/3
f 1657/2/3 1652/2/3 1651/2/3
f 1658/2/3 1652/2/3 1657/2/3
f 1663/2/3 1662/2/3 1661/2/3
f 1664/2/3 1662/2/3 1663/2/3
f 1667/2/3 1665/2/3 1664/2/3
f 1668/2/3 1665/2/3 1667/2/3
f 1669/5/3 1660/5/3 1659/5/3
f 1670/5/3 1660/5/3 1669/5/3
f 1671/2/3 1667/2/3 1666/2/3
f 1672/2/3 1667/2/3 1671/2/3
f 1675/2/3 1674/2/3 1673/2/3
f 1676/2/3 1674/2/3 1675/2/3
f 1679/2/3 1677/2/3 1676/2/3
f 1680/2/3 1677/2/3 1679/2/3
f 1681/2/3 1679/2/3 1678/2/3
f 1682/2/3 1679/2/3 1681/2/3
f 1685/2/3 1684/2/3 1683/2/3
f 1686/2/3 1684/2/3 1685/2/3
f 1690/1/3 1688/1/3 1687/1/3
f 1691/5/3 1689/5/3 1688/5/3
f 1691/1/3 1688/1/3 1690/1/3
f 1692/6/3 1691/6/3 1690/6/3
f 1693/5/3 1689/5/3 1691/5/3
f 1693/6/3 1691/6/3 1692/6/3
f 1694/1/3 1693/1/3 1692/1/3
f 1695/5/3 1689/5/3 1693/5/3
f 1695/1/3 1693/1/3 1694/1/3
f 1696/6/3 1695/6/3 1694/6/3
f 1697/5/3 1689/5/3 1695/5/3
f 1697/6/3 1695/6/3 1696/6/3
f 1698/1/3 1697/1/3 1696/1/3
f 1699/5/3 1689/5/3 1697/5/3
f 1699/1/3 1697/1/3 1698/1/3
f 1700/6/3 1699/6/3 1698/6/3
f 1701/5/3 1689/5/3 1699/5/3
f 1701/6/3 1699/6/3 1700/6/3
f 1702/1/3 1701/1/3 1700/1/3
f 1703/5/3 1689/5/3 1701/5/3
f 1703/1/3 1701/1/3 1702/1/3
f 1706/2/3 1705/2/3 1704/2/3
f 1707/2/3 1705/2/3 1706/2/3
f 1709/6/3 1703/6/3 1702/6/3
f 1710/5/3 1689/5/3 1703/5/3
f 1710/6/3 1703/6/3 1709/6/3
f 1712/2/3 1708/2/3 1707/2/3
f 1713/2/3 1708/2/3 1712/2/3
f 1714/1/3 1710/1/3 1709/1/3
f 1715/5/3 1689/5/3 1710/5/3
f 1715/1/3 1710/1/3 1714/1/3
f 1716/5/3 1689/5/3 1715/5/3
f 1717/2/3 1712/2/3 1711/2/3
f 1718/2/3 1712/2/3 1717/2/3
f 1723/2/3 1722/2/3 1721/2/3
f 1724/2/3 1722/2/3 1723/2/3
f 1727/2/3 1725/2/3 1724/2/3
f 1728/2/3 1725/2/3 1727/2/3
f 1729/5/3 1720/5/3 1719/5/3
f 1730/5/3 1720/5/3 1729/5/3
f 1731/2/3 1727/2/3 1726/2/3
f 1732/2/3 1727/2/3 1731/2/3
f 1735/2/3 1734/2/3 1733/2/3
f 1736/2/3 1734/2/3 1735/2/3
f 1739/2/3 1737/2/3 1736/2/3
f 1740/2/3 1737/2/3 1739/2/3
f 1741/2/3 1739/2/3 1738/2/3
f 1742/2/3 1739/2/3 1741/2/3
f 1745/2/3 1744/2/3 1743/2/3
f 1746/2/3 1744/2/3 1745/2/3
f 1749/2/3 1747/2/3 1746/2/3
f 1750/2/3 1747/2/3 1749/2/3
f 1751/2/3 1749/2/3 1748/2/3
f 1752/2/3 1749/2/3 1751/2/3
f 1755/2/3 1754/2/3 1753/2/3
f 1756/2/3 1754/2/3 1755/2/3
f 1759/2/3 1757/2/3 1756/2/3
f 1760/2/3 1757/2/3 1759/2/3
f 1761/2/3 1759/2/3 1758/2/3
f 1762/2/3 1759/2/3 1761/2/3
f 1766/1/3 1764/1/3 1763/1/3
f 1767/1/3 1764/1/3 1766/1/3
f 1768/1/3 1764/1/3 1767/1/3
f 1769/1/3 1764/1/3 1768/1/3
f 1770/1/3 1764/1/3 1769/1/3
f 1771/1/3 1764/1/3 1770/1/3
f 1774/2/3 1773/2/3 1772/2/3
f 1775/2/3 1773/2/3 1774/2/3
f 1777/1/3 1764/1/3 1771/1/3
f 1779/2/3 1776/2/3 1775/2/3
f 1780/2/3 1776/2/3 1779/2/3
f 1781/1/3 1764/1/3 1777/1/3
f 1782/5/3 1765/5/3 1764/5/3
f 1782/1/3 1764/1/3 1781/1/3
f 1783/5/3 1765/5/3 1782/5/3
f 1784/2/3 1779/2/3 1778/2/3
f 1785/2/3 1779/2/3 1784/2/3
f 1790/2/3 1789/2/3 1788/2/3
f 1791/2/3 1789/2/3 1790/2/3
f 1794/2/3 1792/2/3 1791/2/3
f 1795/2/3 1792/2/3 1794/2/3
f 1796/5/3 1787/5/3 1786/5/3
f 1797/5/3 1787/5/3 1796/5/3
f 1798/2/3 1794/2/3 1793/2/3
f 1799/2/3 1794/2/3 1798/2/3
f 1804/2/3 1803/2/3 1802/2/3
f 1805/2/3 1803/2/3 1804/2/3
f 1808/2/3 1806/2/3 1805/2/3
f 1809/2/3 1806/2/3 1808/2/3
f 1810/5/3 1801/5/3 1800/5/3
f 1811/5/3 1801/5/3 1810/5/3
f 1812/2/3 1808/2/3 1807/2/3
f 1813/2/3 1808/2/3 1812/2/3
f 1816/2/3 1815/2/3 1814/2/3
f 1817/2/3 1815/2/3 1816/2/3
f 1820/2/3 1819/2/3 1818/2/3
f 1821/2/3 1819/2/3 1820/2/3
f 1824/4/3 1823/4/3 1822/4/3
f 1825/4/3 1823/4/3 1824/4/3
f 1826/4/3 1824/4/3 1822/4/3
f 1827/4/3 1823/4/3 1825/4/3
f 1828/4/3 1826/4/3 1822/4/3
f 1828/4/3 1827/4/3 1826/4/3
f 1829/4/3 1823/4/3 1827/4/3
f 1829/4/3 1827/4/3 1828/4/3
f 1830/4/3 1823/4/3 1829/4/3
f 1831/4/3 1828/4/3 1822/4/3
f 1834/4/3 1831/4/3 1822/4/3
f 1834/4/3 1833/4/3 1832/4/3
f 1834/4/3 1832/4/3 1831/4/3
f 1835/4/3 1833/4/3 1834/4/3
f 1836/4/3 1834/4/3 1822/4/3
f 1837/4/3 1833/4/3 1835/4/3
f 1838/4/3 1836/4/3 1822/4/3
f 1838/4/3 1837/4/3 1836/4/3
f 1839/4/3 1833/4/3 1837/4/3
f 1839/4/3 1837/4/3 1838/4/3
f 1840/4/3 1833/4/3 1839/4/3
f 1841/4/3 1838/4/3 1822/4/3
f 1844/4/3 1841/4/3 1822/4/3
f 1844/4/3 1843/4/3 1842/4/3
f 1844/4/3 1842/4/3 1841/4/3
f 1845/4/3 1843/4/3 1844/4/3
f 1846/4/3 1844/4/3 1822/4/3
f 1847/4/3 1843/4/3 1845/4/3
f 1848/4/3 1846/4/3 1822/4/3
f 1848/4/3 1847/4/3 1846/4/3
f 1849/4/3 1843/4/3 1847/4/3
f 1849/4/3 1847/4/3 1848/4/3
f 1850/4/3 1843/4/3 1849/4/3
f 1851/4/3 1848/4/3 1822/4/3
f 1854/4/3 1851/4/3 1822/4/3
f 1854/4/3 1853/4/3 1852/4/3
f 1854/4/3 1852/4/3 1851/4/3
f 1855/4/3 1853/4/3 1854/4/3
f 1856/4/3 1854/4/3 1822/4/3
f 1857/4/3 1853/4/3 1855/4/3
f 1858/4/3 1856/4/3 1822/4/3
f 1858/4/3 1857/4/3 1856/4/3
f 1859/4/3 1853/4/3 1857/4/3
f 1859/4/3 1857/4/3 1858/4/3
f 1860/4/3 1853/4/3 1859/4/3
f 1861/4/3 1858/4/3 1822/4/3
f 1864/4/3 1861/4/3 1822/4/3
f 1864/4/3 1863/4/3 1862/4/3
f 1864/4/3 1862/4/3 1861/4/3
f 1865/4/3 1863/4/3 1864/4/3
f 1866/4/3 1864/4/3 1822/4/3
f 1867/4/3 1863/4/3 1865/4/3
f 1868/4/3 1866/4/3 1822/4/3
f 1868/4/3 1867/4/3 1866/4/3
f 1869/4/3 1863/4/3 1867/4/3
f 1869/4/3 1867/4/3 1868/4/3
f 1872/2/3 1871/2/3 1870/2/3
f 1873/2/3 1871/2/3 1872/2/3
f 1876/2/3 1875/2/3 1874/2/3
f 1877/2/3 1875/2/3 1876/2/3
f 1880/2/3 1879/2/3 1878/2/3
f 1881/2/3 1879/2/3 1880/2/3
f 1884/4/3 1883/4/3 1882/4/3
f 1885/4/3 1883/4/3 1884/4/3
f 1886/4/3 1884/4/3 1882/4/3
f 1887/4/3 1883/4/3 1885/4/3
f 1888/4/3 1886/4/3 1882/4/3
f 1888/4/3 1887/4/3 1886/4/3
f 1889/4/3 1883/4/3 1887/4/3
f 1889/4/3 1887/4/3 1888/4/3
f 1890/4/3 1883/4/3 1889/4/3
f 1891/4/3 1888/4/3 1882/4/3
f 1894/4/3 1891/4/3 1882/4/3
f 1894/4/3 1893/4/3 1892/4/3
f 1894/4/3 1892/4/3 1891/4/3
f 1895/4/3 1893/4/3 1894/4/3
f 1896/4/3 1894/4/3 1882/4/3
f 1897/4/3 1893/4/3 1895/4/3
f 1898/4/3 1896/4/3 1882/4/3
f 1898/4/3 1897/4/3 1896/4/3
f 1899/4/3 1893/4/3 1897/4/3
f 1899/4/3 1897/4/3 1898/4/3
f 1900/4/3 1893/4/3 1899/4/3
f 1901/4/3 1898/4/3 1882/4/3
f 1904/4/3 1901/4/3 1882/4/3
f 1904/4/3 1903/4/3 1902/4/3
f 1904/4/3 1902/4/3 1901/4/3
f 1905/4/3 1903/4/3 1904/4/3
f 1906/4/3 1904/4/3 1882/4/3
f 1907/4/3 1903/4/3 1905/4/3
f 1908/4/3 1906/4/3 1882/4/3
f 1908/4/3 1907/4/3 1906/4/3
f 1909/4/3 1903/4/3 1907/4/3
f 1909/4/3 1907/4/3 1908/4/3
f 1910/4/3 1903/4/3 1909/4/3
f 1911/4/3 1908/4/3 1882/4/3
f 1914/4/3 1911/4/3 1882/4/3
f 1914/4/3 1913/4/3 1912/4/3
f 1914/4/3 1912/4/3 1911/4/3
f 1915/4/3 1913/4/3 1914/4/3
f 1916/4/3 1914/4/3 1882/4/3
f 1917/4/3 1913/4/3 1915/4/3
f 1918/4/3 1916/4/3 1882/4/3
f 1918/4/3 1917/4/3 1916/4/3
f 1919/4/3 1913/4/3 1917/4/3
f 1919/4/3 1917/4/3 1918/4/3
f 1920/4/3 1913/4/3 1919/4/3
f 1921/4/3 1918/4/3 1882/4/3
f 1924/4/3 1921/4/3 1882/4/3
f 1924/4/3 1923/4/3 1922/4/3
f 1924/4/3 1922/4/3 1921/4/3
f 1925/4/3 1923/4/3 1924/4/3
f 1926/4/3 1924/4/3 1882/4/3
f 1927/4/3 1923/4/3 1925/4/3
f 1928/4/3 1926/4/3 1882/4/3
f 1928/4/3 1927/4/3 1926/4/3
f 1929/4/3 1923/4/3 1927/4/3
f 1929/4/3 1927/4/3 1928/4/3
f 1932/2/3 1931/2/3 1930/2/3
f 1933/2/3 1931/2/3 1932/2/3
f 1936/2/3 1935/2/3 1934/2/3
f 1937/2/3 1935/2/3 1936/2/3
f 1940/2/3 1939/2/3 1938/2/3
f 1941/2/3 1939/2/3 1940/2/3
f 1944/4/3 1943/4/3 1942/4/3
f 1945/4/3 1943/4/3 1944/4/3
f 1946/4/3 1944/4/3 1942/4/3
f 1947/4/3 1943/4/3 1945/4/3
f 1948/4/3 1946/4/3 1942/4/3
f 1948/4/3 1947/4/3 1946/4/3
f 1949/4/3 1943/4/3 1947/4/3
f 1949/4/3 1947/4/3 1948/4/3
f 1950/4/3 1943/4/3 1949/4/3
f 1951/4/3 1948/4/3 1942/4/3
f 1954/4/3 1951/4/3 1942/4/3
f 1954/4/3 1953/4/3 1952/4/3
f 1954/4/3 1952/4/3 1951/4/3
f 1955/4/3 1953/4/3 1954/4/3
f 1956/4/3 1954/4/3 1942/4/3
f 1957/4/3 1953/4/3 1955/4/3
f 1958/4/3 1956/4/3 1942/4/3
f 1958/4/3 1957/4/3 1956/4/3
f 1959/4/3 1953/4/3 1957/4/3
f 1959/4/3 1957/4/3 1958/4/3
f 1960/4/3 1953/4/3 1959/4/3
f 1961/4/3 1958/4/3 1942/4/3
f 1964/4/3 1961/4/3 1942/4/3
f 1964/4/3 1963/4/3 1962/4/3
f 1964/4/3 1962/4/3 1961/4/3
f 1965/4/3 1963/4/3 1964/4/3
f 1966/4/3 1964/4/3 1942/4/3
f 1967/4/3 1963/4/3 1965/4/3
f 1968/4/3 1966/4/3 1942/4/3
f 1968/4/3 1967/4/3 1966/4/3
f 1969/4/3 1963/4/3 1967/4/3
f 1969/4/3 1967/4/3 1968/4/3
f 1970/4/3 1963/4/3 1969/4/3
f 1971/4/3 1968/4/3 1942/4/3
f 1974/4/3 1971/4/3 1942/4/3
f 1974/4/3 1973/4/3 1972/4/3
f 1974/4/3 1972/4/3 1971/4/3
f 1975/4/3 1973/4/3 1974/4/3
f 1976/4/3 1974/4/3 1942/4/3
f 1977/4/3 1973/4/3 1975/4/3
f 1978/4/3 1976/4/3 1942/4/3
f 1978/4/3 1977/4/3 1976/4/3
f 1979/4/3 1973/4/3 1977/4/3
f 1979/4/3 1977/4/3 1978/4/3
f 1980/4/3 1973/4/3 1979/4/3
f 1981/4/3 1978/4/3 1942/4/3
f 1984/4/3 1981/4/3 1942/4/3
f 1984/4/3 1983/4/3 1982/4/3
f 1984/4/3 1982/4/3 1981/4/3
f 1985/4/3 1983/4/3 1984/4/3
f 1986/4/3 1984/4/3 1942/4/3
f 1987/4/3 1983/4/3 1985/4/3
f 1988/4/3 1986/4/3 1942/4/3
f 1988/4/3 1987/4/3 1986/4/3
f 1989/4/3 1983/4/3 1987/4/3
f 1989/4/3 1987/4/3 1988/4/3
f 1994/2/3 1991/2/3 1990/2/3
f 1995/2/3 1991/2/3 1994/2/3
f 1996/2/3 1993/2/3 1992/2/3
f 1997/2/3 1993/2/3 1996/2/3
f 2000/2/3 1999/2/3 1998/2/3
f 2001/2/3 1999/2/3 2000/2/3
f 2004/4/3 2003/4/3 2002/4/3
f 2005/4/3 2003/4/3 2004/4/3
f 2006/4/3 2004/4/3 2002/4/3
f 2007/4/3 2003/4/3 2005/4/3
f 2008/4/3 2006/4/3 2002/4/3
f 2008/4/3 2007/4/3 2006/4/3
f 2009/4/3 2003/4/3 2007/4/3
f 2009/4/3 2007/4/3 2008/4/3
f 2010/4/3 2003/4/3 2009/4/3
f 2011/4/3 2008/4/3 2002/4/3
f 2014/4/3 2011/4/3 2002/4/3
f 2014/4/3 2013/4/3 2012/4/3
f 2014/4/3 2012/4/3 2011/4/3
f 2015/4/3 2013/4/3 2014/4/3
f 2016/4/3 2014/4/3 2002/4/3
f 2017/4/3 2013/4/3 2015/4/3
f 2018/4/3 2016/4/3 2002/4/3
f 2018/4/3 2017/4/3 2016/4/3
f 2019/4/3 2013/4/3 2017/4/3
f 2019/4/3 2017/4/3 2018/4/3
f 2020/4/3 2013/4/3 2019/4/3
f 2021/4/3 2018/4/3 2002/4/3
f 2024/4/3 2021/4/3 2002/4/3
f 2024/4/3 2023/4/3 2022/4/3
f 2024/4/3 2022/4/3 2021/4/3
f 2025/4/3 2023/4/3 2024/4/3
f 2026/4/3 2024/4/3 2002/4/3
f 2027/4/3 2023/4/3 2025/4/3
f 2028/4/3 2026/4/3 2002/4/3
f 2028/4/3 2027/4/3 2026/4/3
f 2029/4/3 2023/4/3 2027/4/3
f 2029/4/3 2027/4/3 2028/4/3
f 2030/4/3 2023/4/3 2029/4/3
f 2031/4/3 2028/4/3 2002/4/3
f 2034/4/3 2031/4/3 2002/4/3
f 2034/4/3 2033/4/3 2032/4/3
f 2034/4/3 2032/4/3 2031/4/3
f 2035/4/3 2033/4/3 2034/4/3
f 2036/4/3 2034/4/3 2002/4/3
f 2037/4/3 2033/4/3 2035/4/3
f 2038/4/3 2036/4/3 2002/4/3
f 2038/4/3 2037/4/3 2036/4/3
f 2039/4/3 2033/4/3 2037/4/3
f 2039/4/3 2037/4/3 2038/4/3
f 2040/4/3 2033/4/3 2039/4/3
f 2041/4/3 2038/4/3 2002/4/3
f 2044/4/3 2041/4/3 2002/4/3
f 2044/4/3 2043/4/3 2042/4/3
f 2044/4/3 2042/4/3 2041/4/3
f 2045/4/3 2043/4/3 2044/4/3
f 2046/4/3 2044/4/3 2002/4/3
f 2047/4/3 2043/4/3 2045/4/3
f 2048/4/3 2046/4/3 2002/4/3
f 2048/4/3 2047/4/3 2046/4/3
f 2049/4/3 2043/4/3 2047/4/3
f 2049/4/3 2047/4/3 2048/4/3
f 2052/2/3 2051/2/3 2050/2/3
f 2053/2/3 2051/2/3 2052/2/3
f 2056/2/3 2055/2/3 2054/2/3
f 2057/2/3 2055/2/3 2056/2/3
f 2060/2/3 2059/2/3 2058/2/3
f 2061/2/3 2059/2/3 2060/2/3
f 2064/2/3 2063/2/3 2062/2/3
f 2065/2/3 2063/2/3 2064/2/3
f 2068/4/3 2067/4/3 2066/4/3
f 2069/4/3 2067/4/3 2068/4/3
f 2070/4/3 2068/4/3 2066/4/3
f 2071/4/3 2067/4/3 2069/4/3
f 2072/4/3 2070/4/3 2066/4/3
f 2072/4/3 2071/4/3 2070/4/3
f 2073/4/3 2067/4/3 2071/4/3
f 2073/4/3 2071/4/3 2072/4/3
f 2074/4/3 2067/4/3 2073/4/3
f 2075/4/3 2072/4/3 2066/4/3
f 2078/4/3 2075/4/3 2066/4/3
f 2078/4/3 2077/4/3 2076/4/3
f 2078/4/3 2076/4/3 2075/4/3
f 2079/4/3 2077/4/3 2078/4/3
f 2080/4/3 2078/4/3 2066/4/3
f 2081/4/3 2077/4/3 2079/4/3
f 2082/4/3 2080/4/3 2066/4/3
f 2082/4/3 2081/4/3 2080/4/3
f 2083/4/3 2077/4/3 2081/4/3
f 2083/4/3 2081/4/3 2082/4/3
f 2084/4/3 2077/4/3 2083/4/3
f 2085/4/3 2082/4/3 2066/4/3
f 2088/4/3 2085/4/3 2066/4/3
f 2088/4/3 2087/4/3 2086/4/3
f 2088/4/3 2086/4/3 2085/4/3
f 2089/4/3 2087/4/3 2088/4/3
f 2090/4/3 2088/4/3 2066/4/3
f 2091/4/3 2087/4/3 2089/4/3
f 2092/4/3 2090/4/3 2066/4/3
f 2092/4/3 2091/4/3 2090/4/3
f 2093/4/3 2087/4/3 2091/4/3
f 2093/4/3 2091/4/3 2092/4/3
f 2094/4/3 2087/4/3 2093/4/3
f 2095/4/3 2092/4/3 2066/4/3
f 2098/4/3 2095/4/3 2066/4/3
f 2098/4/3 2097/4/3 2096/4/3
f 2098/4/3 2096/4/3 2095/4/3
f 2099/4/3 2097/4/3 2098/4/3
f 2100/4/3 2098/4/3 2066/4/3
f 2101/4/3 2097/4/3 2099/4/3
f 2102/4/3 2100/4/3 2066/4/3
f 2102/4/3 2101/4/3 2100/4/3
f 2103/4/3 2097/4/3 2101/4/3
f 2103/4/3 2101/4/3 2102/4/3
f 2104/4/3 2097/4/3 2103/4/3
f 2105/4/3 2102/4/3 2066/4/3
f 2108/4/3 2105/4/3 2066/4/3
f 2108/4/3 2107/4/3 2106/4/3
f 2108/4/3 2106/4/3 2105/4/3
f 2109/4/3 2107/4/3 2108/4/3
f 2110/4/3 2108/4/3 2066/4/3
f 2111/4/3 2107/4/3 2109/4/3
f 2112/4/3 2110/4/3 2066/4/3
f 2112/4/3 2111/4/3 2110/4/3
f 2113/4/3 2107/4/3 2111/4/3
f 2113/4/3 2111/4/3 2112/4/3
f 2116/2/3 2115/2/3 2114/2/3
f 2117/2/3 2115/2/3 2116/2/3
f 2120/2/3 2119/2/3 2118/2/3
f 2121/2/3 2119/2/3 2120/2/3
f 2127/5/3 2123/5/3 2122/5/3
f 2128/4/3 2127/4/3 2126/4/3
f 2129/5/3 2123/5/3 2127/5/3
f 2129/4/3 2127/4/3 2128/4/3
f 2131/5/3 2123/5/3 2129/5/3
f 2132/4/3 2131/4/3 2130/4/3
f 2133/5/3 2123/5/3 2131/5/3
f 2133/4/3 2131/4/3 2132/4/3
f 2135/5/3 2123/5/3 2133/5/3
f 2136/4/3 2135/4/3 2134/4/3
f 2137/5/3 2123/5/3 2135/5/3
f 2137/4/3 2135/4/3 2136/4/3
f 2139/5/3 2123/5/3 2137/5/3
f 2140/4/3 2139/4/3 2138/4/3
f 2141/5/3 2123/5/3 2139/5/3
f 2141/4/3 2139/4/3 2140/4/3
f 2142/5/3 2123/5/3 2141/5/3
f 2143/5/3 2123/5/3 2142/5/3
f 2144/2/3 2125/2/3 2124/2/3
f 2145/2/3 2125/2/3 2144/2/3
f 2150/2/3 2149/2/3 2148/2/3
f 2151/2/3 2149/2/3 2150/2/3
f 2152/2/3 2149/2/3 2151/2/3
f 2153/2/3 2149/2/3 2152/2/3
f 2155/2/3 2152/2/3 2151/2/3
f 2156/2/3 2152/2/3 2155/2/3
f 2158/2/3 2147/2/3 2146/2/3
f 2159/2/3 2147/2/3 2158/2/3
f 2160/2/3 2155/2/3 2154/2/3
f 2161/2/3 2155/2/3 2160/2/3
f 2162/2/3 2157/2/3 2156/2/3
f 2163/2/3 2157/2/3 2162/2/3
f 2166/2/3 2165/2/3 2164/2/3
f 2167/2/3 2165/2/3 2166/2/3
f 2170/2/3 2169/2/3 2168/2/3
f 2171/2/3 2169/2/3 2170/2/3
f 2174/2/3 2173/2/3 2172/2/3
f 2175/2/3 2173/2/3 2174/2/3
f 2178/2/3 2177/2/3 2176/2/3
f 2179/2/3 2177/2/3 2178/2/3
f 2182/2/3 2181/2/3 2180/2/3
f 2183/2/3 2181/2/3 2182/2/3
f 2186/2/3 2185/2/3 2184/2/3
f 2187/2/3 2185/2/3 2186/2/3
f 2190/2/3 2189/2/3 2188/2/3
f 2191/2/3 2189/2/3 2190/2/3
f 2194/2/3 2193/2/3 2192/2/3
f 2195/2/3 2193/2/3 2194/2/3
f 2196/2/4 2197/2/4 2198/2/4
f 2198/2/4 2197/2/4 2199/2/4
f 2200/6/4 2201/6/4 2202/6/4
f 2200/6/4 2202/6/4 2203/6/4
f 2203/6/4 2202/6/4 2204/6/4
f 2200/6/4 2203/6/4 2205/6/4
f 2203/1/4 2204/1/4 2205/1/4
f 2205/1/4 2204/1/4 2206/1/4
f 2200/6/4 2205/6/4 2207/6/4
f 2205/6/4 2206/6/4 2207/6/4
f 2207/6/4 2206/6/4 2208/6/4
f 2200/6/4 2207/6/4 2209/6/4
f 2207/1/4 2208/1/4 2209/1/4
f 2209/1/4 2208/1/4 2210/1/4
f 2200/6/4 2209/6/4 2211/6/4
f 2209/6/4 2210/6/4 2211/6/4
f 2211/6/4 2210/6/4 2212/6/4
f 2200/6/4 2211/6/4 2213/6/4
f 2211/1/4 2212/1/4 2213/1/4
f 2213/1/4 2212/1/4 2214/1/4
f 2200/6/4 2213/6/4 2215/6/4
f 2213/6/4 2214/6/4 2215/6/4
f 2215/6/4 2214/6/4 2216/6/4
f 2200/6/4 2215/6/4 2217/6/4
f 2215/1/4 2216/1/4 2218/1/4
f 2217/6/4 2215/6/4 2218/6/4
f 2218/1/4 2216/1/4 2219/1/4
f 2220/2/4 2221/2/4 2222/2/4
f 2222/2/4 2221/2/4 2223/2/4
f 2224/2/4 2225/2/4 2226/2/4
f 2226/2/4 2225/2/4 2227/2/4
f 2228/2/4 2229/2/4 2230/2/4
f 2230/2/4 2229/2/4 2231/2/4
f 2232/2/4 2233/2/4 2234/2/4
f 2234/2/4 2233/2/4 2235/2/4
f 2236/6/4 2237/6/4 2238/6/4
f 2236/6/4 2238/6/4 2239/6/4
f 2239/6/4 2238/6/4 2240/6/4
f 2236/6/4 2239/6/4 2241/6/4
f 2239/1/4 2240/1/4 2241/1/4
f 2241/1/4 2240/1/4 2242/1/4
f 2236/6/4 2241/6/4 2243/6/4
f 2241/6/4 2242/6/4 2243/6/4
f 2243/6/4 2242/6/4 2244/6/4
f 2236/6/4 2243/6/4 2245/6/4
f 2243/1/4 2244/1/4 2245/1/4
f 2245/1/4 2244/1/4 2246/1/4
f 2236/6/4 2245/6/4 2247/6/4
f 2245/6/4 2246/6/4 2247/6/4
f 2247/6/4 2246/6/4 2248/6/4
f 2236/6/4 2247/6/4 2249/6/4
f 2247/1/4 2248/1/4 2249/1/4
f 2249/1/4 2248/1/4 2250/1/4
f 2249/6/4 2250/6/4 2253/6/4
f 2236/6/4 2249/6/4 2253/6/4
f 2253/6/4 2250/6/4 2254/6/4
f 2236/6/4 2253/6/4 2255/6/4
f 2253/1/4 2254/1/4 2256/1/4
f 2255/6/4 2253/6/4 2256/6/4
f 2256/1/4 2254/1/4 2257/1/4
f 2251/2/4 2252/2/4 2258/2/4
f 2258/2/4 2252/2/4 2259/2/4
f 2260/2/4 2261/2/4 2262/2/4
f 2262/2/4 2261/2/4 2263/2/4
f 2264/2/4 2265/2/4 2266/2/4
f 2266/2/4 2265/2/4 2267/2/4
f 2268/2/4 2269/2/4 2271/2/4
f 2270/2/4 2271/2/4 2272/2/4
f 2271/2/4 2269/2/4 2273/2/4
f 2272/2/4 2271/2/4 2273/2/4
f 2273/2/4 2269/2/4 2274/2/4
f 2274/2/4 2269/2/4 2275/2/4
f 2276/6/4 2277/6/4 2278/6/4
f 2276/6/4 2278/6/4 2279/6/4
f 2279/6/4 2278/6/4 2280/6/4
f 2276/6/4 2279/6/4 2281/6/4
f 2279/1/4 2280/1/4 2281/1/4
f 2281/1/4 2280/1/4 2282/1/4
f 2276/6/4 2281/6/4 2283/6/4
f 2281/6/4 2282/6/4 2283/6/4
f 2283/6/4 2282/6/4 2284/6/4
f 2276/6/4 2283/6/4 2285/6/4
f 2283/1/4 2284/1/4 2285/1/4
f 2285/1/4 2284/1/4 2286/1/4
f 2276/6/4 2285/6/4 2287/6/4
f 2285/6/4 2286/6/4 2287/6/4
f 2287/6/4 2286/6/4 2288/6/4
f 2276/6/4 2287/6/4 2289/6/4
f 2287/1/4 2288/1/4 2289/1/4
f 2289/1/4 2288/1/4 2290/1/4
f 2276/6/4 2289/6/4 2291/6/4
f 2289/6/4 2290/6/4 2291/6/4
f 2291/6/4 2290/6/4 2292/6/4
f 2276/6/4 2291/6/4 2293/6/4
f 2291/1/4 2292/1/4 2294/1/4
f 2293/6/4 2291/6/4 2294/6/4
f 2294/1/4 2292/1/4 2295/1/4
f 2296/2/4 2297/2/4 2298/2/4
f 2298/2/4 2297/2/4 2299/2/4
f 2300/2/4 2301/2/4 2302/2/4
f 2302/2/4 2301/2/4 2303/2/4
f 2304/2/4 2305/2/4 2306/2/4
f 2306/2/4 2305/2/4 2307/2/4
f 2308/2/4 2309/2/4 2310/2/4
f 2310/2/4 2309/2/4 2311/2/4
f 2312/6/4 2313/6/4 2314/6/4
f 2312/6/4 2314/6/4 2315/6/4
f 2315/6/4 2314/6/4 2316/6/4
f 2312/6/4 2315/6/4 2317/6/4
f 2315/1/4 2316/1/4 2317/1/4
f 2317/1/4 2316/1/4 2318/1/4
f 2312/6/4 2317/6/4 2319/6/4
f 2317/6/4 2318/6/4 2319/6/4
f 2319/6/4 2318/6/4 2320/6/4
f 2312/6/4 2319/6/4 2321/6/4
f 2319/1/4 2320/1/4 2321/1/4
f 2321/1/4 2320/1/4 2322/1/4
f 2312/6/4 2321/6/4 2323/6/4
f 2321/6/4 2322/6/4 2323/6/4
f 2323/6/4 2322/6/4 2324/6/4
f 2312/6/4 2323/6/4 2325/6/4
f 2323/1/4 2324/1/4 2325/1/4
f 2325/1/4 2324/1/4 2326/1/4
f 2325/6/4 2326/6/4 2329/6/4
f 2312/6/4 2325/6/4 2329/6/4
f 2329/6/4 2326/6/4 2330/6/4
f 2312/6/4 2329/6/4 2331/6/4
f 2329/1/4 2330/1/4 2332/1/4
f 2331/6/4 2329/6/4 2332/6/4
f 2332/1/4 2330/1/4 2333/1/4
f 2327/2/4 2328/2/4 2334/2/4
f 2334/2/4 2328/2/4 2335/2/4
f 2336/2/4 2337/2/4 2338/2/4
f 2338/2/4 2337/2/4 2339/2/4
f 2340/2/4 2341/2/4 2342/2/4
f 2342/2/4 2341/2/4 2343/2/4
f 2344/2/4 2345/2/4 2347/2/4
f 2346/2/4 2347/2/4 2348/2/4
f 2347/2/4 2345/2/4 2349/2/4
f 2348/2/4 2347/2/4 2349/2/4
f 2349/2/4 2345/2/4 2350/2/4
f 2350/2/4 2345/2/4 2351/2/4
f 2352/6/4 2353/6/4 2354/6/4
f 2352/6/4 2354/6/4 2355/6/4
f 2355/6/4 2354/6/4 2356/6/4
f 2352/6/4 2355/6/4 2357/6/4
f 2355/1/4 2356/1/4 2357/1/4
f 2357/1/4 2356/1/4 2358/1/4
f 2352/6/4 2357/6/4 2359/6/4
f 2357/6/4 2358/6/4 2359/6/4
f 2359/6/4 2358/6/4 2360/6/4
f 2352/6/4 2359/6/4 2361/6/4
f 2359/1/4 2360/1/4 2361/1/4
f 2361/1/4 2360/1/4 2362/1/4
f 2352/6/4 2361/6/4 2363/6/4
f 2361/6/4 2362/6/4 2363/6/4
f 2363/6/4 2362/6/4 2364/6/4
f 2352/6/4 2363/6/4 2365/6/4
f 2363/1/4 2364/1/4 2365/1/4
f 2365/1/4 2364/1/4 2366/1/4
f 2352/6/4 2365/6/4 2367/6/4
f 2365/6/4 2366/6/4 2367/6/4
f 2367/6/4 2366/6/4 2368/6/4
f 2352/6/4 2367/6/4 2369/6/4
f 2367/1/4 2368/1/4 2370/1/4
f 2369/6/4 2367/6/4 2370/6/4
f 2370/1/4 2368/1/4 2371/1/4
f 2372/2/4 2373/2/4 2374/2/4
f 2374/2/4 2373/2/4 2375/2/4
f 2376/2/4 2377/2/4 2378/2/4
f 2378/2/4 2377/2/4 2379/2/4
f 2380/2/4 2381/2/4 2382/2/4
f 2382/2/4 2381/2/4 2383/2/4
f 2384/2/4 2385/2/4 2386/2/4
f 2386/2/4 2385/2/4 2387/2/4
f 2388/2/4 2389/2/4 2390/2/4
f 2390/2/4 2389/2/4 2391/2/4
f 2392/2/4 2393/2/4 2394/2/4
f 2394/2/4 2393/2/4 2395/2/4
f 2396/4/4 2397/4/4 2399/4/4
f 2397/5/4 2398/5/4 2400/5/4
f 2399/4/4 2397/4/4 2400/4/4
f 2400/5/4 2398/5/4 2401/5/4
f 2402/4/4 2403/4/4 2405/4/4
f 2403/5/4 2404/5/4 2406/5/4
f 2405/4/4 2403/4/4 2406/4/4
f 2406/5/4 2404/5/4 2407/5/4
f 2408/4/4 2409/4/4 2411/4/4
f 2409/5/4 2410/5/4 2412/5/4
f 2411/4/4 2409/4/4 2412/4/4
f 2412/5/4 2410/5/4 2413/5/4
f 2414/4/4 2415/4/4 2417/4/4
f 2415/5/4 2416/5/4 2418/5/4
f 2417/4/4 2415/4/4 2418/4/4
f 2418/5/4 2416/5/4 2419/5/4
f 2420/2/4 2421/2/4 2422/2/4
f 2422/2/4 2421/2/4 2423/2/4
f 2424/6/4 2425/6/4 2426/6/4
f 2426/6/4 2425/6/4 2427/6/4
f 2428/2/4 2429/2/4 2432/2/4
f 2432/2/4 2429/2/4 2433/2/4
f 2430/2/4 2431/2/4 2434/2/4
f 2434/2/4 2431/2/4 2435/2/4
f 2436/4/4 2437/4/4 2438/4/4
f 2438/4/4 2437/4/4 2439/4/4
f 2436/4/4 2438/4/4 2440/4/4
f 2439/4/4 2437/4/4 2441/4/4
f 2436/4/4 2440/4/4 2442/4/4
f 2440/4/4 2441/4/4 2442/4/4
f 2441/4/4 2437/4/4 2443/4/4
f 2442/4/4 2441/4/4 2443/4/4
f 2443/4/4 2437/4/4 2444/4/4
f 2436/4/4 2442/4/4 2445/4/4
f 2436/4/4 2445/4/4 2448/4/4
f 2446/4/4 2447/4/4 2448/4/4
f 2445/4/4 2446/4/4 2448/4/4
f 2448/4/4 2447/4/4 2449/4/4
f 2436/4/4 2448/4/4 2450/4/4
f 2449/4/4 2447/4/4 2451/4/4
f 2436/4/4 2450/4/4 2452/4/4
f 2450/4/4 2451/4/4 2452/4/4
f 2451/4/4 2447/4/4 2453/4/4
f 2452/4/4 2451/4/4 2453/4/4
f 2453/4/4 2447/4/4 2454/4/4
f 2436/4/4 2452/4/4 2455/4/4
f 2436/4/4 2455/4/4 2458/4/4
f 2456/4/4 2457/4/4 2458/4/4
f 2455/4/4 2456/4/4 2458/4/4
f 2458/4/4 2457/4/4 2459/4/4
f 2436/4/4 2458/4/4 2460/4/4
f 2459/4/4 2457/4/4 2461/4/4
f 2436/4/4 2460/4/4 2462/4/4
f 2460/4/4 2461/4/4 2462/4/4
f 2461/4/4 2457/4/4 2463/4/4
f 2462/4/4 2461/4/4 2463/4/4
f 2463/4/4 2457/4/4 2464/4/4
f 2436/4/4 2462/4/4 2465/4/4
f 2436/4/4 2465/4/4 2468/4/4
f 2466/4/4 2467/4/4 2468/4/4
f 2465/4/4 2466/4/4 2468/4/4
f 2468/4/4 2467/4/4 2469/4/4
f 2436/4/4 2468/4/4 2470/4/4
f 2469/4/4 2467/4/4 2471/4/4
f 2436/4/4 2470/4/4 2472/4/4
f 2470/4/4 2471/4/4 2472/4/4
f 2471/4/4 2467/4/4 2473/4/4
f 2472/4/4 2471/4/4 2473/4/4
f 2473/4/4 2467/4/4 2474/4/4
f 2436/4/4 2472/4/4 2475/4/4
f 2436/4/4 2475/4/4 2478/4/4
f 2476/4/4 2477/4/4 2478/4/4
f 2475/4/4 2476/4/4 2478/4/4
f 2478/4/4 2477/4/4 2479/4/4
f 2436/4/4 2478/4/4 2480/4/4
f 2479/4/4 2477/4/4 2481/4/4
f 2436/4/4 2480/4/4 2482/4/4
f 2480/4/4 2481/4/4 2482/4/4
f 2481/4/4 2477/4/4 2483/4/4
f 2482/4/4 2481/4/4 2483/4/4
f 2484/2/4 2485/2/4 2486/2/4
f 2486/2/4 2485/2/4 2487/2/4
f 2488/2/4 2489/2/4 2490/2/4
f 2490/2/4 2489/2/4 2491/2/4
f 2492/2/4 2493/2/4 2494/2/4
f 2494/2/4 2493/2/4 2495/2/4
f 2496/4/4 2497/4/4 2498/4/4
f 2498/4/4 2497/4/4 2499/4/4
f 2496/4/4 2498/4/4 2500/4/4
f 2499/4/4 2497/4/4 2501/4/4
f 2496/4/4 2500/4/4 2502/4/4
f 2500/4/4 2501/4/4 2502/4/4
f 2501/4/4 2497/4/4 2503/4/4
f 2502/4/4 2501/4/4 2503/4/4
f 2503/4/4 2497/4/4 2504/4/4
f 2496/4/4 2502/4/4 2505/4/4
f 2496/4/4 2505/4/4 2508/4/4
f 2506/4/4 2507/4/4 2508/4/4
f 2505/4/4 2506/4/4 2508/4/4
f 2508/4/4 2507/4/4 2509/4/4
f 2496/4/4 2508/4/4 2510/4/4
f 2509/4/4 2507/4/4 2511/4/4
f 2496/4/4 2510/4/4 2512/4/4
f 2510/4/4 2511/4/4 2512/4/4
f 2511/4/4 2507/4/4 2513/4/4
f 2512/4/4 2511/4/4 2513/4/4
f 2513/4/4 2507/4/4 2514/4/4
f 2496/4/4 2512/4/4 2515/4/4
f 2496/4/4 2515/4/4 2518/4/4
f 2516/4/4 2517/4/4 2518/4/4
f 2515/4/4 2516/4/4 2518/4/4
f 2518/4/4 2517/4/4 2519/4/4
f 2496/4/4 2518/4/4 2520/4/4
f 2519/4/4 2517/4/4 2521/4/4
f 2496/4/4 2520/4/4 2522/4/4
f 2520/4/4 2521/4/4 2522/4/4
f 2521/4/4 2517/4/4 2523/4/4
f 2522/4/4 2521/4/4 2523/4/4
f 2523/4/4 2517/4/4 2524/4/4
f 2496/4/4 2522/4/4 2525/4/4
f 2496/4/4 2525/4/4 2528/4/4
f 2526/4/4 2527/4/4 2528/4/4
f 2525/4/4 2526/4/4 2528/4/4
f 2528/4/4 2527/4/4 2529/4/4
f 2496/4/4 2528/4/4 2530/4/4
f 2529/4/4 2527/4/4 2531/4/4
f 2496/4/4 2530/4/4 2532/4/4
f 2530/4/4 2531/4/4 2532/4/4
f 2531/4/4 2527/4/4 2533/4/4
f 2532/4/4 2531/4/4 2533/4/4
f 2533/4/4 2527/4/4 2534/4/4
f 2496/4/4 2532/4/4 2535/4/4
f 2496/4/4 2535/4/4 2538/4/4
f 2536/4/4 2537/4/4 2538/4/4
f 2535/4/4 2536/4/4 2538/4/4
f 2538/4/4 2537/4/4 2539/4/4
f 2496/4/4 2538/4/4 2540/4/4
f 2539/4/4 2537/4/4 2541/4/4
f 2496/4/4 2540/4/4 2542/4/4
f 2540/4/4 2541/4/4 2542/4/4
f 2541/4/4 2537/4/4 2543/4/4
f 2542/4/4 2541/4/4 2543/4/4
f 2544/2/4 2545/2/4 2546/2/4
f 2546/2/4 2545/2/4 2547/2/4
f 2548/2/4 2549/2/4 2550/2/4
f 2550/2/4 2549/2/4 2551/2/4
f 2552/2/4 2553/2/4 2554/2/4
f 2554/2/4 2553/2/4 2555/2/4
f 2556/2/4 2557/2/4 2558/2/4
f 2558/2/4 2557/2/4 2559/2/4
f 2560/4/4 2561/4/4 2562/4/4
f 2562/4/4 2561/4/4 2563/4/4
f 2560/4/4 2562/4/4 2564/4/4
f 2563/4/4 2561/4/4 2565/4/4
f 2560/4/4 2564/4/4 2566/4/4
f 2564/4/4 2565/4/4 2566/4/4
f 2565/4/4 2561/4/4 2567/4/4
f 2566/4/4 2565/4/4 2567/4/4
f 2567/4/4 2561/4/4 2568/4/4
f 2560/4/4 2566/4/4 2569/4/4
f 2560/4/4 2569/4/4 2572/4/4
f 2570/4/4 2571/4/4 2572/4/4
f 2569/4/4 2570/4/4 2572/4/4
f 2572/4/4 2571/4/4 2573/4/4
f 2560/4/4 2572/4/4 2574/4/4
f 2573/4/4 2571/4/4 2575/4/4
f 2560/4/4 2574/4/4 2576/4/4
f 2574/4/4 2575/4/4 2576/4/4
f 2575/4/4 2571/4/4 2577/4/4
f 2576/4/4 2575/4/4 2577/4/4
f 2577/4/4 2571/4/4 2578/4/4
f 2560/4/4 2576/4/4 2579/4/4
f 2560/4/4 2579/4/4 2582/4/4
f 2580/4/4 2581/4/4 2582/4/4
f 2579/4/4 2580/4/4 2582/4/4
f 2582/4/4 2581/4/4 2583/4/4
f 2560/4/4 2582/4/4 2584/4/4
f 2583/4/4 2581/4/4 2585/4/4
f 2560/4/4 2584/4/4 2586/4/4
f 2584/4/4 2585/4/4 2586/4/4
f 2585/4/4 2581/4/4 2587/4/4
f 2586/4/4 2585/4/4 2587/4/4
f 2587/4/4 2581/4/4 2588/4/4
f 2560/4/4 2586/4/4 2589/4/4
f 2560/4/4 2589/4/4 2592/4/4
f 2590/4/4 2591/4/4 2592/4/4
f 2589/4/4 2590/4/4 2592/4/4
f 2592/4/4 2591/4/4 2593/4/4
f 2560/4/4 2592/4/4 2594/4/4
f 2593/4/4 2591/4/4 2595/4/4
f 2560/4/4 2594/4/4 2596/4/4
f 2594/4/4 2595/4/4 2596/4/4
f 2595/4/4 2591/4/4 2597/4/4
f 2596/4/4 2595/4/4 2597/4/4
f 2597/4/4 2591/4/4 2598/4/4
f 2560/4/4 2596/4/4 2599/4/4
f 2560/4/4 2599/4/4 2602/4/4
f 2600/4/4 2601/4/4 2602/4/4
f 2599/4/4 2600/4/4 2602/4/4
f 2602/4/4 2601/4/4 2603/4/4
f 2560/4/4 2602/4/4 2604/4/4
f 2603/4/4 2601/4/4 2605/4/4
f 2560/4/4 2604/4/4 2606/4/4
f 2604/4/4 2605/4/4 2606/4/4
f 2605/4/4 2601/4/4 2607/4/4
f 2606/4/4 2605/4/4 2607/4/4
f 2608/2/4 2609/2/4 2612/2/4
f 2612/2/4 2609/2/4 2613/2/4
f 2610/2/4 2611/2/4 2614/2/4
f 2614/2/4 2611/2/4 2615/2/4
f 2616/2/4 2617/2/4 2618/2/4
f 2618/2/4 2617/2/4 2619/2/4
f 2620/4/4 2621/4/4 2622/4/4
f 2622/4/4 2621/4/4 2623/4/4
f 2620/4/4 2622/4/4 2624/4/4
f 2623/4/4 2621/4/4 2625/4/4
f 2620/4/4 2624/4/4 2626/4/4
f 2624/4/4 2625/4/4 2626/4/4
f 2625/4/4 2621/4/4 2627/4/4
f 2626/4/4 2625/4/4 2627/4/4
f 2627/4/4 2621/4/4 2628/4/4
f 2620/4/4 2626/4/4 2629/4/4
f 2620/4/4 2629/4/4 2632/4/4
f 2630/4/4 2631/4/4 2632/4/4
f 2629/4/4 2630/4/4 2632/4/4
f 2632/4/4 2631/4/4 2633/4/4
f 2620/4/4 2632/4/4 2634/4/4
f 2633/4/4 2631/4/4 2635/4/4
f 2620/4/4 2634/4/4 2636/4/4
f 2634/4/4 2635/4/4 2636/4/4
f 2635/4/4 2631/4/4 2637/4/4
f 2636/4/4 2635/4/4 2637/4/4
f 2637/4/4 2631/4/4 2638/4/4
f 2620/4/4 2636/4/4 2639/4/4
f 2620/4/4 2639/4/4 2642/4/4
f 2640/4/4 2641/4/4 2642/4/4
f 2639/4/4 2640/4/4 2642/4/4
f 2642/4/4 2641/4/4 2643/4/4
f 2620/4/4 2642/4/4 2644/4/4
f 2643/4/4 2641/4/4 2645/4/4
f 2620/4/4 2644/4/4 2646/4/4
f 2644/4/4 2645/4/4 2646/4/4
f 2645/4/4 2641/4/4 2647/4/4
f 2646/4/4 2645/4/4 2647/4/4
f 2647/4/4 2641/4/4 2648/4/4
f 2620/4/4 2646/4/4 2649/4/4
f 2620/4/4 2649/4/4 2652/4/4
f 2650/4/4 2651/4/4 2652/4/4
f 2649/4/4 2650/4/4 2652/4/4
f 2652/4/4 2651/4/4 2653/4/4
f 2620/4/4 2652/4/4 2654/4/4
f 2653/4/4 2651/4/4 2655/4/4
f 2620/4/4 2654/4/4 2656/4/4
f 2654/4/4 2655/4/4 2656/4/4
f 2655/4/4 2651/4/4 2657/4/4
f 2656/4/4 2655/4/4 2657/4/4
f 2657/4/4 2651/4/4 2658/4/4
f 2620/4/4 2656/4/4 2659/4/4
f 2620/4/4 2659/4/4 2662/4/4
f 2660/4/4 2661/4/4 2662/4/4
f 2659/4/4 2660/4/4 2662/4/4
f 2662/4/4 2661/4/4 2663/4/4
f 2620/4/4 2662/4/4 2664/4/4
f 2663/4/4 2661/4/4 2665/4/4
f 2620/4/4 2664/4/4 2666/4/4
f 2664/4/4 2665/4/4 2666/4/4
f 2665/4/4 2661/4/4 2667/4/4
f 2666/4/4 2665/4/4 2667/4/4
f 2668/2/4 2669/2/4 2670/2/4
f 2670/2/4 2669/2/4 2671/2/4
f 2672/2/4 2673/2/4 2674/2/4
f 2674/2/4 2673/2/4 2675/2/4
f 2676/2/4 2677/2/4 2678/2/4
f 2678/2/4 2677/2/4 2679/2/4
f 2680/4/4 2681/4/4 2682/4/4
f 2682/4/4 2681/4/4 2683/4/4
f 2680/4/4 2682/4/4 2684/4/4
f 2683/4/4 2681/4/4 2685/4/4
f 2680/4/4 2684/4/4 2686/4/4
f 2684/4/4 2685/4/4 2686/4/4
f 2685/4/4 2681/4/4 2687/4/4
f 2686/4/4 2685/4/4 2687/4/4
f 2687/4/4 2681/4/4 2688/4/4
f 2680/4/4 2686/4/4 2689/4/4
f 2680/4/4 2689/4/4 2692/4/4
f 2690/4/4 2691/4/4 2692/4/4
f 2689/4/4 2690/4/4 2692/4/4
f 2692/4/4 2691/4/4 2693/4/4
f 2680/4/4 2692/4/4 2694/4/4
f 2693/4/4 2691/4/4 2695/4/4
f 2680/4/4 2694/4/4 2696/4/4
f 2694/4/4 2695/4/4 2696/4/4
f 2695/4/4 2691/4/4 2697/4/4
f 2696/4/4 2695/4/4 2697/4/4
f 2697/4/4 2691/4/4 2698/4/4
f 2680/4/4 2696/4/4 2699/4/4
f 2680/4/4 2699/4/4 2702/4/4
f 2700/4/4 2701/4/4 2702/4/4
f 2699/4/4 2700/4/4 2702/4/4
f 2702/4/4 2701/4/4 2703/4/4
f 2680/4/4 2702/4/4 2704/4/4
f 2703/4/4 2701/4/4 2705/4/4
f 2680/4/4 2704/4/4 2706/4/4
f 2704/4/4 2705/4/4 2706/4/4
f 2705/4/4 2701/4/4 2707/4/4
f 2706/4/4 2705/4/4 2707/4/4
f 2707/4/4 2701/4/4 2708/4/4
f 2680/4/4 2706/4/4 2709/4/4
f 2680/4/4 2709/4/4 2712/4/4
f 2710/4/4 2711/4/4 2712/4/4
f 2709/4/4 2710/4/4 2712/4/4
f 2712/4/4 2711/4/4 2713/4/4
f 2680/4/4 2712/4/4 2714/4/4
f 2713/4/4 2711/4/4 2715/4/4
f 2680/4/4 2714/4/4 2716/4/4
f 2714/4/4 2715/4/4 2716/4/4
f 2715/4/4 2711/4/4 2717/4/4
f 2716/4/4 2715/4/4 2717/4/4
f 2717/4/4 2711/4/4 2718/4/4
f 2680/4/4 2716/4/4 2719/4/4
f 2680/4/4 2719/4/4 2722/4/4
f 2720/4/4 2721/4/4 2722/4/4
f 2719/4/4 2720/4/4 2722/4/4
f 2722/4/4 2721/4/4 2723/4/4
f 2680/4/4 2722/4/4 2724/4/4
f 2723/4/4 2721/4/4 2725/4/4
f 2680/4/4 2724/4/4 2726/4/4
f 2724/4/4 2725/4/4 2726/4/4
f 2725/4/4 2721/4/4 2727/4/4
f 2726/4/4 2725/4/4 2727/4/4
f 2728/2/4 2729/2/4 2730/2/4
f 2730/2/4 2729/2/4 2731/2/4
f 2732/2/4 2733/2/4 2734/2/4
f 2734/2/4 2733/2/4 2735/2/4
f 2736/2/4 2737/2/4 2738/2/4
f 2738/2/4 2737/2/4 2739/2/4
f 2742/2/4 2743/2/4 2744/2/4
f 2744/2/4 2743/2/4 2745/2/4
f 2745/2/4 2743/2/4 2746/2/4
f 2746/2/4 2743/2/4 2747/2/4
f 2745/2/4 2746/2/4 2749/2/4
f 2748/2/4 2749/2/4 2750/2/4
f 2749/2/4 2746/2/4 2751/2/4
f 2750/2/4 2749/2/4 2751/2/4
f 2751/2/4 2746/2/4 2753/2/4
f 2752/2/4 2753/2/4 2754/2/4
f 2753/2/4 2746/2/4 2755/2/4
f 2754/2/4 2753/2/4 2755/2/4
f 2755/2/4 2746/2/4 2756/2/4
f 2755/2/4 2756/2/4 2758/2/4
f 2756/2/4 2757/2/4 2758/2/4
f 2758/2/4 2757/2/4 2759/2/4
f 2755/2/4 2758/2/4 2761/2/4
f 2760/2/4 2761/2/4 2762/2/4
f 2761/2/4 2758/2/4 2763/2/4
f 2762/2/4 2761/2/4 2763/2/4
f 2763/2/4 2758/2/4 2765/2/4
f 2764/2/4 2765/2/4 2766/2/4
f 2765/2/4 2758/2/4 2767/2/4
f 2766/2/4 2765/2/4 2767/2/4
f 2767/2/4 2758/2/4 2768/2/4
f 2767/2/4 2768/2/4 2770/2/4
f 2768/2/4 2769/2/4 2770/2/4
f 2770/2/4 2769/2/4 2771/2/4
f 2767/2/4 2770/2/4 2773/2/4
f 2772/2/4 2773/2/4 2774/2/4
f 2773/2/4 2770/2/4 2775/2/4
f 2774/2/4 2773/2/4 2775/2/4
f 2775/2/4 2770/2/4 2777/2/4
f 2776/2/4 2777/2/4 2778/2/4
f 2777/2/4 2770/2/4 2779/2/4
f 2778/2/4 2777/2/4 2779/2/4
f 2779/2/4 2770/2/4 2781/2/4
f 2781/2/4 2770/2/4 2782/2/4
f 2740/2/4 2741/2/4 2784/2/4
f 2784/2/4 2741/2/4 2785/2/4
f 2782/2/4 2783/2/4 2786/2/4
f 2781/2/4 2782/2/4 2786/2/4
f 2780/2/4 2781/2/4 2786/2/4
f 2786/2/4 2783/2/4 2787/2/4
f 2791/2/4 2792/2/4 2793/2/4
f 2791/2/4 2793/2/4 2795/2/4
f 2793/2/4 2794/2/4 2795/2/4
f 2795/2/4 2794/2/4 2796/2/4
f 2788/6/4 2789/6/4 2797/6/4
f 2789/5/4 2790/5/4 2798/5/4
f 2797/6/4 2789/6/4 2798/6/4
f 2798/5/4 2790/5/4 2799/5/4
f 2791/2/4 2795/2/4 2800/2/4
f 2800/2/4 2795/2/4 2801/2/4
f 2812/1/5 2803/1/5 2802/1/5
f 2813/6/5 2804/6/5 2803/6/5
f 2813/1/5 2803/1/5 2812/1/5
f 2814/1/5 2805/1/5 2804/1/5
f 2814/6/5 2804/6/5 2813/6/5
f 2815/6/5 2806/6/5 2805/6/5
f 2815/1/5 2805/1/5 2814/1/5
f 2816/1/5 2807/1/5 2806/1/5
f 2816/6/5 2806/6/5 2815/6/5
f 2817/6/5 2808/6/5 2807/6/5
f 2817/1/5 2807/1/5 2816/1/5
f 2818/1/5 2809/1/5 2808/1/5
f 2818/6/5 2808/6/5 2817/6/5
f 2819/6/5 2810/6/5 2809/6/5
f 2819/1/5 2809/1/5 2818/1/5
f 2820/1/5 2811/1/5 2810/1/5
f 2820/6/5 2810/6/5 2819/6/5
f 2821/1/5 2811/1/5 2820/1/5
f 2822/6/5 2819/6/5 2818/6/5
f 2822/6/5 2813/6/5 2812/6/5
f 2822/6/5 2821/6/5 2820/6/5
f 2822/6/5 2820/6/5 2819/6/5
f 2822/6/5 2818/6/5 2817/6/5
f 2822/6/5 2817/6/5 2816/6/5
f 2822/6/5 2816/6/5 2815/6/5
f 2822/6/5 2815/6/5 2814/6/5
f 2822/6/5 2814/6/5 2813/6/5
f 2823/6/5 2821/6/5 2822/6/5
f 2834/1/5 2825/1/5 2824/1/5
f 2835/6/5 2826/6/5 2825/6/5
f 2835/1/5 2825/1/5 2834/1/5
f 2836/1/5 2827/1/5 2826/1/5
f 2836/6/5 2826/6/5 2835/6/5
f 2837/6/5 2828/6/5 2827/6/5
f 2837/1/5 2827/1/5 2836/1/5
f 2838/1/5 2829/1/5 2828/1/5
f 2838/6/5 2828/6/5 2837/6/5
f 2839/6/5 2830/6/5 2829/6/5
f 2839/1/5 2829/1/5 2838/1/5
f 2840/1/5 2831/1/5 2830/1/5
f 2840/6/5 2830/6/5 2839/6/5
f 2841/6/5 2832/6/5 2831/6/5
f 2841/1/5 2831/1/5 2840/1/5
f 2842/1/5 2833/1/5 2832/1/5
f 2842/6/5 2832/6/5 2841/6/5
f 2843/1/5 2833/1/5 2842/1/5
f 2844/6/5 2841/6/5 2840/6/5
f 2844/6/5 2835/6/5 2834/6/5
f 2844/6/5 2843/6/5 2842/6/5
f 2844/6/5 2842/6/5 2841/6/5
f 2844/6/5 2840/6/5 2839/6/5
f 2844/6/5 2839/6/5 2838/6/5
f 2844/6/5 2838/6/5 2837/6/5
f 2844/6/5 2837/6/5 2836/6/5
f 2844/6/5 2836/6/5 2835/6/5
f 2845/6/5 2843/6/5 2844/6/5
f 2856/1/5 2847/1/5 2846/1/5
f 2857/6/5 2848/6/5 2847/6/5
f 2857/1/5 2847/1/5 2856/1/5
f 2858/1/5 2849/1/5 2848/1/5
f 2858/6/5 2848/6/5 2857/6/5
f 2859/6/5 2850/6/5 2849/6/5
f 2859/1/5 2849/1/5 2858/1/5
f 2860/1/5 2851/1/5 2850/1/5
f 2860/6/5 2850/6/5 2859/6/5
f 2861/6/5 2852/6/5 2851/6/5
f 2861/1/5 2851/1/5 2860/1/5
f 2862/1/5 2853/1/5 2852/1/5
f 2862/6/5 2852/6/5 2861/6/5
f 2863/6/5 2854/6/5 2853/6/5
f 2863/1/5 2853/1/5 2862/1/5
f 2864/1/5 2855/1/5 2854/1/5
f 2864/6/5 2854/6/5 2863/6/5
f 2865/1/5 2855/1/5 2864/1/5
f 2866/6/5 2863/6/5 2862/6/5
f 2866/6/5 2857/6/5 2856/6/5
f 2866/6/5 2865/6/5 2864/6/5
f 2866/6/5 2864/6/5 2863/6/5
f 2866/6/5 2862/6/5 2861/6/5
f 2866/6/5 2861/6/5 2860/6/5
f 2866/6/5 2860/6/5 2859/6/5
f 2866/6/5 2859/6/5 2858/6/5
f 2866/6/5 2858/6/5 2857/6/5
f 2867/6/5 2865/6/5 2866/6/5
f 2878/1/5 2869/1/5 2868/1/5
f 2879/6/5 2870/6/5 2869/6/5
f 2879/1/5 2869/1/5 2878/1/5
f 2880/1/5 2871/1/5 2870/1/5
f 2880/6/5 2870/6/5 2879/6/5
f 2881/6/5 2872/6/5 2871/6/5
f 2881/1/5 2871/1/5 2880/1/5
f 2882/1/5 2873/1/5 2872/1/5
f 2882/6/5 2872/6/5 2881/6/5
f 2883/6/5 2874/6/5 2873/6/5
f 2883/1/5 2873/1/5 2882/1/5
f 2884/1/5 2875/1/5 2874/1/5
f 2884/6/5 2874/6/5 2883/6/5
f 2885/6/5 2876/6/5 2875/6/5
f 2885/1/5 2875/1/5 2884/1/5
f 2886/1/5 2877/1/5 2876/1/5
f 2886/6/5 2876/6/5 2885/6/5
f 2887/1/5 2877/1/5 2886/1/5
f 2888/6/5 2885/6/5 2884/6/5
f 2888/6/5 2879/6/5 2878/6/5
f 2888/6/5 2887/6/5 2886/6/5
f 2888/6/5 2886/6/5 2885/6/5
f 2888/6/5 2884/6/5 2883/6/5
f 2888/6/5 2883/6/5 2882/6/5
f 2888/6/5 2882/6/5 2881/6/5
f 2888/6/5 2881/6/5 2880/6/5
f 2888/6/5 2880/6/5 2879/6/5
f 2889/6/5 2887/6/5 2888/6/5
f 2900/1/5 2891/1/5 2890/1/5
f 2901/6/5 2892/6/5 2891/6/5
f 2901/1/5 2891/1/5 2900/1/5
f 2902/1/5 2893/1/5 2892/1/5
f 2902/6/5 2892/6/5 2901/6/5
f 2903/6/5 2894/6/5 2893/6/5
f 2903/1/5 2893/1/5 2902/1/5
f 2904/1/5 2895/1/5 2894/1/5
f 2904/6/5 2894/6/5 2903/6/5
f 2905/6/5 2896/6/5 2895/6/5
f 2905/1/5 2895/1/5 2904/1/5
f 2906/1/5 2897/1/5 2896/1/5
f 2906/6/5 2896/6/5 2905/6/5
f 2907/6/5 2898/6/5 2897/6/5
f 2907/1/5 2897/1/5 2906/1/5
f 2908/1/5 2899/1/5 2898/1/5
f 2908/6/5 2898/6/5 2907/6/5
f 2909/1/5 2899/1/5 2908/1/5
f 2910/6/5 2907/6/5 2906/6/5
f 2910/6/5 2901/6/5 2900/6/5
f 2910/6/5 2909/6/5 2908/6/5
f 2910/6/5 2908/6/5 2907/6/5
f 2910/6/5 2906/6/5 2905/6/5
f 2910/6/5 2905/6/5 2904/6/5
f 2910/6/5 2904/6/5 2903/6/5
f 2910/6/5 2903/6/5 2902/6/5
f 2910/6/5 2902/6/5 2901/6/5
f 2911/6/5 2909/6/5 2910/6/5
f 2914/2/5 2913/2/5 2912/2/5
f 2915/2/5 2913/2/5 2914/2/5
f 2916/2/5 2914/2/5 2912/2/5
f 2917/2/5 2913/2/5 2915/2/5
f 2918/2/5 2916/2/5 2912/2/5
f 2918/2/5 2917/2/5 2916/2/5
f 2919/2/5 2913/2/5 2917/2/5
f 2919/2/5 2917/2/5 2918/2/5
f 2930/1/5 2921/1/5 2920/1/5
f 2931/6/5 2922/6/5 2921/6/5
f 2931/1/5 2921/1/5 2930/1/5
f 2932/1/5 2923/1/5 2922/1/5
f 2932/6/5 2922/6/5 2931/6/5
f 2933/6/5 2924/6/5 2923/6/5
f 2933/1/5 2923/1/5 2932/1/5
f 2934/1/5 2925/1/5 2924/1/5
f 2934/6/5 2924/6/5 2933/6/5
f 2935/6/5 2926/6/5 2925/6/5
f 2935/1/5 2925/1/5 2934/1/5
f 2936/1/5 2927/1/5 2926/1/5
f 2936/6/5 2926/6/5 2935/6/5
f 2937/6/5 2928/6/5 2927/6/5
f 2937/1/5 2927/1/5 2936/1/5
f 2938/1/5 2929/1/5 2928/1/5
f 2938/6/5 2928/6/5 2937/6/5
f 2939/1/5 2929/1/5 2938/1/5
f 2940/6/5 2937/6/5 2936/6/5
f 2940/6/5 2931/6/5 2930/6/5
f 2940/6/5 2939/6/5 2938/6/5
f 2940/6/5 2938/6/5 2937/6/5
f 2940/6/5 2936/6/5 2935/6/5
f 2940/6/5 2935/6/5 2934/6/5
f 2940/6/5 2934/6/5 2933/6/5
f 2940/6/5 2933/6/5 2932/6/5
f 2940/6/5 2932/6/5 2931/6/5
f 2941/6/5 2939/6/5 2940/6/5
f 2944/2/5 2943/2/5 2942/2/5
f 2945/2/5 2943/2/5 2944/2/5
f 2948/2/5 2947/2/5 2946/2/5
f 2949/2/5 2947/2/5 2948/2/5
f 2952/2/5 2951/2/5 2950/2/5
f 2953/2/5 2951/2/5 2952/2/5
f 2956/6/5 2955/6/5 2954/6/5
f 2957/6/5 2955/6/5 2956/6/5
f 2960/2/5 2959/2/5 2958/2/5
f 2961/2/5 2959/2/5 2960/2/5
f 2964/2/5 2963/2/5 2962/2/5
f 2965/2/5 2963/2/5 2964/2/5
f 2984/3/5 2967/3/5 2966/3/5
f 2985/3/5 2967/3/5 2984/3/5
f 2986/3/5 2969/3/5 2968/3/5
f 2987/3/5 2969/3/5 2986/3/5
f 2988/3/5 2971/3/5 2970/3/5
f 2989/3/5 2971/3/5 2988/3/5
f 2990/3/5 2973/3/5 2972/3/5
f 2991/3/5 2973/3/5 2990/3/5
f 2992/3/5 2975/3/5 2974/3/5
f 2993/3/5 2975/3/5 2992/3/5
f 2994/3/5 2977/3/5 2976/3/5
f 2995/3/5 2977/3/5 2994/3/5
f 2996/3/5 2979/3/5 2978/3/5
f 2997/3/5 2979/3/5 2996/3/5
f 2998/3/5 2981/3/5 2980/3/5
f 2999/3/5 2981/3/5 2998/3/5
f 3000/3/5 2983/3/5 2982/3/5
f 3001/3/5 2983/3/5 3000/3/5
f 3020/3/5 3003/3/5 3002/3/5
f 3021/3/5 3003/3/5 3020/3/5
f 3022/3/5 3005/3/5 3004/3/5
f 3023/3/5 3005/3/5 3022/3/5
f 3024/3/5 3007/3/5 3006/3/5
f 3025/3/5 3007/3/5 3024/3/5
f 3026/3/5 3009/3/5 3008/3/5
f 3027/3/5 3009/3/5 3026/3/5
f 3028/3/5 3011/3/5 3010/3/5
f 3029/3/5 3011/3/5 3028/3/5
f 3030/3/5 3013/3/5 3012/3/5
f 3031/3/5 3013/3/5 3030/3/5
f 3032/3/5 3015/3/5 3014/3/5
f 3033/3/5 3015/3/5 3032/3/5
f 3034/3/5 3017/3/5 3016/3/5
f 3035/3/5 3017/3/5 3034/3/5
f 3036/3/5 3019/3/5 3018/3/5
f 3037/3/5 3019/3/5 3036/3/5
f 3056/3/5 3039/3/5 3038/3/5
f 3057/3/5 3039/3/5 3056/3/5
f 3058/3/5 3041/3/5 3040/3/5
f 3059/3/5 3041/3/5 3058/3/5
f 3060/3/5 3043/3/5 3042/3/5
f 3061/3/5 3043/3/5 3060/3/5
f 3062/3/5 3045/3/5 3044/3/5
f 3063/3/5 3045/3/5 3062/3/5
f 3064/3/5 3047/3/5 3046/3/5
f 3065/3/5 3047/3/5 3064/3/5
f 3066/3/5 3049/3/5 3048/3/5
f 3067/3/5 3049/3/5 3066/3/5
f 3068/3/5 3051/3/5 3050/3/5
f 3069/3/5 3051/3/5 3068/3/5
f 3070/3/5 3053/3/5 3052/3/5
f 3071/3/5 3053/3/5 3070/3/5
f 3072/3/5 3055/3/5 3054/3/5
f 3073/3/5 3055/3/5 3072/3/5
f 3092/3/5 3075/3/5 3074/3/5
f 3093/3/5 3075/3/5 3092/3/5
f 3094/3/5 3077/3/5 3076/3/5
f 3095/3/5 3077/3/5 3094/3/5
f 3096/3/5 3079/3/5 3078/3/5
f 3097/3/5 3079/3/5 3096/3/5
f 3098/3/5 3081/3/5 3080/3/5
f 3099/3/5 3081/3/5 3098/3/5
f 3100/3/5 3083/3/5 3082/3/5
f 3101/3/5 3083/3/5 3100/3/5
f 3102/3/5 3085/3/5 3084/3/5
f 3103/3/5 3085/3/5 3102/3/5
f 3104/3/5 3087/3/5 3086/3/5
f 3105/3/5 3087/3/5 3104/3/5
f 3106/3/5 3089/3/5 3088/3/5
f 3107/3/5 3089/3/5 3106/3/5
f 3108/3/5 3091/3/5 3090/3/5
f 3109/3/5 3091/3/5 3108/3/5
f 3128/3/5 3111/3/5 3110/3/5
f 3129/3/5 3111/3/5 3128/3/5
f 3130/3/5 3113/3/5 3112/3/5
f 3131/3/5 3113/3/5 3130/3/5
f 3132/3/5 3115/3/5 3114/3/5
f 3133/3/5 3115/3/5 3132/3/5
f 3134/3/5 3117/3/5 3116/3/5
f 3135/3/5 3117/3/5 3134/3/5
f 3136/3/5 3119/3/5 3118/3/5
f 3137/3/5 3119/3/5 3136/3/5
f 3138/3/5 3121/3/5 3120/3/5
f 3139/3/5 3121/3/5 3138/3/5
f 3140/3/5 3123/3/5 3122/3/5
f 3141/3/5 3123/3/5 3140/3/5
f 3142/3/5 3125/3/5 3124/3/5
f 3143/3/5 3125/3/5 3142/3/5
f 3144/3/5 3127/3/5 3126/3/5
f 3145/3/5 3127/3/5 3144/3/5
f 3148/2/5 3147/2/5 3146/2/5
f 3149/2/5 3147/2/5 3148/2/5
f 3152/2/5 3151/2/5 3150/2/5
f 3153/2/5 3151/2/5 3152/2/5
f 3154/2/5 3152/2/5 3150/2/5
f 3155/2/5 3152/2/5 3154/2/5
f 3156/2/5 3151/2/5 3153/2/5
f 3157/2/5 3151/2/5 3156/2/5
f 3160/2/5 3159/2/5 3158/2/5
f 3161/2/5 3159/2/5 3160/2/5
f 3164/2/5 3163/2/5 3162/2/5
f 3165/2/5 3163/2/5 3164/2/5
f 3168/2/5 3167/2/5 3166/2/5
f 3169/2/5 3167/2/5 3168/2/5
f 3172/2/5 3171/2/5 3170/2/5
f 3173/2/5 3171/2/5 3172/2/5
f 3176/2/5 3175/2/5 3174/2/5
f 3177/2/5 3175/2/5 3176/2/5
f 3180/2/5 3179/2/5 3178/2/5
f 3181/2/5 3179/2/5 3180/2/5
f 3184/2/5 3183/2/5 3182/2/5
f 3185/2/5 3183/2/5 3184/2/5
f 3188/2/5 3187/2/5 3186/2/5
f 3189/2/5 3187/2/5 3188/2/5
f 3190/2/5 3188/2/5 3186/2/5
f 3191/2/5 3188/2/5 3190/2/5
f 3192/2/5 3187/2/5 3189/2/5
f 3193/2/5 3187/2/5 3192/2/5
f 3196/2/5 3195/2/5 3194/2/5
f 3197/2/5 3195/2/5 3196/2/5
f 3200/2/5 3199/2/5 3198/2/5
f 3201/2/5 3199/2/5 3200/2/5
f 3204/2/5 3203/2/5 3202/2/5
f 3205/2/5 3203/2/5 3204/2/5
f 3208/2/5 3207/2/5 3206/2/5
f 3209/2/5 3207/2/5 3208/2/5
f 3212/2/5 3211/2/5 3210/2/5
f 3213/2/5 3211/2/5 3212/2/5
f 3216/2/5 3215/2/5 3214/2/5
f 3217/2/5 3215/2/5 3216/2/5
f 3218/2/5 3216/2/5 3214/2/5
f 3220/2/5 3218/2/5 3214/2/5
f 3220/2/5 3219/2/5 3218/2/5
f 3221/2/5 3219/2/5 3220/2/5
f 3222/2/5 3220/2/5 3214/2/5
f 3224/2/5 3222/2/5 3214/2/5
f 3224/2/5 3223/2/5 3222/2/5
f 3225/2/5 3223/2/5 3224/2/5
f 3226/2/5 3224/2/5 3214/2/5
f 3228/2/5 3226/2/5 3214/2/5
f 3228/2/5 3227/2/5 3226/2/5
f 3229/2/5 3227/2/5 3228/2/5
f 3230/2/5 3228/2/5 3214/2/5
f 3232/2/5 3230/2/5 3214/2/5
f 3232/2/5 3231/2/5 3230/2/5
f 3233/2/5 3231/2/5 3232/2/5
f 3234/2/5 3232/2/5 3214/2/5
f 3236/2/5 3234/2/5 3214/2/5
f 3236/2/5 3235/2/5 3234/2/5
f 3237/2/5 3235/2/5 3236/2/5
f 3240/2/5 3239/2/5 3238/2/5
f 3241/2/5 3239/2/5 3240/2/5
f 3242/2/5 3240/2/5 3238/2/5
f 3244/2/5 3242/2/5 3238/2/5
f 3244/2/5 3243/2/5 3242/2/5
f 3245/2/5 3243/2/5 3244/2/5
f 3246/2/5 3244/2/5 3238/2/5
f 3248/2/5 3246/2/5 3238/2/5
f 3248/2/5 3247/2/5 3246/2/5
f 3249/2/5 3247/2/5 3248/2/5
f 3250/2/5 3248/2/5 3238/2/5
f 3252/2/5 3250/2/5 3238/2/5
f 3252/2/5 3251/2/5 3250/2/5
f 3253/2/5 3251/2/5 3252/2/5
f 3254/2/5 3252/2/5 3238/2/5
f 3256/2/5 3254/2/5 3238/2/5
f 3256/2/5 3255/2/5 3254/2/5
f 3257/2/5 3255/2/5 3256/2/5
f 3258/2/5 3256/2/5 3238/2/5
f 3261/2/5 3258/2/5 3238/2/5
f 3261/2/5 3259/2/5 3258/2/5
f 3262/2/5 3259/2/5 3261/2/5
f 3263/2/5 3261/2/5 3260/2/5
f 3264/2/5 3261/2/5 3263/2/5
f 3265/2/5 3261/2/5 3264/2/5
f 3266/2/5 3261/2/5 3265/2/5
f 3267/2/5 3261/2/5 3266/2/5
f 3268/2/5 3261/2/5 3267/2/5
f 3269/2/5 3261/2/5 3268/2/5
f 3270/2/5 3261/2/5 3269/2/5
f 3271/2/5 3261/2/5 3270/2/5
f 3272/2/5 3261/2/5 3271/2/5
f 3273/2/5 3261/2/5 3272/2/5
f 3274/2/5 3261/2/5 3273/2/5
f 3275/2/5 3263/2/5 3260/2/5
f 3276/2/5 3263/2/5 3275/2/5
f 3277/2/5 3265/2/5 3264/2/5
f 3278/2/5 3265/2/5 3277/2/5
f 3279/2/5 3267/2/5 3266/2/5
f 3280/2/5 3267/2/5 3279/2/5
f 3281/2/5 3269/2/5 3268/2/5
f 3282/2/5 3269/2/5 3281/2/5
f 3283/2/5 3271/2/5 3270/2/5
f 3284/2/5 3271/2/5 3283/2/5
f 3285/2/5 3273/2/5 3272/2/5
f 3286/2/5 3273/2/5 3285/2/5
f 3287/2/5 3261/2/5 3274/2/5
f 3288/2/5 3261/2/5 3287/2/5
f 3291/2/5 3290/2/5 3289/2/5
f 3292/2/5 3290/2/5 3291/2/5
f 3295/2/5 3294/2/5 3293/2/5
f 3296/2/5 3294/2/5 3295/2/5
f 3299/2/5 3298/2/5 3297/2/5
f 3300/2/5 3298/2/5 3299/2/5
f 3301/2/5 3299/2/5 3297/2/5
f 3302/2/5 3298/2/5 3300/2/5
f 3303/2/5 3302/2/5 3301/2/5
f 3304/2/5 3298/2/5 3302/2/5
f 3304/2/5 3302/2/5 3303/2/5
f 3305/2/5 3303/2/5 3301/2/5
f 3306/2/5 3298/2/5 3304/2/5
f 3307/2/5 3305/2/5 3301/2/5
f 3307/2/5 3306/2/5 3305/2/5
f 3308/2/5 3298/2/5 3306/2/5
f 3308/2/5 3306/2/5 3307/2/5
f 3309/2/5 3307/2/5 3301/2/5
f 3310/2/5 3298/2/5 3308/2/5
f 3311/2/5 3301/2/5 3297/2/5
f 3311/2/5 3310/2/5 3309/2/5
f 3311/2/5 3309/2/5 3301/2/5
f 3312/2/5 3298/2/5 3310/2/5
f 3312/2/5 3310/2/5 3311/2/5
f 3313/2/5 3311/2/5 3297/2/5
f 3314/2/5 3298/2/5 3312/2/5
f 3315/2/5 3314/2/5 3313/2/5
f 3316/2/5 3298/2/5 3314/2/5
f 3316/2/5 3314/2/5 3315/2/5
f 3317/2/5 3315/2/5 3313/2/5
f 3318/2/5 3298/2/5 3316/2/5
f 3319/2/5 3317/2/5 3313/2/5
f 3319/2/5 3318/2/5 3317/2/5
f 3320/2/5 3298/2/5 3318/2/5
f 3320/2/5 3318/2/5 3319/2/5
f 3321/2/5 3319/2/5 3313/2/5
f 3322/2/5 3298/2/5 3320/2/5
f 3324/2/5 3313/2/5 3297/2/5
f 3324/2/5 3322/2/5 3321/2/5
f 3324/2/5 3321/2/5 3313/2/5
f 3325/2/5 3324/2/5 3323/2/5
f 3326/2/5 3324/2/5 3325/2/5
f 3327/2/5 3322/2/5 3324/2/5
f 3327/2/5 3324/2/5 3326/2/5
f 3328/2/5 3298/2/5 3322/2/5
f 3328/2/5 3322/2/5 3327/2/5
f 3329/2/5 3327/2/5 3326/2/5
f 3330/2/5 3327/2/5 3329/2/5
f 3331/2/5 3327/2/5 3330/2/5
f 3332/2/5 3327/2/5 3331/2/5
f 3333/2/5 3325/2/5 3323/2/5
f 3334/2/5 3329/2/5 3326/2/5
f 3335/2/5 3329/2/5 3334/2/5
f 3336/2/5 3331/2/5 3330/2/5
f 3337/2/5 3331/2/5 3336/2/5
f 3338/2/5 3327/2/5 3332/2/5
f 3339/2/5 3327/2/5 3338/2/5
f 3340/2/5 3298/2/5 3328/2/5
f 3341/2/5 3339/2/5 3338/2/5
f 3341/2/5 3340/2/5 3339/2/5
f 3341/2/5 3337/2/5 3336/2/5
f 3341/2/5 3333/2/5 3323/2/5
f 3341/2/5 3338/2/5 3337/2/5
f 3341/2/5 3335/2/5 3334/2/5
f 3341/2/5 3336/2/5 3335/2/5
f 3341/2/5 3334/2/5 3333/2/5
f 3342/2/5 3298/2/5 3340/2/5
f 3342/2/5 3340/2/5 3341/2/5
f 3343/5/6 3344/5/6 3345/5/6
f 3345/5/6 3344/5/6 3346/5/6
f 3347/5/6 3348/5/6 3349/5/6
f 3349/5/6 3348/5/6 3350/5/6
f 3350/5/6 3348/5/6 3351/5/6
f 3351/5/6 3348/5/6 3352/5/6
f 3352/5/6 3348/5/6 3353/5/6
f 3353/5/6 3348/5/6 3354/5/6
f 3354/5/6 3348/5/6 3355/5/6
f 3355/5/6 3348/5/6 3356/5/6
f 3356/5/6 3348/5/6 3357/5/6
f 3355/6/6 3356/6/6 3358/6/6
f 3356/1/6 3357/1/6 3359/1/6
f 3358/6/6 3356/6/6 3359/6/6
f 3355/6/6 3358/6/6 3360/6/6
f 3359/1/6 3357/1/6 3361/1/6
f 3349/6/6 3350/6/6 3362/6/6
f 3362/6/6 3350/6/6 3363/6/6
f 3350/1/6 3351/1/6 3364/1/6
f 3363/6/6 3350/6/6 3364/6/6
f 3351/6/6 3352/6/6 3365/6/6
f 3364/1/6 3351/1/6 3365/1/6
f 3352/1/6 3353/1/6 3366/1/6
f 3365/6/6 3352/6/6 3366/6/6
f 3353/6/6 3354/6/6 3367/6/6
f 3366/1/6 3353/1/6 3367/1/6
f 3354/1/6 3355/1/6 3368/1/6
f 3367/6/6 3354/6/6 3368/6/6
f 3360/6/6 3361/6/6 3369/6/6
f 3368/1/6 3355/1/6 3369/1/6
f 3355/6/6 3360/6/6 3369/6/6
f 3361/1/6 3357/1/6 3370/1/6
f 3369/6/6 3361/6/6 3370/6/6
f 3370/1/6 3357/1/6 3371/1/6
f 3372/5/6 3373/5/6 3374/5/6
f 3374/5/6 3373/5/6 3375/5/6
f 3376/5/6 3377/5/6 3378/5/6
f 3378/5/6 3377/5/6 3379/5/6
f 3379/5/6 3377/5/6 3380/5/6
f 3380/5/6 3377/5/6 3381/5/6
f 3381/5/6 3377/5/6 3382/5/6
f 3382/5/6 3377/5/6 3383/5/6
f 3383/5/6 3377/5/6 3384/5/6
f 3384/5/6 3377/5/6 3385/5/6
f 3385/5/6 3377/5/6 3386/5/6
f 3378/6/6 3379/6/6 3387/6/6
f 3387/6/6 3379/6/6 3388/6/6
f 3379/1/6 3380/1/6 3389/1/6
f 3388/6/6 3379/6/6 3389/6/6
f 3380/6/6 3381/6/6 3390/6/6
f 3389/1/6 3380/1/6 3390/1/6
f 3381/1/6 3382/1/6 3391/1/6
f 3390/6/6 3381/6/6 3391/6/6
f 3382/6/6 3383/6/6 3392/6/6
f 3391/1/6 3382/1/6 3392/1/6
f 3383/1/6 3384/1/6 3393/1/6
f 3392/6/6 3383/6/6 3393/6/6
f 3384/6/6 3385/6/6 3394/6/6
f 3393/1/6 3384/1/6 3394/1/6
f 3385/1/6 3386/1/6 3395/1/6
f 3394/6/6 3385/6/6 3395/6/6
f 3395/1/6 3386/1/6 3396/1/6
f 3397/5/6 3398/5/6 3399/5/6
f 3399/5/6 3398/5/6 3400/5/6
f 3401/5/6 3402/5/6 3403/5/6
f 3403/5/6 3402/5/6 3404/5/6
f 3404/5/6 3402/5/6 3405/5/6
f 3405/5/6 3402/5/6 3406/5/6
f 3406/5/6 3402/5/6 3407/5/6
f 3407/5/6 3402/5/6 3408/5/6
f 3408/5/6 3402/5/6 3409/5/6
f 3409/5/6 3402/5/6 3410/5/6
f 3410/5/6 3402/5/6 3411/5/6
f 3411/5/6 3402/5/6 3412/5/6
f 3410/6/6 3411/6/6 3413/6/6
f 3411/1/6 3412/1/6 3414/1/6
f 3413/6/6 3411/6/6 3414/6/6
f 3403/1/6 3404/1/6 3415/1/6
f 3404/6/6 3405/6/6 3416/6/6
f 3415/1/6 3404/1/6 3416/1/6
f 3410/6/6 3413/6/6 3417/6/6
f 3414/1/6 3412/1/6 3418/1/6
f 3415/6/6 3416/6/6 3419/6/6
f 3416/6/6 3405/6/6 3420/6/6
f 3419/6/6 3416/6/6 3420/6/6
f 3405/1/6 3406/1/6 3421/1/6
f 3420/6/6 3405/6/6 3421/6/6
f 3406/6/6 3407/6/6 3422/6/6
f 3421/1/6 3406/1/6 3422/1/6
f 3407/1/6 3408/1/6 3423/1/6
f 3422/6/6 3407/6/6 3423/6/6
f 3408/6/6 3409/6/6 3424/6/6
f 3423/1/6 3408/1/6 3424/1/6
f 3409/1/6 3410/1/6 3425/1/6
f 3424/6/6 3409/6/6 3425/6/6
f 3410/6/6 3417/6/6 3426/6/6
f 3425/1/6 3410/1/6 3426/1/6
f 3417/6/6 3418/6/6 3426/6/6
f 3418/1/6 3412/1/6 3427/1/6
f 3426/6/6 3418/6/6 3427/6/6
f 3427/1/6 3412/1/6 3428/1/6
f 3429/5/6 3430/5/6 3431/5/6
f 3431/5/6 3430/5/6 3432/5/6
f 3433/5/6 3434/5/6 3435/5/6
f 3435/5/6 3434/5/6 3436/5/6
f 3436/5/6 3434/5/6 3437/5/6
f 3437/5/6 3434/5/6 3438/5/6
f 3438/5/6 3434/5/6 3439/5/6
f 3439/5/6 3434/5/6 3440/5/6
f 3440/5/6 3434/5/6 3441/5/6
f 3441/5/6 3434/5/6 3442/5/6
f 3442/5/6 3434/5/6 3443/5/6
f 3435/6/6 3436/6/6 3444/6/6
f 3444/6/6 3436/6/6 3445/6/6
f 3436/1/6 3437/1/6 3446/1/6
f 3445/6/6 3436/6/6 3446/6/6
f 3437/6/6 3438/6/6 3447/6/6
f 3446/1/6 3437/1/6 3447/1/6
f 3438/1/6 3439/1/6 3448/1/6
f 3447/6/6 3438/6/6 3448/6/6
f 3439/6/6 3440/6/6 3449/6/6
f 3448/1/6 3439/1/6 3449/1/6
f 3440/1/6 3441/1/6 3450/1/6
f 3449/6/6 3440/6/6 3450/6/6
f 3441/6/6 3442/6/6 3451/6/6
f 3450/1/6 3441/1/6 3451/1/6
f 3442/1/6 3443/1/6 3452/1/6
f 3451/6/6 3442/6/6 3452/6/6
f 3452/1/6 3443/1/6 3453/1/6
f 3454/5/6 3455/5/6 3456/5/6
f 3456/5/6 3455/5/6 3457/5/6
f 3458/5/6 3459/5/6 3460/5/6
f 3460/5/6 3459/5/6 3461/5/6
f 3461/5/6 3459/5/6 3462/5/6
f 3462/5/6 3459/5/6 3463/5/6
f 3463/5/6 3459/5/6 3464/5/6
f 3464/5/6 3459/5/6 3465/5/6
f 3465/5/6 3459/5/6 3466/5/6
f 3466/5/6 3459/5/6 3467/5/6
f 3467/5/6 3459/5/6 3468/5/6
f 3466/6/6 3467/6/6 3469/6/6
f 3467/1/6 3468/1/6 3470/1/6
f 3469/6/6 3467/6/6 3470/6/6
f 3466/6/6 3469/6/6 3471/6/6
f 3470/1/6 3468/1/6 3472/1/6
f 3460/6/6 3461/6/6 3473/6/6
f 3473/6/6 3461/6/6 3474/6/6
f 3461/1/6 3462/1/6 3475/1/6
f 3474/6/6 3461/6/6 3475/6/6
f 3462/6/6 3463/6/6 3476/6/6
f 3475/1/6 3462/1/6 3476/1/6
f 3463/1/6 3464/1/6 3477/1/6
f 3476/6/6 3463/6/6 3477/6/6
f 3464/6/6 3465/6/6 3478/6/6
f 3477/1/6 3464/1/6 3478/1/6
f 3465/1/6 3466/1/6 3479/1/6
f 3478/6/6 3465/6/6 3479/6/6
f 3471/6/6 3472/6/6 3480/6/6
f 3479/1/6 3466/1/6 3480/1/6
f 3466/6/6 3471/6/6 3480/6/6
f 3472/1/6 3468/1/6 3481/1/6
f 3480/6/6 3472/6/6 3481/6/6
f 3481/1/6 3468/1/6 3482/1/6
f 3483/2/6 3484/2/6 3487/2/6
f 3487/2/6 3484/2/6 3488/2/6
f 3485/2/6 3486/2/6 3489/2/6
f 3489/2/6 3486/2/6 3490/2/6
f 3491/2/6 3492/2/6 3494/2/6
f 3494/2/6 3492/2/6 3495/2/6
f 3493/2/6 3494/2/6 3497/2/6
f 3497/2/6 3494/2/6 3498/2/6
f 3495/2/6 3496/2/6 3499/2/6
f 3499/2/6 3496/2/6 3500/2/6
f 3501/2/6 3502/2/6 3504/2/6
f 3504/2/6 3502/2/6 3505/2/6
f 3503/2/6 3504/2/6 3507/2/6
f 3507/2/6 3504/2/6 3508/2/6
f 3505/2/6 3506/2/6 3509/2/6
f 3509/2/6 3506/2/6 3510/2/6
f 3511/5/6 3512/5/6 3513/5/6
f 3513/5/6 3512/5/6 3514/5/6
f 3515/2/6 3516/2/6 3518/2/6
f 3518/2/6 3516/2/6 3519/2/6
f 3517/2/6 3518/2/6 3521/2/6
f 3521/2/6 3518/2/6 3522/2/6
f 3519/2/6 3520/2/6 3523/2/6
f 3523/2/6 3520/2/6 3524/2/6
f 3525/5/6 3526/5/6 3527/5/6
f 3527/5/6 3526/5/6 3528/5/6
f 3528/5/6 3526/5/6 3529/5/6
f 3529/5/6 3526/5/6 3530/5/6
f 3530/5/6 3526/5/6 3531/5/6
f 3531/5/6 3526/5/6 3532/5/6
f 3532/5/6 3526/5/6 3533/5/6
f 3533/5/6 3526/5/6 3534/5/6
f 3534/5/6 3526/5/6 3535/5/6
f 3527/6/6 3528/6/6 3536/6/6
f 3528/1/6 3529/1/6 3537/1/6
f 3536/6/6 3528/6/6 3537/6/6
f 3529/6/6 3530/6/6 3538/6/6
f 3537/1/6 3529/1/6 3538/1/6
f 3530/1/6 3531/1/6 3539/1/6
f 3538/6/6 3530/6/6 3539/6/6
f 3531/6/6 3532/6/6 3540/6/6
f 3539/1/6 3531/1/6 3540/1/6
f 3532/1/6 3533/1/6 3541/1/6
f 3540/6/6 3532/6/6 3541/6/6
f 3533/6/6 3534/6/6 3542/6/6
f 3541/1/6 3533/1/6 3542/1/6
f 3534/1/6 3535/1/6 3543/1/6
f 3542/6/6 3534/6/6 3543/6/6
f 3543/1/6 3535/1/6 3544/1/6
f 3545/6/6 3546/6/6 3547/6/6
f 3547/6/6 3546/6/6 3548/6/6
f 3549/6/6 3550/6/6 3551/6/6
f 3551/6/6 3550/6/6 3552/6/6
f 3553/6/6 3554/6/6 3555/6/6
f 3555/6/6 3554/6/6 3556/6/6
f 3557/6/6 3558/6/6 3559/6/6
f 3559/6/6 3558/6/6 3560/6/6
f 3561/6/6 3562/6/6 3563/6/6
f 3563/6/6 3562/6/6 3564/6/6
f 3565/2/6 3566/2/6 3568/2/6
f 3568/2/6 3566/2/6 3569/2/6
f 3567/2/6 3568/2/6 3571/2/6
f 3571/2/6 3568/2/6 3572/2/6
f 3569/2/6 3570/2/6 3573/2/6
f 3573/2/6 3570/2/6 3574/2/6
f 3575/2/6 3576/2/6 3578/2/6
f 3578/2/6 3576/2/6 3579/2/6
f 3577/2/6 3578/2/6 3581/2/6
f 3581/2/6 3578/2/6 3582/2/6
f 3579/2/6 3580/2/6 3583/2/6
f 3583/2/6 3580/2/6 3584/2/6
f 3585/3/6 3586/3/6 3595/3/6
f 3595/3/6 3586/3/6 3596/3/6
f 3587/3/6 3588/3/6 3599/3/6
f 3599/3/6 3588/3/6 3600/3/6
f 3589/3/6 3590/3/6 3603/3/6
f 3603/3/6 3590/3/6 3604/3/6
f 3591/3/6 3592/3/6 3607/3/6
f 3607/3/6 3592/3/6 3608/3/6
f 3593/3/6 3594/3/6 3611/3/6
f 3611/3/6 3594/3/6 3612/3/6
f 3595/3/6 3596/3/6 3613/3/6
f 3613/3/6 3596/3/6 3614/3/6
f 3597/3/6 3598/3/6 3615/3/6
f 3615/3/6 3598/3/6 3616/3/6
f 3599/3/6 3600/3/6 3617/3/6
f 3617/3/6 3600/3/6 3618/3/6
f 3601/3/6 3602/3/6 3619/3/6
f 3619/3/6 3602/3/6 3620/3/6
f 3603/3/6 3604/3/6 3621/3/6
f 3621/3/6 3604/3/6 3622/3/6
f 3605/3/6 3606/3/6 3623/3/6
f 3623/3/6 3606/3/6 3624/3/6
f 3607/3/6 3608/3/6 3625/3/6
f 3625/3/6 3608/3/6 3626/3/6
f 3609/3/6 3610/3/6 3627/3/6
f 3627/3/6 3610/3/6 3628/3/6
f 3613/3/6 3614/3/6 3631/3/6
f 3631/3/6 3614/3/6 3632/3/6
f 3617/3/6 3618/3/6 3635/3/6
f 3635/3/6 3618/3/6 3636/3/6
f 3621/3/6 3622/3/6 3639/3/6
f 3639/3/6 3622/3/6 3640/3/6
f 3625/3/6 3626/3/6 3643/3/6
f 3643/3/6 3626/3/6 3644/3/6
f 3629/3/6 3630/3/6 3647/3/6
f 3647/3/6 3630/3/6 3648/3/6
f 3631/3/6 3632/3/6 3649/3/6
f 3649/3/6 3632/3/6 3650/3/6
f 3633/3/6 3634/3/6 3651/3/6
f 3651/3/6 3634/3/6 3652/3/6
f 3635/3/6 3636/3/6 3653/3/6
f 3653/3/6 3636/3/6 3654/3/6
f 3637/3/6 3638/3/6 3655/3/6
f 3655/3/6 3638/3/6 3656/3/6
f 3639/3/6 3640/3/6 3657/3/6
f 3657/3/6 3640/3/6 3658/3/6
f 3641/3/6 3642/3/6 3659/3/6
f 3659/3/6 3642/3/6 3660/3/6
f 3643/3/6 3644/3/6 3661/3/6
f 3661/3/6 3644/3/6 3662/3/6
f 3645/3/6 3646/3/6 3663/3/6
f 3663/3/6 3646/3/6 3664/3/6
f 3649/3/6 3650/3/6 3667/3/6
f 3667/3/6 3650/3/6 3668/3/6
f 3653/3/6 3654/3/6 3671/3/6
f 3671/3/6 3654/3/6 3672/3/6
f 3657/3/6 3658/3/6 3675/3/6
f 3675/3/6 3658/3/6 3676/3/6
f 3661/3/6 3662/3/6 3679/3/6
f 3679/3/6 3662/3/6 3680/3/6
f 3665/3/6 3666/3/6 3683/3/6
f 3683/3/6 3666/3/6 3684/3/6
f 3667/3/6 3668/3/6 3685/3/6
f 3685/3/6 3668/3/6 3686/3/6
f 3669/3/6 3670/3/6 3687/3/6
f 3687/3/6 3670/3/6 3688/3/6
f 3671/3/6 3672/3/6 3689/3/6
f 3689/3/6 3672/3/6 3690/3/6
f 3673/3/6 3674/3/6 3691/3/6
f 3691/3/6 3674/3/6 3692/3/6
f 3675/3/6 3676/3/6 3693/3/6
f 3693/3/6 3676/3/6 3694/3/6
f 3677/3/6 3678/3/6 3695/3/6
f 3695/3/6 3678/3/6 3696/3/6
f 3679/3/6 3680/3/6 3697/3/6
f 3697/3/6 3680/3/6 3698/3/6
f 3681/3/6 3682/3/6 3699/3/6
f 3699/3/6 3682/3/6 3700/3/6
f 3685/3/6 3686/3/6 3703/3/6
f 3703/3/6 3686/3/6 3704/3/6
f 3689/3/6 3690/3/6 3707/3/6
f 3707/3/6 3690/3/6 3708/3/6
f 3693/3/6 3694/3/6 3711/3/6
f 3711/3/6 3694/3/6 3712/3/6
f 3697/3/6 3698/3/6 3715/3/6
f 3715/3/6 3698/3/6 3716/3/6
f 3701/3/6 3702/3/6 3719/3/6
f 3719/3/6 3702/3/6 3720/3/6
f 3703/3/6 3704/3/6 3721/3/6
f 3721/3/6 3704/3/6 3722/3/6
f 3705/3/6 3706/3/6 3723/3/6
f 3723/3/6 3706/3/6 3724/3/6
f 3707/3/6 3708/3/6 3725/3/6
f 3725/3/6 3708/3/6 3726/3/6
f 3709/3/6 3710/3/6 3727/3/6
f 3727/3/6 3710/3/6 3728/3/6
f 3711/3/6 3712/3/6 3729/3/6
f 3729/3/6 3712/3/6 3730/3/6
f 3713/3/6 3714/3/6 3731/3/6
f 3731/3/6 3714/3/6 3732/3/6
f 3715/3/6 3716/3/6 3733/3/6
f 3733/3/6 3716/3/6 3734/3/6
f 3717/3/6 3718/3/6 3735/3/6
f 3735/3/6 3718/3/6 3736/3/6
f 3721/3/6 3722/3/6 3739/3/6
f 3739/3/6 3722/3/6 3740/3/6
f 3725/3/6 3726/3/6 3743/3/6
f 3743/3/6 3726/3/6 3744/3/6
f 3729/3/6 3730/3/6 3747/3/6
f 3747/3/6 3730/3/6 3748/3/6
f 3733/3/6 3734/3/6 3751/3/6
f 3751/3/6 3734/3/6 3752/3/6
f 3737/3/6 3738/3/6 3755/3/6
f 3755/3/6 3738/3/6 3756/3/6
f 3739/3/6 3740/3/6 3757/3/6
f 3757/3/6 3740/3/6 3758/3/6
f 3741/3/6 3742/3/6 3759/3/6
f 3759/3/6 3742/3/6 3760/3/6
f 3743/3/6 3744/3/6 3761/3/6
f 3761/3/6 3744/3/6 3762/3/6
f 3745/3/6 3746/3/6 3763/3/6
f 3763/3/6 3746/3/6 3764/3/6
f 3747/3/6 3748/3/6 3765/3/6
f 3765/3/6 3748/3/6 3766/3/6
f 3749/3/6 3750/3/6 3767/3/6
f 3767/3/6 3750/3/6 3768/3/6
f 3751/3/6 3752/3/6 3769/3/6
f 3769/3/6 3752/3/6 3770/3/6
f 3753/3/6 3754/3/6 3771/3/6
f 3771/3/6 3754/3/6 3772/3/6
f 3757/3/6 3758/3/6 3773/3/6
f 3773/3/6 3758/3/6 3774/3/6
f 3761/3/6 3762/3/6 3775/3/6
f 3775/3/6 3762/3/6 3776/3/6
f 3765/3/6 3766/3/6 3777/3/6
f 3777/3/6 3766/3/6 3778/3/6
f 3769/3/6 3770/3/6 3779/3/6
f 3779/3/6 3770/3/6 3780/3/6
f 3781/2/6 3782/2/6 3784/2/6
f 3784/2/6 3782/2/6 3785/2/6
f 3783/2/6 3784/2/6 3787/2/6
f 3787/2/6 3784/2/6 3788/2/6
f 3785/2/6 3786/2/6 3789/2/6
f 3789/2/6 3786/2/6 3790/2/6
f 3791/5/6 3792/5/6 3793/5/6
f 3793/5/6 3792/5/6 3794/5/6
f 3795/2/6 3796/2/6 3798/2/6
f 3798/2/6 3796/2/6 3799/2/6
f 3797/2/6 3798/2/6 3801/2/6
f 3801/2/6 3798/2/6 3802/2/6
f 3799/2/6 3800/2/6 3803/2/6
f 3803/2/6 3800/2/6 3804/2/6
f 3805/5/6 3806/5/6 3807/5/6
f 3807/5/6 3806/5/6 3808/5/6
f 3808/5/6 3806/5/6 3809/5/6
f 3809/5/6 3806/5/6 3810/5/6
f 3810/5/6 3806/5/6 3811/5/6
f 3811/5/6 3806/5/6 3812/5/6
f 3812/5/6 3806/5/6 3813/5/6
f 3813/5/6 3806/5/6 3814/5/6
f 3814/5/6 3806/5/6 3815/5/6
f 3815/5/6 3806/5/6 3816/5/6
f 3816/5/6 3806/5/6 3817/5/6
f 3807/4/6 3808/4/6 3818/4/6
f 3818/4/6 3808/4/6 3819/4/6
f 3809/4/6 3810/4/6 3820/4/6
f 3820/4/6 3810/4/6 3821/4/6
f 3811/4/6 3812/4/6 3822/4/6
f 3822/4/6 3812/4/6 3823/4/6
f 3813/4/6 3814/4/6 3824/4/6
f 3824/4/6 3814/4/6 3825/4/6
f 3815/4/6 3816/4/6 3826/4/6
f 3826/4/6 3816/4/6 3827/4/6
f 3828/4/6 3829/4/6 3838/4/6
f 3838/4/6 3829/4/6 3839/4/6
f 3830/4/6 3831/4/6 3840/4/6
f 3840/4/6 3831/4/6 3841/4/6
f 3832/4/6 3833/4/6 3842/4/6
f 3842/4/6 3833/4/6 3843/4/6
f 3834/4/6 3835/4/6 3844/4/6
f 3844/4/6 3835/4/6 3845/4/6
f 3836/4/6 3837/4/6 3846/4/6
f 3846/4/6 3837/4/6 3847/4/6
f 3848/4/6 3849/4/6 3858/4/6
f 3858/4/6 3849/4/6 3859/4/6
f 3850/4/6 3851/4/6 3860/4/6
f 3860/4/6 3851/4/6 3861/4/6
f 3852/4/6 3853/4/6 3862/4/6
f 3862/4/6 3853/4/6 3863/4/6
f 3854/4/6 3855/4/6 3864/4/6
f 3864/4/6 3855/4/6 3865/4/6
f 3856/4/6 3857/4/6 3866/4/6
f 3866/4/6 3857/4/6 3867/4/6
f 3868/4/6 3869/4/6 3878/4/6
f 3878/4/6 3869/4/6 3879/4/6
f 3870/4/6 3871/4/6 3880/4/6
f 3880/4/6 3871/4/6 3881/4/6
f 3872/4/6 3873/4/6 3882/4/6
f 3882/4/6 3873/4/6 3883/4/6
f 3874/4/6 3875/4/6 3884/4/6
f 3884/4/6 3875/4/6 3885/4/6
f 3876/4/6 3877/4/6 3886/4/6
f 3886/4/6 3877/4/6 3887/4/6
f 3888/4/6 3889/4/6 3898/4/6
f 3898/4/6 3889/4/6 3899/4/6
f 3890/4/6 3891/4/6 3900/4/6
f 3900/4/6 3891/4/6 3901/4/6
f 3892/4/6 3893/4/6 3902/4/6
f 3902/4/6 3893/4/6 3903/4/6
f 3894/4/6 3895/4/6 3904/4/6
f 3904/4/6 3895/4/6 3905/4/6
f 3896/4/6 3897/4/6 3906/4/6
f 3906/4/6 3897/4/6 3907/4/6
f 3908/4/6 3909/4/6 3918/4/6
f 3918/4/6 3909/4/6 3919/4/6
f 3910/4/6 3911/4/6 3920/4/6
f 3920/4/6 3911/4/6 3921/4/6
f 3912/4/6 3913/4/6 3922/4/6
f 3922/4/6 3913/4/6 3923/4/6
f 3914/4/6 3915/4/6 3924/4/6
f 3924/4/6 3915/4/6 3925/4/6
f 3916/4/6 3917/4/6 3926/4/6
f 3926/4/6 3917/4/6 3927/4/6
f 3928/2/6 3929/2/6 3931/2/6
f 3931/2/6 3929/2/6 3932/2/6
f 3930/2/6 3931/2/6 3934/2/6
f 3934/2/6 3931/2/6 3935/2/6
f 3932/2/6 3933/2/6 3936/2/6
f 3936/2/6 3933/2/6 3937/2/6
f 3938/2/6 3939/2/6 3941/2/6
f 3941/2/6 3939/2/6 3942/2/6
f 3940/2/6 3941/2/6 3944/2/6
f 3944/2/6 3941/2/6 3945/2/6
f 3942/2/6 3943/2/6 3946/2/6
f 3946/2/6 3943/2/6 3947/2/6
f 3948/5/6 3949/5/6 3950/5/6
f 3950/5/6 3949/5/6 3951/5/6
f 3948/5/6 3950/5/6 3952/5/6
f 3951/5/6 3949/5/6 3953/5/6
f 3952/5/6 3953/5/6 3954/5/6
f 3953/5/6 3949/5/6 3955/5/6
f 3954/5/6 3953/5/6 3955/5/6
f 3952/5/6 3954/5/6 3956/5/6
f 3955/5/6 3949/5/6 3957/5/6
f 3952/5/6 3956/5/6 3958/5/6
f 3956/5/6 3957/5/6 3958/5/6
f 3957/5/6 3949/5/6 3959/5/6
f 3958/5/6 3957/5/6 3959/5/6
f 3952/5/6 3958/5/6 3960/5/6
f 3959/5/6 3949/5/6 3961/5/6
f 3952/5/6 3960/5/6 3962/5/6
f 3960/5/6 3961/5/6 3962/5/6
f 3961/5/6 3949/5/6 3963/5/6
f 3962/5/6 3961/5/6 3963/5/6
f 3952/5/6 3962/5/6 3964/5/6
f 3963/5/6 3949/5/6 3965/5/6
f 3952/5/6 3964/5/6 3966/5/6
f 3964/5/6 3965/5/6 3966/5/6
f 3965/5/6 3949/5/6 3967/5/6
f 3966/5/6 3965/5/6 3967/5/6
f 3952/5/6 3966/5/6 3968/5/6
f 3967/5/6 3949/5/6 3969/5/6
f 3952/5/6 3968/5/6 3970/5/6
f 3968/5/6 3969/5/6 3970/5/6
f 3969/5/6 3949/5/6 3971/5/6
f 3970/5/6 3969/5/6 3971/5/6
f 3952/5/6 3970/5/6 3972/5/6
f 3971/5/6 3949/5/6 3973/5/6
f 3948/5/6 3952/5/6 3974/5/6
f 3972/5/6 3973/5/6 3974/5/6
f 3952/5/6 3972/5/6 3974/5/6
f 3973/5/6 3949/5/6 3975/5/6
f 3974/5/6 3973/5/6 3975/5/6
f 3948/5/6 3974/5/6 3976/5/6
f 3975/5/6 3949/5/6 3977/5/6
f 3976/5/6 3977/5/6 3978/5/6
f 3977/5/6 3949/5/6 3979/5/6
f 3978/5/6 3977/5/6 3979/5/6
f 3976/5/6 3978/5/6 3980/5/6
f 3979/5/6 3949/5/6 3981/5/6
f 3976/5/6 3980/5/6 3982/5/6
f 3980/5/6 3981/5/6 3982/5/6
f 3981/5/6 3949/5/6 3983/5/6
f 3982/5/6 3981/5/6 3983/5/6
f 3976/5/6 3982/5/6 3984/5/6
f 3983/5/6 3949/5/6 3985/5/6
f 3976/5/6 3984/5/6 3986/5/6
f 3984/5/6 3985/5/6 3986/5/6
f 3985/5/6 3949/5/6 3987/5/6
f 3986/5/6 3985/5/6 3987/5/6
f 3976/5/6 3986/5/6 3988/5/6
f 3987/5/6 3949/5/6 3989/5/6
f 3976/5/6 3988/5/6 3990/5/6
f 3988/5/6 3989/5/6 3990/5/6
f 3989/5/6 3949/5/6 3991/5/6
f 3990/5/6 3989/5/6 3991/5/6
f 3976/5/6 3990/5/6 3992/5/6
f 3991/5/6 3949/5/6 3993/5/6
f 3976/5/6 3992/5/6 3994/5/6
f 3992/5/6 3993/5/6 3994/5/6
f 3993/5/6 3949/5/6 3995/5/6
f 3994/5/6 3993/5/6 3995/5/6
f 3976/5/6 3994/5/6 3996/5/6
f 3995/5/6 3949/5/6 3997/5/6
f 3948/5/6 3976/5/6 3999/5/6
f 3996/5/6 3997/5/6 3999/5/6
f 3976/5/6 3996/5/6 3999/5/6
f 3998/5/6 3999/5/6 4000/5/6
f 4000/5/6 3999/5/6 4001/5/6
f 3999/5/6 3997/5/6 4002/5/6
f 4001/5/6 3999/5/6 4002/5/6
f 3997/5/6 3949/5/6 4003/5/6
f 4002/5/6 3997/5/6 4003/5/6
f 4001/5/6 4002/5/6 4004/5/6
f 4004/5/6 4002/5/6 4005/5/6
f 4005/5/6 4002/5/6 4006/5/6
f 4006/5/6 4002/5/6 4007/5/6
f 4007/5/6 4002/5/6 4008/5/6
f 4008/5/6 4002/5/6 4009/5/6
f 4009/5/6 4002/5/6 4010/5/6
f 4010/5/6 4002/5/6 4011/5/6
f 4011/5/6 4002/5/6 4012/5/6
f 4012/5/6 4002/5/6 4013/5/6
f 4013/5/6 4002/5/6 4014/5/6
f 4014/5/6 4002/5/6 4015/5/6
f 3998/5/6 4000/5/6 4016/5/6
f 4001/5/6 4004/5/6 4017/5/6
f 4017/5/6 4004/5/6 4018/5/6
f 4005/5/6 4006/5/6 4019/5/6
f 4019/5/6 4006/5/6 4020/5/6
f 4007/5/6 4008/5/6 4021/5/6
f 4021/5/6 4008/5/6 4022/5/6
f 4009/5/6 4010/5/6 4023/5/6
f 4023/5/6 4010/5/6 4024/5/6
f 4011/5/6 4012/5/6 4025/5/6
f 4025/5/6 4012/5/6 4026/5/6
f 4013/5/6 4014/5/6 4027/5/6
f 4027/5/6 4014/5/6 4028/5/6
f 4015/5/6 4002/5/6 4029/5/6
f 4029/5/6 4002/5/6 4030/5/6
f 4003/5/6 3949/5/6 4031/5/6
f 4029/5/6 4030/5/6 4032/5/6
f 4030/5/6 4031/5/6 4032/5/6
f 4027/5/6 4028/5/6 4032/5/6
f 3998/5/6 4016/5/6 4032/5/6
f 4028/5/6 4029/5/6 4032/5/6
f 4025/5/6 4026/5/6 4032/5/6
f 4026/5/6 4027/5/6 4032/5/6
f 4017/5/6 4018/5/6 4032/5/6
f 4024/5/6 4025/5/6 4032/5/6
f 4023/5/6 4024/5/6 4032/5/6
f 4022/5/6 4023/5/6 4032/5/6
f 4019/5/6 4020/5/6 4032/5/6
f 4020/5/6 4021/5/6 4032/5/6
f 4021/5/6 4022/5/6 4032/5/6
f 4018/5/6 4019/5/6 4032/5/6
f 4016/5/6 4017/5/6 4032/5/6
f 4031/5/6 3949/5/6 4033/5/6
f 4032/5/6 4031/5/6 4033/5/6
f 4034/2/6 4035/2/6 4037/2/6
f 4037/2/6 4035/2/6 4038/2/6
f 4036/2/6 4037/2/6 4040/2/6
f 4040/2/6 4037/2/6 4041/2/6
f 4038/2/6 4039/2/6 4042/2/6
f 4042/2/6 4039/2/6 4043/2/6
f 4044/2/6 4045/2/6 4047/2/6
f 4047/2/6 4045/2/6 4048/2/6
f 4046/2/6 4047/2/6 4050/2/6
f 4050/2/6 4047/2/6 4051/2/6
f 4048/2/6 4049/2/6 4052/2/6
f 4052/2/6 4049/2/6 4053/2/6
f 4054/2/6 4055/2/6 4057/2/6
f 4057/2/6 4055/2/6 4058/2/6
f 4056/2/6 4057/2/6 4060/2/6
f 4060/2/6 4057/2/6 4061/2/6
f 4058/2/6 4059/2/6 4062/2/6
f 4062/2/6 4059/2/6 4063/2/6
f 4064/2/6 4065/2/6 4067/2/6
f 4067/2/6 4065/2/6 4068/2/6
f 4066/2/6 4067/2/6 4070/2/6
f 4070/2/6 4067/2/6 4071/2/6
f 4068/2/6 4069/2/6 4072/2/6
f 4072/2/6 4069/2/6 4073/2/6
f 4074/2/6 4075/2/6 4077/2/6
f 4077/2/6 4075/2/6 4078/2/6
f 4076/2/6 4077/2/6 4080/2/6
f 4080/2/6 4077/2/6 4081/2/6
f 4078/2/6 4079/2/6 4082/2/6
f 4082/2/6 4079/2/6 4083/2/6
f 4084/2/6 4085/2/6 4087/2/6
f 4087/2/6 4085/2/6 4088/2/6
f 4086/2/6 4087/2/6 4090/2/6
f 4090/2/6 4087/2/6 4091/2/6
f 4088/2/6 4089/2/6 4092/2/6
f 4092/2/6 4089/2/6 4093/2/6
f 4094/2/6 4095/2/6 4097/2/6
f 4097/2/6 4095/2/6 4098/2/6
f 4096/2/6 4097/2/6 4100/2/6
f 4100/2/6 4097/2/6 4101/2/6
f 4098/2/6 4099/2/6 4102/2/6
f 4102/2/6 4099/2/6 4103/2/6
f 4104/2/6 4105/2/6 4107/2/6
f 4107/2/6 4105/2/6 4108/2/6
f 4106/2/6 4107/2/6 4110/2/6
f 4110/2/6 4107/2/6 4111/2/6
f 4108/2/6 4109/2/6 4112/2/6
f 4112/2/6 4109/2/6 4113/2/6
f 4114/2/6 4115/2/6 4117/2/6
f 4117/2/6 4115/2/6 4118/2/6
f 4116/2/6 4117/2/6 4120/2/6
f 4120/2/6 4117/2/6 4121/2/6
f 4118/2/6 4119/2/6 4122/2/6
f 4122/2/6 4119/2/6 4123/2/6
f 4124/2/6 4125/2/6 4127/2/6
f 4127/2/6 4125/2/6 4128/2/6
f 4126/2/6 4127/2/6 4130/2/6
f 4130/2/6 4127/2/6 4131/2/6
f 4128/2/6 4129/2/6 4132/2/6
f 4132/2/6 4129/2/6 4133/2/6
f 4134/2/6 4135/2/6 4137/2/6
f 4137/2/6 4135/2/6 4138/2/6
f 4136/2/6 4137/2/6 4140/2/6
f 4140/2/6 4137/2/6 4141/2/6
f 4138/2/6 4139/2/6 4142/2/6
f 4142/2/6 4139/2/6 4143/2/6
f 4144/2/6 4145/2/6 4146/2/6
f 4146/2/6 4145/2/6 4147/2/6
f 4144/2/6 4146/2/6 4148/2/6
f 4144/2/6 4148/2/6 4150/2/6
f 4148/2/6 4149/2/6 4150/2/6
f 4150/2/6 4149/2/6 4151/2/6
f 4144/2/6 4150/2/6 4152/2/6
f 4144/2/6 4152/2/6 4154/2/6
f 4152/2/6 4153/2/6 4154/2/6
f 4154/2/6 4153/2/6 4155/2/6
f 4156/2/6 4157/2/6 4158/2/6
f 4158/2/6 4157/2/6 4159/2/6
f 4156/2/6 4158/2/6 4160/2/6
f 4156/2/6 4160/2/6 4162/2/6
f 4160/2/6 4161/2/6 4162/2/6
f 4162/2/6 4161/2/6 4163/2/6
f 4156/2/6 4162/2/6 4164/2/6
f 4156/2/6 4164/2/6 4167/2/6
f 4164/2/6 4165/2/6 4167/2/6
f 4167/2/6 4165/2/6 4168/2/6
f 4166/2/6 4167/2/6 4169/2/6
f 4169/2/6 4167/2/6 4170/2/6
f 4170/2/6 4167/2/6 4171/2/6
f 4171/2/6 4167/2/6 4172/2/6
f 4166/2/6 4169/2/6 4173/2/6
f 4173/2/6 4169/2/6 4174/2/6
f 4170/2/6 4171/2/6 4175/2/6
f 4175/2/6 4171/2/6 4176/2/6
f 4172/2/6 4167/2/6 4177/2/6
f 4177/2/6 4167/2/6 4178/2/6
f 4179/2/6 4180/2/6 4182/2/6
f 4182/2/6 4180/2/6 4183/2/6
f 4181/2/6 4182/2/6 4185/2/6
f 4185/2/6 4182/2/6 4186/2/6
f 4183/2/6 4184/2/6 4187/2/6
f 4187/2/6 4184/2/6 4188/2/6
f 4189/2/6 4190/2/6 4192/2/6
f 4192/2/6 4190/2/6 4193/2/6
f 4191/2/6 4192/2/6 4195/2/6
f 4195/2/6 4192/2/6 4196/2/6
f 4193/2/6 4194/2/6 4197/2/6
f 4197/2/6 4194/2/6 4198/2/6
f 4199/2/6 4200/2/6 4202/2/6
f 4202/2/6 4200/2/6 4203/2/6
f 4201/2/6 4202/2/6 4205/2/6
f 4205/2/6 4202/2/6 4206/2/6
f 4203/2/6 4204/2/6 4207/2/6
f 4207/2/6 4204/2/6 4208/2/6
f 4209/2/6 4210/2/6 4212/2/6
f 4212/2/6 4210/2/6 4213/2/6
f 4211/2/6 4212/2/6 4216/2/6
f 4215/2/6 4216/2/6 4217/2/6
f 4216/2/6 4212/2/6 4218/2/6
f 4217/2/6 4216/2/6 4218/2/6
f 4219/2/6 4220/2/6 4221/2/6
f 4221/2/6 4220/2/6 4222/2/6
f 4213/2/6 4214/2/6 4223/2/6
f 4223/2/6 4214/2/6 4224/2/6
f 4225/2/6 4226/2/6 4228/2/6
f 4227/2/6 4228/2/6 4229/2/6
f 4228/2/6 4226/2/6 4230/2/6
f 4229/2/6 4228/2/6 4230/2/6
f 4230/2/6 4226/2/6 4231/2/6
f 4231/2/6 4226/2/6 4232/2/6
