# MagicaVoxel @ Ephtracy

# group
o 

# material
mtllib tree.mtl
usemtl palette

# normals
vn -1 0 0
vn 1 0 0
vn 0 0 1
vn 0 0 -1
vn 0 -1 0
vn 0 1 0

# texcoords
vt 0.0917969 0.5
vt 0.255859 0.5
vt 0.283203 0.5
vt 0.287109 0.5

# verts
v -1.8 0 1.9
v -1.8 0 -1.4
v -1.8 0.1 1.9
v -1.8 0.1 -1.4
v -1.7 2.4 0.4
v -1.7 2.4 0.3
v -1.7 2.4 -0.3
v -1.7 2.4 -0.8
v -1.7 2.5 0.4
v -1.7 2.5 0.3
v -1.7 2.5 0
v -1.7 2.5 -0.3
v -1.7 2.5 -0.8
v -1.7 2.6 0.1
v -1.7 2.6 0
v -1.7 2.6 -0.1
v -1.7 2.6 -0.3
v -1.7 2.7 0
v -1.7 2.7 -0.1
v -1.7 2.8 0.2
v -1.7 2.8 0.1
v -1.7 2.8 0
v -1.7 3.1 0.3
v -1.7 3.1 0.2
v -1.7 3.1 -0.4
v -1.7 3.1 -0.5
v -1.7 3.2 0.4
v -1.7 3.2 0.3
v -1.7 3.2 0.1
v -1.7 3.2 -0.5
v -1.7 3.2 -0.6
v -1.7 3.3 -0.4
v -1.7 3.3 -0.5
v -1.7 3.3 -0.6
v -1.7 3.3 -0.7
v -1.7 3.4 0.8
v -1.7 3.4 0.6
v -1.7 3.4 -0.5
v -1.7 3.4 -0.6
v -1.7 3.4 -0.7
v -1.7 3.4 -0.8
v -1.7 3.5 0.8
v -1.7 3.5 0.6
v -1.7 3.5 0.4
v -1.7 3.5 -0.6
v -1.7 3.5 -0.7
v -1.7 3.6 0.6
v -1.7 3.6 0.5
v -1.7 3.6 -0.7
v -1.7 3.6 -0.8
v -1.7 3.7 0.5
v -1.7 3.7 0.3
v -1.7 3.7 0
v -1.7 3.8 0.3
v -1.7 3.8 0
v -1.7 3.8 -0.1
v -1.7 3.9 0
v -1.7 3.9 -0.1
v -1.7 3.9 -0.2
v -1.7 4 0.5
v -1.7 4 0.2
v -1.7 4 -0.1
v -1.7 4 -0.2
v -1.7 4 -0.4
v -1.7 4.1 0.7
v -1.7 4.1 0.5
v -1.7 4.1 0.4
v -1.7 4.1 0.2
v -1.7 4.1 -0.2
v -1.7 4.1 -0.4
v -1.7 4.2 0.7
v -1.7 4.2 0.4
v -1.6 2.3 0.3
v -1.6 2.3 0.2
v -1.6 2.4 0.6
v -1.6 2.4 0.4
v -1.6 2.4 0.3
v -1.6 2.4 0.2
v -1.6 2.4 -0.3
v -1.6 2.4 -0.8
v -1.6 2.4 -0.9
v -1.6 2.5 0.6
v -1.6 2.5 0.5
v -1.6 2.5 0.4
v -1.6 2.5 0.3
v -1.6 2.5 0
v -1.6 2.5 -0.3
v -1.6 2.5 -0.8
v -1.6 2.5 -0.9
v -1.6 2.6 1.1
v -1.6 2.6 0.9
v -1.6 2.6 0.1
v -1.6 2.6 0
v -1.6 2.6 -0.1
v -1.6 2.6 -0.3
v -1.6 2.7 0
v -1.6 2.7 -0.1
v -1.6 2.8 0.9
v -1.6 2.8 0.5
v -1.6 2.8 0.2
v -1.6 2.8 0.1
v -1.6 2.8 0
v -1.6 2.9 0.9
v -1.6 2.9 0.6
v -1.6 3 0.6
v -1.6 3 0.5
v -1.6 3.1 0.8
v -1.6 3.1 0.5
v -1.6 3.1 0.3
v -1.6 3.1 0.2
v -1.6 3.1 -0.4
v -1.6 3.1 -0.5
v -1.6 3.2 0.4
v -1.6 3.2 0.3
v -1.6 3.2 0.1
v -1.6 3.2 -0.5
v -1.6 3.2 -0.6
v -1.6 3.3 1.1
v -1.6 3.3 1
v -1.6 3.3 0.9
v -1.6 3.3 0.8
v -1.6 3.3 -0.4
v -1.6 3.3 -0.5
v -1.6 3.3 -0.6
v -1.6 3.3 -0.7
v -1.6 3.4 1
v -1.6 3.4 0.8
v -1.6 3.4 0.6
v -1.6 3.4 -0.5
v -1.6 3.4 -0.6
v -1.6 3.4 -0.7
v -1.6 3.4 -0.8
v -1.6 3.5 0.8
v -1.6 3.5 0.6
v -1.6 3.5 0.4
v -1.6 3.5 -0.6
v -1.6 3.5 -0.7
v -1.6 3.5 -0.8
v -1.6 3.5 -0.9
v -1.6 3.6 1
v -1.6 3.6 0.9
v -1.6 3.6 0.6
v -1.6 3.6 0.5
v -1.6 3.6 -0.5
v -1.6 3.6 -0.7
v -1.6 3.6 -0.8
v -1.6 3.6 -0.9
v -1.6 3.7 0.5
v -1.6 3.7 0.3
v -1.6 3.7 0
v -1.6 3.7 -0.7
v -1.6 3.7 -0.8
v -1.6 3.8 0.9
v -1.6 3.8 0.8
v -1.6 3.8 0.3
v -1.6 3.8 0
v -1.6 3.8 -0.1
v -1.6 3.9 1
v -1.6 3.9 0.8
v -1.6 3.9 0
v -1.6 3.9 -0.1
v -1.6 3.9 -0.2
v -1.6 4 0.5
v -1.6 4 0.2
v -1.6 4 -0.1
v -1.6 4 -0.2
v -1.6 4 -0.4
v -1.6 4.1 0.9
v -1.6 4.1 0.8
v -1.6 4.1 0.7
v -1.6 4.1 0.5
v -1.6 4.1 0.4
v -1.6 4.1 0.2
v -1.6 4.1 -0.2
v -1.6 4.1 -0.4
v -1.6 4.1 -0.5
v -1.6 4.2 0.9
v -1.6 4.2 0.8
v -1.6 4.2 0.7
v -1.6 4.2 0.4
v -1.6 4.2 -0.1
v -1.6 4.2 -0.4
v -1.6 4.3 0.8
v -1.6 4.3 -0.1
v -1.5 0.1 1.6
v -1.5 0.1 -1.1
v -1.5 0.2 1.6
v -1.5 0.2 -1.1
v -1.5 2.3 0.2
v -1.5 2.3 0
v -1.5 2.4 0.2
v -1.5 2.4 0
v -1.5 2.5 0.6
v -1.5 2.5 0.5
v -1.5 2.6 0.6
v -1.5 2.6 0.5
v -1.5 2.9 0.9
v -1.5 2.9 0.6
v -1.5 3 0.6
v -1.5 3 0.5
v -1.5 3.1 1.2
v -1.5 3.1 1.1
v -1.5 3.1 0.8
v -1.5 3.1 0.5
v -1.5 3.3 1.1
v -1.5 3.3 1
v -1.5 3.3 0.9
v -1.5 3.3 0.8
v -1.5 3.4 1.2
v -1.5 3.4 1.1
v -1.5 3.4 1
v -1.5 3.4 0.8
v -1.5 3.6 1
v -1.5 3.6 0.9
v -1.5 3.7 1.1
v -1.5 3.7 1
v -1.5 3.8 0.9
v -1.5 3.8 0.8
v -1.5 3.9 1
v -1.5 3.9 0.8
v -1.5 4.1 1
v -1.5 4.1 0.9
v -1.5 4.1 0.8
v -1.5 4.1 -0.4
v -1.5 4.1 -0.5
v -1.5 4.2 -0.4
v -1.5 4.2 -0.5
v -1.4 2.3 0
v -1.4 2.3 -0.3
v -1.4 2.4 0
v -1.4 2.4 -0.3
v -1.4 2.5 1
v -1.4 2.5 0.9
v -1.4 2.6 1.2
v -1.4 2.6 1.1
v -1.4 2.6 1
v -1.4 2.6 0.9
v -1.4 2.7 1.2
v -1.4 2.7 1.1
v -1.4 2.9 1.2
v -1.4 2.9 1.1
v -1.4 3.1 1.2
v -1.4 3.1 1.1
v -1.4 4.3 0.3
v -1.4 4.3 0.1
v -1.4 4.4 0.3
v -1.4 4.4 0.1
v -1.3 2.3 -0.3
v -1.3 2.3 -0.5
v -1.3 2.4 -0.3
v -1.3 2.4 -0.5
v -1.3 2.5 1.2
v -1.3 2.5 1
v -1.3 2.6 1.2
v -1.3 2.6 1
v -1.3 2.6 0.6
v -1.3 2.6 0.5
v -1.3 2.7 1.2
v -1.3 2.7 1.1
v -1.3 2.7 0.6
v -1.3 2.7 0.5
v -1.3 2.8 1.2
v -1.3 2.8 1.1
v -1.3 4.3 0.4
v -1.3 4.3 0.3
v -1.3 4.4 0.4
v -1.3 4.4 0.3
v -1.2 0.2 1.3
v -1.2 0.2 1.2
v -1.2 0.2 0.9
v -1.2 0.2 0.7
v -1.2 0.2 -0.7
v -1.2 0.2 -1
v -1.2 0.3 1.3
v -1.2 0.3 1.2
v -1.2 0.3 0.9
v -1.2 0.3 0.7
v -1.2 0.3 -0.7
v -1.2 0.3 -0.8
v -1.2 0.3 -0.9
v -1.2 0.3 -1
v -1.2 0.5 -0.8
v -1.2 0.5 -0.9
v -1.2 2.3 -0.5
v -1.2 2.3 -0.7
v -1.2 2.4 0.6
v -1.2 2.4 0.5
v -1.2 2.4 -0.5
v -1.2 2.4 -0.7
v -1.2 2.5 0.6
v -1.2 2.5 0.5
v -1.2 3.6 -0.6
v -1.2 3.6 -0.7
v -1.2 3.7 -0.5
v -1.2 3.7 -0.6
v -1.2 3.7 -0.7
v -1.2 4.1 -0.5
v -1.2 4.2 -0.5
v -1.2 4.2 -0.6
v -1.2 4.3 0.5
v -1.2 4.3 0.4
v -1.2 4.4 0.8
v -1.2 4.4 0.5
v -1.2 4.4 0.4
v -1.2 4.5 1
v -1.2 4.5 0.8
v -1.2 4.5 0.5
v -1.2 4.6 1
v -1.2 4.6 0.8
v -1.2 4.7 0.2
v -1.2 4.7 0.1
v -1.2 4.8 0.2
v -1.2 4.8 0.1
v -1.1 0.2 1.2
v -1.1 0.2 1
v -1.1 0.2 0.7
v -1.1 0.2 0.5
v -1.1 0.2 -0.2
v -1.1 0.2 -0.3
v -1.1 0.2 -0.5
v -1.1 0.2 -0.7
v -1.1 0.3 1.2
v -1.1 0.3 0.7
v -1.1 0.3 0.5
v -1.1 0.3 -0.7
v -1.1 0.3 -0.8
v -1.1 0.4 0.5
v -1.1 0.4 0.4
v -1.1 0.4 -0.2
v -1.1 0.4 -0.3
v -1.1 0.4 -0.5
v -1.1 0.4 -0.6
v -1.1 0.5 1.2
v -1.1 0.5 1
v -1.1 0.5 0.5
v -1.1 0.5 0.4
v -1.1 0.5 -0.6
v -1.1 0.5 -0.8
v -1.1 2.3 0.5
v -1.1 2.3 0.3
v -1.1 2.3 0.2
v -1.1 2.3 -0.1
v -1.1 2.3 -0.7
v -1.1 2.3 -0.9
v -1.1 2.4 0.5
v -1.1 2.4 0.3
v -1.1 2.4 0.2
v -1.1 2.4 -0.1
v -1.1 2.4 -0.7
v -1.1 2.4 -0.9
v -1.1 2.7 0.7
v -1.1 2.7 0.6
v -1.1 2.7 0.5
v -1.1 2.8 0.7
v -1.1 2.8 0.5
v -1.1 3.5 -0.8
v -1.1 3.5 -0.9
v -1.1 3.6 -0.5
v -1.1 3.6 -0.6
v -1.1 3.6 -0.7
v -1.1 3.6 -0.8
v -1.1 3.6 -0.9
v -1.1 3.7 -0.5
v -1.1 3.7 -0.6
v -1.1 3.7 -0.7
v -1.1 3.7 -0.8
v -1.1 4.1 1.1
v -1.1 4.1 1
v -1.1 4.1 0.9
v -1.1 4.2 1.1
v -1.1 4.2 1
v -1.1 4.2 0.9
v -1.1 4.2 0.8
v -1.1 4.2 -0.1
v -1.1 4.2 -0.2
v -1.1 4.3 0.8
v -1.1 4.3 0.5
v -1.1 4.3 0.4
v -1.1 4.3 -0.1
v -1.1 4.4 0.8
v -1.1 4.4 0.5
v -1.1 4.4 0.4
v -1.1 4.5 1.1
v -1.1 4.5 1
v -1.1 4.5 0.8
v -1.1 4.5 0.5
v -1.1 4.6 1.1
v -1.1 4.6 1
v -1.1 4.6 0.8
v -1.1 4.7 0.2
v -1.1 4.7 0.1
v -1.1 4.8 1
v -1.1 4.8 0.3
v -1.1 4.8 0.2
v -1.1 4.8 0.1
v -1.1 4.8 -0.2
v -1.1 4.9 0.3
v -1.1 4.9 0.1
v -1 0.2 1
v -1 0.2 0.9
v -1 0.2 0.5
v -1 0.2 0.2
v -1 0.2 -0.1
v -1 0.2 -0.2
v -1 0.2 -0.3
v -1 0.2 -0.5
v -1 0.3 0.9
v -1 0.3 0.8
v -1 0.3 0.7
v -1 0.3 0.6
v -1 0.3 0.5
v -1 0.3 0.2
v -1 0.3 -0.1
v -1 0.3 -0.2
v -1 0.3 -0.3
v -1 0.3 -0.5
v -1 0.3 -0.8
v -1 0.3 -0.9
v -1 0.4 1
v -1 0.4 0.8
v -1 0.4 0.7
v -1 0.4 0.6
v -1 0.4 0.1
v -1 0.4 0
v -1 0.4 -0.8
v -1 0.4 -0.9
v -1 0.5 0.1
v -1 0.5 0
v -1 2.2 -0.2
v -1 2.2 -0.4
v -1 2.3 -0.1
v -1 2.3 -0.2
v -1 2.3 -0.4
v -1 2.3 -0.5
v -1 2.4 -0.1
v -1 2.4 -0.5
v -1 2.5 -0.8
v -1 2.5 -0.9
v -1 2.6 -0.8
v -1 2.6 -0.9
v -1 2.7 0.9
v -1 2.7 0.8
v -1 2.8 1.2
v -1 2.8 1.1
v -1 2.8 0.9
v -1 2.8 0.8
v -1 2.9 1.6
v -1 2.9 1.5
v -1 2.9 1.2
v -1 2.9 1.1
v -1 3 1.6
v -1 3 1.5
v -1 3.1 1.3
v -1 3.1 1.1
v -1 3.1 -0.8
v -1 3.1 -0.9
v -1 3.2 1.4
v -1 3.2 1.3
v -1 3.2 1.2
v -1 3.2 1.1
v -1 3.3 1.5
v -1 3.3 1.4
v -1 3.3 1.3
v -1 3.4 1.6
v -1 3.4 1.5
v -1 3.5 1.7
v -1 3.5 1.6
v -1 3.5 1.5
v -1 3.5 1.4
v -1 3.5 -0.8
v -1 3.5 -0.9
v -1 3.6 1.8
v -1 3.6 1.7
v -1 3.7 1.6
v -1 3.7 1.5
v -1 3.7 1.2
v -1 3.7 -0.6
v -1 3.7 -0.7
v -1 3.8 1.8
v -1 3.8 1.6
v -1 3.8 1.5
v -1 3.8 1.2
v -1 3.8 -0.6
v -1 3.8 -0.7
v -1 4.8 0.4
v -1 4.8 0.3
v -1 4.9 0.4
v -1 4.9 0.3
v -0.9 0.2 0.8
v -0.9 0.2 0.7
v -0.9 0.2 0.2
v -0.9 0.2 -0.1
v -0.9 0.3 0.6
v -0.9 0.3 0.2
v -0.9 0.3 0.1
v -0.9 0.3 -0.1
v -0.9 0.3 -0.2
v -0.9 0.3 -0.4
v -0.9 0.3 -0.5
v -0.9 0.3 -0.7
v -0.9 0.3 -0.8
v -0.9 0.4 0.8
v -0.9 0.4 0.7
v -0.9 0.4 0.6
v -0.9 0.4 0.5
v -0.9 0.4 0.4
v -0.9 0.4 0.3
v -0.9 0.4 0.2
v -0.9 0.4 0.1
v -0.9 0.4 0
v -0.9 0.4 -0.1
v -0.9 0.4 -0.2
v -0.9 0.4 -0.4
v -0.9 0.4 -0.5
v -0.9 0.4 -0.7
v -0.9 0.4 -0.8
v -0.9 0.5 0.5
v -0.9 0.5 0.4
v -0.9 0.5 0.3
v -0.9 0.5 0.2
v -0.9 0.5 0.1
v -0.9 0.5 0
v -0.9 0.5 -0.1
v -0.9 0.6 0.6
v -0.9 0.6 0.5
v -0.9 0.6 0.4
v -0.9 0.6 0.3
v -0.9 0.6 0.2
v -0.9 0.6 0
v -0.9 0.7 0.7
v -0.9 0.7 0.6
v -0.9 0.7 0.4
v -0.9 0.7 0.2
v -0.9 0.9 0.5
v -0.9 0.9 0.4
v -0.9 1.7 0.5
v -0.9 1.7 0.2
v -0.9 1.8 0.5
v -0.9 1.8 0.3
v -0.9 1.8 0.2
v -0.9 1.8 0.1
v -0.9 1.9 0.3
v -0.9 1.9 0.2
v -0.9 1.9 0.1
v -0.9 1.9 0
v -0.9 2 0.2
v -0.9 2 0.1
v -0.9 2 0
v -0.9 2 -0.2
v -0.9 2.1 0.1
v -0.9 2.1 -0.2
v -0.9 2.3 -0.5
v -0.9 2.3 -0.8
v -0.9 2.4 -0.5
v -0.9 2.4 -0.8
v -0.9 2.9 1.8
v -0.9 2.9 1.6
v -0.9 2.9 1.5
v -0.9 2.9 1.2
v -0.9 2.9 1.1
v -0.9 3 1.8
v -0.9 3 1.7
v -0.9 3 1.6
v -0.9 3 1.5
v -0.9 3 -0.8
v -0.9 3 -0.9
v -0.9 3.1 1.3
v -0.9 3.1 1.1
v -0.9 3.1 -0.8
v -0.9 3.1 -0.9
v -0.9 3.1 -1.1
v -0.9 3.2 1.4
v -0.9 3.2 1.3
v -0.9 3.2 1.1
v -0.9 3.2 -0.9
v -0.9 3.2 -1.1
v -0.9 3.3 1.8
v -0.9 3.3 1.7
v -0.9 3.3 1.5
v -0.9 3.3 1.4
v -0.9 3.3 1.3
v -0.9 3.3 1.1
v -0.9 3.3 1
v -0.9 3.4 1.8
v -0.9 3.4 1.7
v -0.9 3.4 1.6
v -0.9 3.4 1.5
v -0.9 3.5 1.8
v -0.9 3.5 1.7
v -0.9 3.5 1.6
v -0.9 3.5 1.5
v -0.9 3.5 1.4
v -0.9 3.6 1.8
v -0.9 3.6 1.7
v -0.9 3.6 -0.5
v -0.9 3.6 -0.6
v -0.9 3.6 -0.7
v -0.9 3.6 -0.8
v -0.9 3.7 1.6
v -0.9 3.7 1.5
v -0.9 3.7 1.2
v -0.9 3.7 -0.7
v -0.9 3.7 -0.8
v -0.9 3.8 1.6
v -0.9 3.8 1.5
v -0.9 3.8 1.2
v -0.9 3.8 -0.6
v -0.9 3.9 1.2
v -0.9 3.9 1.1
v -0.9 4.1 1.1
v -0.9 4.1 1
v -0.9 4.1 -0.4
v -0.9 4.1 -0.5
v -0.9 4.2 -0.3
v -0.9 4.2 -0.4
v -0.9 4.2 -0.6
v -0.9 4.3 -0.3
v -0.9 4.3 -0.4
v -0.9 4.4 1.1
v -0.9 4.4 1
v -0.9 4.5 1.1
v -0.9 4.5 1
v -0.9 4.8 0.5
v -0.9 4.8 0.4
v -0.9 4.9 0.5
v -0.9 4.9 0.4
v -0.8 0.2 0.3
v -0.8 0.2 0.2
v -0.8 0.3 0.7
v -0.8 0.3 0.6
v -0.8 0.3 0.3
v -0.8 0.3 0.2
v -0.8 0.3 0.1
v -0.8 0.3 -0.2
v -0.8 0.3 -0.4
v -0.8 0.4 0.8
v -0.8 0.4 0.7
v -0.8 0.4 0.6
v -0.8 0.4 0.3
v -0.8 0.4 0.2
v -0.8 0.4 0.1
v -0.8 0.4 -0.2
v -0.8 0.4 -0.4
v -0.8 0.5 0.4
v -0.8 0.5 0.3
v -0.8 0.5 0.2
v -0.8 0.6 0.4
v -0.8 0.6 0.3
v -0.8 0.6 0.2
v -0.8 0.6 0
v -0.8 0.7 0.8
v -0.8 0.7 0.7
v -0.8 0.7 0.6
v -0.8 0.7 0.5
v -0.8 0.7 0.4
v -0.8 0.7 0.2
v -0.8 0.8 0.8
v -0.8 0.8 0.7
v -0.8 0.9 0.9
v -0.8 0.9 0.8
v -0.8 0.9 0.7
v -0.8 0.9 0.5
v -0.8 0.9 0.4
v -0.8 1 0.8
v -0.8 1 0.7
v -0.8 1.1 0.9
v -0.8 1.1 0.8
v -0.8 1.6 0.7
v -0.8 1.6 0.5
v -0.8 1.7 0.7
v -0.8 1.7 0.5
v -0.8 1.7 0.2
v -0.8 1.8 0.5
v -0.8 1.8 0.3
v -0.8 1.8 0.2
v -0.8 1.8 0.1
v -0.8 1.9 0.3
v -0.8 1.9 0.2
v -0.8 1.9 0.1
v -0.8 1.9 0
v -0.8 2 0.2
v -0.8 2 0.1
v -0.8 2.1 0.1
v -0.8 2.1 -0.2
v -0.8 2.2 0
v -0.8 2.2 -0.2
v -0.8 2.3 0.6
v -0.8 2.3 0.5
v -0.8 2.4 0.6
v -0.8 2.4 0.5
v -0.8 2.4 0
v -0.8 2.6 -0.8
v -0.8 2.6 -0.9
v -0.8 2.7 -0.8
v -0.8 2.7 -0.9
v -0.8 2.8 1.5
v -0.8 2.8 1.2
v -0.8 2.9 1.5
v -0.8 2.9 1.2
v -0.8 3.1 -1.1
v -0.8 3.1 -1.2
v -0.8 3.2 -0.8
v -0.8 3.2 -1.1
v -0.8 3.2 -1.2
v -0.8 3.7 -0.6
v -0.8 3.7 -0.8
v -0.8 3.8 1.6
v -0.8 3.8 1.5
v -0.8 3.9 1.6
v -0.8 3.9 1.5
v -0.8 3.9 -0.7
v -0.8 3.9 -1.1
v -0.8 4.1 -0.3
v -0.8 4.1 -0.4
v -0.8 4.2 -0.3
v -0.8 4.2 -0.4
v -0.8 4.2 -0.6
v -0.8 4.3 -0.3
v -0.8 4.3 -0.4
v -0.8 4.3 -0.7
v -0.8 4.4 -0.3
v -0.8 4.4 -0.4
v -0.8 4.5 1.1
v -0.8 4.5 1
v -0.8 4.6 -0.2
v -0.8 4.6 -0.3
v -0.8 4.7 1.1
v -0.8 4.7 1
v -0.8 4.8 -0.1
v -0.8 4.8 -0.2
v -0.8 4.8 -0.3
v -0.8 4.9 -0.1
v -0.8 4.9 -0.2
v -0.7 0.2 -0.1
v -0.7 0.2 -0.2
v -0.7 0.4 -0.2
v -0.7 0.5 0.9
v -0.7 0.5 0.8
v -0.7 0.5 0
v -0.7 0.5 -0.1
v -0.7 0.6 0.9
v -0.7 0.6 0.8
v -0.7 0.6 0.6
v -0.7 0.6 0.5
v -0.7 0.7 0.8
v -0.7 0.7 0.7
v -0.7 0.7 0.6
v -0.7 0.7 0.5
v -0.7 0.8 0.8
v -0.7 0.8 0.7
v -0.7 0.9 0.7
v -0.7 0.9 0.5
v -0.7 1 0.8
v -0.7 1 0.7
v -0.7 1.1 0.9
v -0.7 1.1 0.8
v -0.7 1.3 0.9
v -0.7 1.3 0.8
v -0.7 1.6 0.8
v -0.7 1.6 0.7
v -0.7 1.6 0.5
v -0.7 1.6 -0.2
v -0.7 1.6 -0.3
v -0.7 1.7 0.7
v -0.7 1.7 0.5
v -0.7 2 0
v -0.7 2 -0.2
v -0.7 2 -0.3
v -0.7 2.1 -0.2
v -0.7 2.1 -0.3
v -0.7 2.2 0.8
v -0.7 2.2 0.7
v -0.7 2.2 0
v -0.7 2.2 -0.2
v -0.7 2.2 -0.3
v -0.7 2.3 0.6
v -0.7 2.3 0.5
v -0.7 2.3 -0.1
v -0.7 2.3 -0.2
v -0.7 2.3 -0.3
v -0.7 2.3 -0.4
v -0.7 2.3 -0.8
v -0.7 2.4 0.8
v -0.7 2.4 0.7
v -0.7 2.4 0.6
v -0.7 2.4 0.5
v -0.7 2.4 0
v -0.7 2.4 -0.1
v -0.7 2.4 -0.2
v -0.7 2.4 -0.3
v -0.7 2.4 -0.4
v -0.7 2.4 -0.8
v -0.7 2.5 -0.9
v -0.7 2.5 -1.1
v -0.7 2.6 -0.9
v -0.7 2.6 -1.1
v -0.7 2.7 -0.8
v -0.7 2.7 -0.9
v -0.7 2.7 -1
v -0.7 2.8 0.7
v -0.7 2.8 0.5
v -0.7 2.8 -0.8
v -0.7 2.8 -0.9
v -0.7 2.9 -0.9
v -0.7 2.9 -1
v -0.7 2.9 -1.1
v -0.7 3 -1
v -0.7 3 -1.1
v -0.7 3.4 1.8
v -0.7 3.4 1.7
v -0.7 3.5 1.8
v -0.7 3.5 1.7
v -0.7 3.8 1.5
v -0.7 3.8 1.4
v -0.7 3.9 1.5
v -0.7 4 1.5
v -0.7 4 1.4
v -0.7 4 1.1
v -0.7 4.1 1.4
v -0.7 4.1 1.1
v -0.7 4.1 -0.2
v -0.7 4.1 -0.3
v -0.7 4.3 1.1
v -0.7 4.3 1
v -0.7 4.4 1.1
v -0.7 4.4 1
v -0.7 4.4 -0.3
v -0.7 4.6 -0.2
v -0.7 4.6 -0.3
v -0.7 4.8 0.6
v -0.7 4.8 0.5
v -0.7 4.8 0
v -0.7 4.8 -0.1
v -0.7 4.9 0.6
v -0.7 4.9 0.5
v -0.7 4.9 0
v -0.7 4.9 -0.1
v -0.6 0.2 1.3
v -0.6 0.2 1.1
v -0.6 0.2 0.8
v -0.6 0.2 0.7
v -0.6 0.3 0.9
v -0.6 0.3 0.8
v -0.6 0.4 1.3
v -0.6 0.4 1.1
v -0.6 0.4 0.8
v -0.6 0.4 0.7
v -0.6 0.4 -0.2
v -0.6 0.4 -0.4
v -0.6 0.5 0.9
v -0.6 0.5 0.8
v -0.6 0.6 -0.3
v -0.6 0.6 -0.4
v -0.6 1.1 -0.3
v -0.6 1.1 -0.4
v -0.6 1.3 0.9
v -0.6 1.3 0.8
v -0.6 1.4 0.9
v -0.6 1.4 0.8
v -0.6 1.6 0.8
v -0.6 1.6 0.7
v -0.6 1.6 -0.2
v -0.6 1.6 -0.3
v -0.6 1.6 -0.4
v -0.6 2 -0.2
v -0.6 2 -0.3
v -0.6 2.1 -0.2
v -0.6 2.1 -0.3
v -0.6 2.2 0.8
v -0.6 2.2 0.7
v -0.6 2.2 -0.2
v -0.6 2.2 -0.3
v -0.6 2.3 0.9
v -0.6 2.3 0.8
v -0.6 2.3 -0.2
v -0.6 2.3 -0.3
v -0.6 2.3 -0.4
v -0.6 2.4 0.9
v -0.6 2.4 0.8
v -0.6 2.4 0.7
v -0.6 2.4 -0.3
v -0.6 2.4 -0.4
v -0.6 2.5 -1.1
v -0.6 2.5 -1.2
v -0.6 2.6 -0.9
v -0.6 2.6 -1.1
v -0.6 2.6 -1.2
v -0.6 2.7 0.8
v -0.6 2.7 -0.9
v -0.6 2.7 -1
v -0.6 2.8 0.8
v -0.6 2.8 0.7
v -0.6 2.8 -0.8
v -0.6 2.8 -0.9
v -0.6 2.9 -0.9
v -0.6 2.9 -1
v -0.6 2.9 -1.1
v -0.6 2.9 -1.2
v -0.6 3 -1
v -0.6 3 -1.1
v -0.6 3 -1.2
v -0.6 3.1 -0.8
v -0.6 3.1 -1.1
v -0.6 3.8 1.7
v -0.6 3.8 1.6
v -0.6 3.8 1.4
v -0.6 3.8 1.1
v -0.6 3.9 1.6
v -0.6 3.9 1.5
v -0.6 3.9 -0.7
v -0.6 3.9 -1.1
v -0.6 4 1.5
v -0.6 4 1.4
v -0.6 4 1.1
v -0.6 4 -0.7
v -0.6 4 -1.1
v -0.6 4.1 1.7
v -0.6 4.1 1.4
v -0.6 4.4 1.1
v -0.6 4.4 1
v -0.6 4.5 1.1
v -0.6 4.5 1
v -0.6 4.8 0.8
v -0.6 4.8 0.6
v -0.6 4.8 0.1
v -0.6 4.8 0
v -0.6 4.9 0.8
v -0.6 4.9 0.6
v -0.6 4.9 0.1
v -0.6 4.9 0
v -0.5 0.2 1.1
v -0.5 0.2 0.8
v -0.5 0.3 0.9
v -0.5 0.3 0.8
v -0.5 0.4 1.1
v -0.5 0.4 1
v -0.5 0.6 1
v -0.5 0.6 0.9
v -0.5 0.6 -0.3
v -0.5 0.6 -0.4
v -0.5 0.7 1
v -0.5 0.7 0.9
v -0.5 0.8 1
v -0.5 0.8 0.9
v -0.5 0.9 0.9
v -0.5 0.9 0.8
v -0.5 1.1 -0.3
v -0.5 1.1 -0.4
v -0.5 1.2 0.9
v -0.5 1.2 0.8
v -0.5 2.3 -0.4
v -0.5 2.3 -0.5
v -0.5 2.4 1.2
v -0.5 2.4 1
v -0.5 2.4 -0.3
v -0.5 2.4 -0.4
v -0.5 2.4 -0.5
v -0.5 2.5 -0.3
v -0.5 2.5 -0.4
v -0.5 2.6 1.1
v -0.5 2.6 1
v -0.5 2.9 1.2
v -0.5 2.9 1.1
v -0.5 3 1.8
v -0.5 3 1.7
v -0.5 3 -1.1
v -0.5 3 -1.2
v -0.5 3.1 1.8
v -0.5 3.1 1.7
v -0.5 3.1 -1.1
v -0.5 3.1 -1.2
v -0.5 3.1 -1.3
v -0.5 3.2 -1.2
v -0.5 3.2 -1.3
v -0.5 4 -0.9
v -0.5 4 -1
v -0.5 4.1 -0.9
v -0.5 4.1 -1
v -0.5 4.8 0.9
v -0.5 4.8 0.8
v -0.5 4.9 0.9
v -0.5 4.9 0.8
v -0.4 0.2 -0.4
v -0.4 0.2 -0.5
v -0.4 0.3 -0.3
v -0.4 0.3 -0.4
v -0.4 0.4 0.9
v -0.4 0.4 0.8
v -0.4 0.4 -0.4
v -0.4 0.4 -0.5
v -0.4 0.5 1.1
v -0.4 0.5 1
v -0.4 0.5 -0.3
v -0.4 0.5 -0.4
v -0.4 0.6 1
v -0.4 0.6 0.9
v -0.4 0.7 1
v -0.4 0.7 0.9
v -0.4 0.8 1.1
v -0.4 0.8 1
v -0.4 0.8 0.9
v -0.4 0.9 1
v -0.4 0.9 0.9
v -0.4 0.9 0.8
v -0.4 1.1 -0.4
v -0.4 1.1 -0.5
v -0.4 1.3 1
v -0.4 1.3 0.9
v -0.4 1.3 0.8
v -0.4 1.3 -0.3
v -0.4 1.3 -0.4
v -0.4 1.4 1
v -0.4 1.4 0.9
v -0.4 1.7 -0.4
v -0.4 1.7 -0.5
v -0.4 2.2 -0.4
v -0.4 2.2 -0.5
v -0.4 2.3 1
v -0.4 2.3 0.9
v -0.4 2.3 0.8
v -0.4 2.3 -0.3
v -0.4 2.3 -0.4
v -0.4 2.3 -0.5
v -0.4 2.4 1
v -0.4 2.4 0.9
v -0.4 2.4 0.8
v -0.4 2.5 1
v -0.4 2.5 0.9
v -0.4 2.5 -0.3
v -0.4 2.5 -0.4
v -0.4 2.6 0.9
v -0.4 2.7 0.9
v -0.4 2.7 0.8
v -0.4 3.1 -0.3
v -0.4 3.1 -0.4
v -0.4 3.4 1.9
v -0.4 3.4 1.8
v -0.4 3.5 1.9
v -0.4 3.5 1.8
v -0.4 4 1.1
v -0.4 4 1
v -0.4 4 -1
v -0.4 4 -1.1
v -0.4 4.1 1.1
v -0.4 4.1 1
v -0.4 4.1 -1
v -0.4 4.1 -1.1
v -0.4 4.2 1.2
v -0.4 4.2 1.1
v -0.4 4.2 1
v -0.4 4.3 1.2
v -0.4 4.3 1.1
v -0.4 4.3 1
v -0.4 4.3 -0.3
v -0.4 4.3 -0.4
v -0.4 4.4 -0.3
v -0.4 4.4 -0.4
v -0.4 4.8 1
v -0.4 4.8 0.9
v -0.4 4.9 1
v -0.4 4.9 0.9
v -0.3 0.2 1.2
v -0.3 0.2 0.9
v -0.3 0.3 1.2
v -0.3 0.3 1
v -0.3 0.3 0.9
v -0.3 0.9 1
v -0.3 0.9 0.9
v -0.3 1.2 1
v -0.3 1.2 0.9
v -0.3 1.4 1
v -0.3 1.4 0.9
v -0.3 1.5 1
v -0.3 1.5 0.9
v -0.3 2.3 1.2
v -0.3 2.3 1
v -0.3 2.3 -0.5
v -0.3 2.3 -0.6
v -0.3 2.4 1.2
v -0.3 2.4 1
v -0.3 2.4 -0.5
v -0.3 2.4 -0.6
v -0.3 2.8 1.4
v -0.3 2.8 1.2
v -0.3 2.9 1.4
v -0.3 2.9 1.2
v -0.3 3.2 -1.1
v -0.3 3.2 -1.2
v -0.3 3.3 -1.1
v -0.3 3.3 -1.2
v -0.3 3.5 1.8
v -0.3 3.5 1.7
v -0.3 3.6 1.8
v -0.3 3.6 1.7
v -0.3 3.8 1.2
v -0.3 3.8 1.1
v -0.3 3.9 1.2
v -0.3 3.9 1.1
v -0.3 3.9 1
v -0.3 4 1.2
v -0.3 4 1.1
v -0.3 4 1
v -0.3 4 -0.7
v -0.3 4 -0.9
v -0.3 4.1 1.2
v -0.3 4.1 1.1
v -0.3 4.1 1
v -0.3 4.1 -0.7
v -0.3 4.1 -0.9
v -0.3 4.2 1.1
v -0.3 4.2 1
v -0.3 4.3 -0.4
v -0.3 4.3 -0.6
v -0.3 4.4 -0.4
v -0.3 4.4 -0.6
v -0.3 4.7 1.1
v -0.3 4.7 1
v -0.3 4.8 1.1
v -0.3 4.8 1
v -0.2 0.3 -0.5
v -0.2 0.3 -0.6
v -0.2 0.4 -0.4
v -0.2 0.4 -0.5
v -0.2 0.5 1
v -0.2 0.5 0.9
v -0.2 0.5 -0.5
v -0.2 0.5 -0.6
v -0.2 0.6 1
v -0.2 0.6 0.9
v -0.2 1.2 1
v -0.2 1.2 0.9
v -0.2 1.2 -0.4
v -0.2 1.2 -0.5
v -0.2 1.3 1.1
v -0.2 1.3 1
v -0.2 1.3 0.9
v -0.2 1.4 1.1
v -0.2 1.4 1
v -0.2 2.2 1
v -0.2 2.2 0.9
v -0.2 2.3 1
v -0.2 2.6 1
v -0.2 2.6 0.9
v -0.2 2.6 -1.1
v -0.2 2.6 -1.2
v -0.2 2.7 -1.1
v -0.2 2.7 -1.2
v -0.2 3.3 -1.1
v -0.2 3.3 -1.2
v -0.2 3.4 -1.1
v -0.2 3.4 -1.2
v -0.2 3.8 1.1
v -0.2 3.8 1
v -0.2 3.9 1.1
v -0.2 3.9 1
v -0.1 0.4 1
v -0.1 0.4 0.9
v -0.1 0.5 1
v -0.1 0.5 0.9
v -0.1 1.2 -0.4
v -0.1 1.2 -0.5
v -0.1 1.5 1
v -0.1 1.5 0.9
v -0.1 1.6 1
v -0.1 1.6 0.9
v -0.1 1.6 -0.4
v -0.1 1.6 -0.5
v -0.1 2.2 -0.4
v -0.1 2.2 -0.5
v -0.1 2.3 -0.4
v -0.1 2.3 -0.5
v -0.1 2.4 1.3
v -0.1 2.4 1.2
v -0.1 2.4 -0.4
v -0.1 2.4 -0.5
v -0.1 2.5 -0.4
v -0.1 2.5 -0.5
v -0.1 2.6 1.3
v -0.1 2.6 1.2
v -0.1 3.3 -1.2
v -0.1 3.3 -1.3
v -0.1 3.4 -1.2
v -0.1 3.4 -1.3
v -0.1 3.8 1.2
v -0.1 3.8 1.1
v -0.1 3.9 1.2
v -0.1 3.9 1.1
v -0.1 4.1 1.1
v -0.1 4.1 1
v -0.1 4.2 1.1
v -0.1 4.2 1
v -0.1 4.5 1.1
v -0.1 4.5 1
v -0.1 4.7 1.1
v -0.1 4.7 1
v -1.19209e-07 0.2 1
v -1.19209e-07 0.2 0.9
v -1.19209e-07 0.4 1
v -1.19209e-07 0.4 0.9
v -1.19209e-07 0.9 1
v -1.19209e-07 0.9 0.9
v -1.19209e-07 0.9 -0.4
v -1.19209e-07 0.9 -0.5
v -1.19209e-07 1 -0.4
v -1.19209e-07 1 -0.5
v -1.19209e-07 1.1 1
v -1.19209e-07 1.1 0.9
v -1.19209e-07 1.6 -0.4
v -1.19209e-07 1.6 -0.5
v -1.19209e-07 2.1 -0.4
v -1.19209e-07 2.1 -0.5
v -1.19209e-07 2.5 -1.1
v -1.19209e-07 2.5 -1.2
v -1.19209e-07 2.6 -1.1
v -1.19209e-07 2.6 -1.2
v -1.19209e-07 2.6 -1.3
v -1.19209e-07 2.7 -1.1
v -1.19209e-07 2.7 -1.2
v -1.19209e-07 2.8 -1.2
v -1.19209e-07 2.8 -1.3
v -1.19209e-07 3 -1.1
v -1.19209e-07 3 -1.2
v -1.19209e-07 3.4 -1.1
v -1.19209e-07 3.4 -1.3
v -1.19209e-07 3.5 -1.1
v -1.19209e-07 3.5 -1.3
v -1.19209e-07 3.6 1.8
v -1.19209e-07 3.6 1.7
v -1.19209e-07 3.8 1.8
v -1.19209e-07 3.8 1.7
v -1.19209e-07 3.8 1.6
v -1.19209e-07 3.9 1.7
v -1.19209e-07 3.9 1.6
v -1.19209e-07 4.1 -0.6
v -1.19209e-07 4.1 -0.7
v -1.19209e-07 4.4 -0.6
v -1.19209e-07 4.4 -0.7
v 0.0999999 0.5 1
v 0.0999999 0.5 0.9
v 0.0999999 0.9 1
v 0.0999999 0.9 0.9
v 0.0999999 2.4 -0.5
v 0.0999999 2.4 -0.7
v 0.0999999 2.4 -0.9
v 0.0999999 2.4 -1.1
v 0.0999999 2.5 -0.5
v 0.0999999 2.5 -0.7
v 0.0999999 2.5 -0.9
v 0.0999999 2.5 -1.1
v 0.0999999 3.5 -1.1
v 0.0999999 3.5 -1.3
v 0.0999999 3.6 -1.1
v 0.0999999 3.6 -1.3
v 0.0999999 3.8 1.6
v 0.0999999 3.8 1.5
v 0.0999999 3.9 1.6
v 0.0999999 4 1.6
v 0.0999999 4 1.5
v 0.0999999 4 -0.6
v 0.0999999 4 -1.1
v 0.0999999 4.1 -0.6
v 0.0999999 4.1 -0.7
v 0.0999999 4.1 -1.1
v 0.0999999 4.4 0.3
v 0.0999999 4.4 0.2
v 0.0999999 4.4 -0.5
v 0.0999999 4.4 -0.7
v 0.0999999 4.5 0.3
v 0.0999999 4.5 0.2
v 0.0999999 4.5 -0.5
v 0.0999999 4.5 -0.7
v 0.2 0.2 -0.3
v 0.2 0.2 -0.4
v 0.2 0.6 -0.3
v 0.2 0.6 -0.4
v 0.2 2.3 -0.6
v 0.2 2.3 -0.8
v 0.2 2.4 -0.6
v 0.2 2.4 -0.7
v 0.2 2.4 -0.8
v 0.2 2.4 -0.9
v 0.2 2.5 -0.7
v 0.2 2.5 -0.9
v 0.2 2.7 1.3
v 0.2 2.7 1.2
v 0.2 2.8 1.3
v 0.2 2.8 1.2
v 0.2 2.9 -1.1
v 0.2 2.9 -1.2
v 0.2 3 -1.1
v 0.2 3 -1.2
v 0.2 3.6 1.8
v 0.2 3.6 1.7
v 0.2 3.6 -1.1
v 0.2 3.6 -1.2
v 0.2 3.7 -1.1
v 0.2 3.7 -1.2
v 0.2 3.8 1.8
v 0.2 3.8 1.7
v 0.2 3.8 1.5
v 0.2 3.8 1.4
v 0.2 3.9 1.5
v 0.2 3.9 1.4
v 0.2 3.9 1.1
v 0.2 3.9 1
v 0.2 4 1.1
v 0.2 4 1
v 0.2 4.4 0.9
v 0.2 4.4 0.7
v 0.2 4.5 0.9
v 0.2 4.5 0.7
v 0.2 4.5 0.3
v 0.2 4.5 0.2
v 0.2 4.6 0.3
v 0.2 4.6 0.2
v 0.3 0.2 -0.4
v 0.3 0.2 -0.6
v 0.3 0.3 1
v 0.3 0.3 0.9
v 0.3 0.3 -0.4
v 0.3 0.3 -0.6
v 0.3 0.4 1
v 0.3 0.4 0.9
v 0.3 2.6 1.3
v 0.3 2.6 1.2
v 0.3 2.7 1.3
v 0.3 2.7 1.2
v 0.3 3 -1.2
v 0.3 3 -1.3
v 0.3 3.1 -1.2
v 0.3 3.1 -1.3
v 0.3 3.5 1.8
v 0.3 3.5 1.7
v 0.3 3.5 -1.1
v 0.3 3.5 -1.2
v 0.3 3.6 1.8
v 0.3 3.6 1.7
v 0.3 3.6 -1.1
v 0.3 3.6 -1.2
v 0.3 3.6 -1.3
v 0.3 3.7 -1.1
v 0.3 3.7 -1.2
v 0.3 3.7 -1.3
v 0.3 3.8 1.4
v 0.3 3.8 1.2
v 0.3 3.8 -1.1
v 0.3 3.8 -1.2
v 0.3 3.9 1.4
v 0.3 3.9 1.2
v 0.3 4.1 -0.4
v 0.3 4.1 -0.6
v 0.3 4.2 -0.1
v 0.3 4.2 -0.2
v 0.3 4.2 -0.3
v 0.3 4.2 -0.4
v 0.3 4.2 -0.5
v 0.3 4.2 -0.6
v 0.3 4.3 -0.1
v 0.3 4.3 -0.2
v 0.3 4.3 -0.3
v 0.3 4.3 -0.5
v 0.3 4.4 0.1
v 0.3 4.4 0
v 0.3 4.5 0.1
v 0.3 4.5 0
v 0.4 0.2 1.1
v 0.4 0.2 1
v 0.4 0.2 -0.6
v 0.4 0.2 -0.9
v 0.4 0.3 -0.6
v 0.4 0.3 -0.9
v 0.4 0.4 1.1
v 0.4 0.4 1
v 0.4 0.7 0.9
v 0.4 0.7 0.8
v 0.4 0.8 0.9
v 0.4 0.8 0.8
v 0.4 2.4 -0.2
v 0.4 2.4 -0.4
v 0.4 2.5 -0.2
v 0.4 2.5 -0.4
v 0.4 3.2 1.8
v 0.4 3.2 1.7
v 0.4 3.3 1.8
v 0.4 3.3 1.7
v 0.4 3.4 1.9
v 0.4 3.4 1.8
v 0.4 3.4 1.7
v 0.4 3.5 1.9
v 0.4 3.5 1.8
v 0.4 3.5 1.7
v 0.4 3.8 1.2
v 0.4 3.8 1
v 0.4 3.8 -1.1
v 0.4 3.8 -1.2
v 0.4 3.9 1.2
v 0.4 3.9 1.1
v 0.4 3.9 1
v 0.4 3.9 -1.1
v 0.4 3.9 -1.2
v 0.4 4.3 1
v 0.4 4.3 0.9
v 0.4 4.3 -0.1
v 0.4 4.3 -0.2
v 0.4 4.4 0
v 0.4 4.4 -0.1
v 0.4 4.4 -0.2
v 0.4 4.5 1
v 0.4 4.5 0.9
v 0.4 4.5 0
v 0.4 4.5 -0.1
v 0.5 0.2 -0.2
v 0.5 0.2 -0.5
v 0.5 0.3 -0.2
v 0.5 0.3 -0.4
v 0.5 0.3 -0.5
v 0.5 0.3 -0.6
v 0.5 0.4 -0.4
v 0.5 0.4 -0.6
v 0.5 2.3 1.1
v 0.5 2.3 1
v 0.5 2.4 1.1
v 0.5 2.4 1
v 0.5 2.6 1.4
v 0.5 2.6 1.3
v 0.5 2.8 1.3
v 0.5 2.8 1.2
v 0.5 2.9 1.4
v 0.5 2.9 1.2
v 0.5 2.9 1
v 0.5 2.9 0.9
v 0.5 3 1
v 0.5 3 0.9
v 0.5 3.4 -1.1
v 0.5 3.4 -1.2
v 0.5 3.5 -1.1
v 0.5 3.5 -1.2
v 0.5 3.6 -1.1
v 0.5 3.6 -1.2
v 0.5 3.7 -1.1
v 0.5 3.7 -1.2
v 0.5 4.1 -0.6
v 0.5 4.1 -0.8
v 0.5 4.2 -0.5
v 0.5 4.2 -0.6
v 0.5 4.2 -0.8
v 0.5 4.3 -0.2
v 0.5 4.3 -0.4
v 0.5 4.3 -0.5
v 0.5 4.3 -0.6
v 0.5 4.4 -0.2
v 0.5 4.4 -0.4
v 0.6 0.2 1.3
v 0.6 0.2 1.1
v 0.6 0.2 0.2
v 0.6 0.2 0.1
v 0.6 0.2 0
v 0.6 0.2 -0.1
v 0.6 0.2 -0.6
v 0.6 0.2 -0.7
v 0.6 0.3 0.2
v 0.6 0.3 -0.1
v 0.6 0.3 -0.6
v 0.6 0.3 -0.7
v 0.6 0.4 1.3
v 0.6 0.4 1.2
v 0.6 0.4 1.1
v 0.6 0.4 1
v 0.6 0.4 0.2
v 0.6 0.4 0.1
v 0.6 0.4 0
v 0.6 0.4 -0.1
v 0.6 0.5 1.2
v 0.6 0.5 1
v 0.6 2.3 1.2
v 0.6 2.3 1.1
v 0.6 2.4 1.2
v 0.6 2.4 1.1
v 0.6 2.5 -0.8
v 0.6 2.5 -0.9
v 0.6 2.6 -0.8
v 0.6 2.6 -0.9
v 0.6 2.8 1.5
v 0.6 2.8 1.4
v 0.6 2.9 1.5
v 0.6 2.9 1.4
v 0.6 3 1
v 0.6 3 0.9
v 0.6 3.1 1
v 0.6 3.1 0.9
v 0.6 3.7 -1.1
v 0.6 3.7 -1.2
v 0.6 3.8 1
v 0.6 3.8 0.9
v 0.6 3.8 -1.1
v 0.6 3.8 -1.2
v 0.6 3.9 1
v 0.6 3.9 -1.1
v 0.6 3.9 -1.2
v 0.6 4 -1.1
v 0.6 4 -1.2
v 0.6 4.2 1
v 0.6 4.2 0.9
v 0.6 4.3 -0.4
v 0.6 4.3 -0.5
v 0.6 4.4 0.9
v 0.6 4.4 0.8
v 0.6 4.4 -0.4
v 0.6 4.4 -0.5
v 0.6 4.5 0.9
v 0.6 4.5 0.8
v 0.7 0.2 -0.7
v 0.7 0.2 -0.8
v 0.7 0.3 -0.7
v 0.7 0.3 -0.8
v 0.7 2.1 1
v 0.7 2.1 0.7
v 0.7 2.2 1
v 0.7 2.2 0.7
v 0.7 2.3 0.2
v 0.7 2.3 0.1
v 0.7 2.4 0.2
v 0.7 2.4 0.1
v 0.7 2.5 -0.9
v 0.7 2.5 -1
v 0.7 2.6 -0.9
v 0.7 2.6 -1
v 0.7 3.1 1.2
v 0.7 3.1 1.1
v 0.7 3.3 1.2
v 0.7 3.3 1.1
v 0.7 3.6 1.2
v 0.7 3.6 1.1
v 0.7 3.7 1.2
v 0.7 3.7 1.1
v 0.7 4 -1.1
v 0.7 4 -1.2
v 0.7 4.1 -1.1
v 0.7 4.1 -1.2
v 0.7 4.4 0.8
v 0.7 4.4 0.6
v 0.7 4.5 0.8
v 0.7 4.5 0.7
v 0.7 4.5 0.6
v 0.7 4.6 0.8
v 0.7 4.6 0.7
v 0.8 0.2 1.4
v 0.8 0.2 1.3
v 0.8 0.2 0
v 0.8 0.2 -0.1
v 0.8 0.2 -0.8
v 0.8 0.2 -0.9
v 0.8 0.3 1.4
v 0.8 0.3 1.3
v 0.8 0.3 0
v 0.8 0.3 -0.1
v 0.8 0.3 -0.8
v 0.8 0.3 -0.9
v 0.8 2.1 0.7
v 0.8 2.1 0.5
v 0.8 2.2 0.7
v 0.8 2.2 0.5
v 0.8 2.3 0.1
v 0.8 2.3 -0.1
v 0.8 2.4 0.1
v 0.8 2.4 -0.1
v 0.8 2.5 -1
v 0.8 2.5 -1.1
v 0.8 2.6 -1.1
v 0.8 2.6 -1.2
v 0.8 2.7 -1
v 0.8 2.7 -1.2
v 0.8 3.5 -1.1
v 0.8 3.5 -1.2
v 0.8 3.6 1.3
v 0.8 3.6 1.2
v 0.8 3.6 -1.1
v 0.8 3.6 -1.2
v 0.8 3.7 1.2
v 0.8 3.7 1.1
v 0.8 3.8 1.3
v 0.8 3.8 1.1
v 0.8 4.1 1
v 0.8 4.1 0.9
v 0.8 4.1 -0.7
v 0.8 4.1 -1.1
v 0.8 4.2 -0.7
v 0.8 4.2 -1.1
v 0.8 4.4 1
v 0.8 4.4 0.9
v 0.8 4.4 0.8
v 0.8 4.4 0.6
v 0.8 4.4 0.4
v 0.8 4.5 0.9
v 0.8 4.5 0.8
v 0.8 4.5 0.6
v 0.8 4.5 0.4
v 0.9 0.2 -0.1
v 0.9 0.2 -0.2
v 0.9 0.3 -0.1
v 0.9 0.3 -0.2
v 0.9 0.3 -0.3
v 0.9 0.4 -0.2
v 0.9 0.4 -0.3
v 0.9 0.5 -0.1
v 0.9 0.5 -0.2
v 0.9 2.1 0.5
v 0.9 2.1 0.2
v 0.9 2.2 0.5
v 0.9 2.2 0.2
v 0.9 2.3 -0.1
v 0.9 2.3 -0.3
v 0.9 2.4 -0.1
v 0.9 2.4 -0.3
v 0.9 2.9 1.2
v 0.9 2.9 1
v 0.9 3.1 1.1
v 0.9 3.1 1
v 0.9 3.2 1.3
v 0.9 3.2 1.2
v 0.9 3.2 1.1
v 0.9 3.3 1.2
v 0.9 3.3 1.1
v 0.9 3.4 1.3
v 0.9 3.4 1.2
v 0.9 3.6 1.2
v 0.9 3.6 1.1
v 0.9 3.8 1.4
v 0.9 3.8 1.3
v 0.9 3.8 1.1
v 0.9 3.8 1
v 0.9 3.8 0.9
v 0.9 3.9 1.1
v 0.9 3.9 1
v 0.9 4.1 1.4
v 0.9 4.1 1.2
v 0.9 4.1 1
v 0.9 4.1 0.9
v 0.9 4.1 -0.6
v 0.9 4.1 -0.7
v 0.9 4.2 1.2
v 0.9 4.2 1.1
v 0.9 4.2 -0.6
v 0.9 4.2 -0.7
v 0.9 4.3 1.1
v 0.9 4.3 1
v 1 2.3 -0.3
v 1 2.3 -0.4
v 1 2.4 -0.3
v 1 2.4 -0.4
v 1 2.5 1.3
v 1 2.5 1.2
v 1 2.5 -0.4
v 1 2.5 -0.5
v 1 2.6 1.3
v 1 2.6 1.2
v 1 2.6 -0.4
v 1 2.6 -0.5
v 1 4.1 -0.7
v 1 4.1 -0.9
v 1 4.2 -0.7
v 1 4.2 -0.9
v 1 4.3 -0.1
v 1 4.3 -0.4
v 1 4.4 0.4
v 1 4.4 -0.1
v 1 4.5 0.4
v 1 4.5 0.3
v 1 4.5 0.2
v 1 4.5 0.1
v 1 4.5 -0.4
v 1 4.6 0.4
v 1 4.6 0.3
v 1 4.6 0.2
v 1 4.6 0.1
v 1.1 3.1 -0.5
v 1.1 3.1 -0.6
v 1.1 3.2 -0.5
v 1.1 3.2 -0.6
v 1.1 3.3 1.4
v 1.1 3.3 1.3
v 1.1 3.4 1.3
v 1.1 3.4 1.2
v 1.1 3.5 1.4
v 1.1 3.5 1.3
v 1.1 3.6 1.3
v 1.1 3.6 1.2
v 1.1 4.1 1.3
v 1.1 4.1 1.1
v 1.1 4.1 -0.6
v 1.1 4.1 -0.7
v 1.1 4.1 -0.9
v 1.1 4.1 -1
v 1.1 4.2 1.3
v 1.1 4.2 1.1
v 1.1 4.2 -0.6
v 1.1 4.2 -0.7
v 1.1 4.2 -0.9
v 1.1 4.2 -1
v 1.1 4.5 0.3
v 1.1 4.5 0.2
v 1.1 4.6 0.3
v 1.1 4.6 0.2
v 1.2 3.1 -0.6
v 1.2 3.1 -0.9
v 1.2 3.2 1.3
v 1.2 3.2 1.2
v 1.2 3.2 -0.6
v 1.2 3.2 -0.9
v 1.2 3.3 1.3
v 1.2 3.3 1.2
v 1.2 3.4 -1.1
v 1.2 3.4 -1.2
v 1.2 3.5 -1.1
v 1.2 3.5 -1.2
v 1.2 3.6 1.4
v 1.2 3.6 1.3
v 1.2 3.7 0
v 1.2 3.7 -0.1
v 1.2 3.8 0
v 1.2 3.8 -0.1
v 1.2 4.1 1.4
v 1.2 4.1 1.3
v 1.2 4.1 -1
v 1.2 4.1 -1.1
v 1.2 4.2 -0.5
v 1.2 4.2 -0.6
v 1.2 4.2 -1
v 1.2 4.2 -1.1
v 1.2 4.3 0.5
v 1.2 4.3 0.4
v 1.2 4.3 -0.5
v 1.2 4.3 -0.6
v 1.2 4.5 0.5
v 1.2 4.5 0.4
v 1.2 4.5 0.1
v 1.2 4.5 0
v 1.2 4.6 0.2
v 1.2 4.6 0.1
v 1.2 4.6 0
v 1.2 4.7 0.2
v 1.2 4.7 0.1
v 1.3 2.6 0.9
v 1.3 2.6 0.8
v 1.3 2.7 0.9
v 1.3 2.7 0.8
v 1.3 3.9 -1.1
v 1.3 3.9 -1.2
v 1.3 4.1 0.8
v 1.3 4.1 0.7
v 1.3 4.1 -1.1
v 1.3 4.1 -1.2
v 1.3 4.2 0.8
v 1.3 4.2 0.7
v 1.3 4.3 -0.4
v 1.3 4.3 -0.5
v 1.3 4.4 -0.4
v 1.3 4.4 -0.5
v 1.3 4.5 0
v 1.3 4.5 -0.2
v 1.3 4.6 0
v 1.3 4.6 -0.2
v 1.4 2.6 0.8
v 1.4 2.6 0.7
v 1.4 2.7 0.8
v 1.4 2.7 0.7
v 1.4 3.1 1.3
v 1.4 3.1 1.2
v 1.4 3.1 -0.7
v 1.4 3.1 -0.8
v 1.4 3.2 1.3
v 1.4 3.2 1.2
v 1.4 3.2 -0.7
v 1.4 3.2 -0.8
v 1.4 3.7 0.1
v 1.4 3.7 0
v 1.4 3.8 0.1
v 1.4 3.8 0
v 1.4 3.8 -1.1
v 1.4 3.8 -1.2
v 1.4 3.9 -1.1
v 1.4 3.9 -1.2
v 1.4 4.5 -0.2
v 1.4 4.5 -0.4
v 1.4 4.6 -0.2
v 1.4 4.6 -0.4
v -1.5 2.3 0.3
v -1.5 2.3 0.2
v -1.5 2.4 0.3
v -1.5 2.4 0.2
v -1.5 3.5 -0.8
v -1.5 3.5 -0.9
v -1.5 3.6 -0.8
v -1.5 3.6 -0.9
v -1.5 4.1 -0.3
v -1.5 4.1 -0.4
v -1.5 4.2 -0.3
v -1.5 4.2 -0.4
v -1.4 2.3 0.2
v -1.4 2.3 0
v -1.4 2.4 0.6
v -1.4 2.4 0.5
v -1.4 2.4 0.2
v -1.4 2.4 0
v -1.4 2.5 0.6
v -1.4 2.5 0.5
v -1.4 3.3 1.2
v -1.4 3.3 1.1
v -1.4 3.4 1.2
v -1.4 3.4 1.1
v -1.4 3.4 1
v -1.4 3.7 1.1
v -1.4 3.7 1
v -1.3 2.3 0
v -1.3 2.3 -0.3
v -1.3 2.4 0
v -1.3 2.4 -0.3
v -1.3 3 1.2
v -1.3 3 1.1
v -1.3 3.2 1.2
v -1.3 3.2 1.1
v -1.3 3.3 1.1
v -1.3 3.3 1
v -1.3 3.4 1.1
v -1.3 3.4 1
v -1.3 4.1 -0.4
v -1.3 4.1 -0.5
v -1.3 4.2 -0.4
v -1.3 4.2 -0.5
v -1.3 4.3 0.3
v -1.3 4.3 0.1
v -1.3 4.4 0.3
v -1.3 4.4 0.1
v -1.2 2.3 -0.3
v -1.2 2.3 -0.5
v -1.2 2.4 -0.3
v -1.2 2.4 -0.5
v -1.2 2.5 1.2
v -1.2 2.5 0.9
v -1.2 2.6 1.1
v -1.2 2.6 0.9
v -1.2 2.7 1.2
v -1.2 2.7 1.1
v -1.2 2.9 1.2
v -1.2 2.9 1.1
v -1.2 3 1.2
v -1.2 3 1.1
v -1.2 3.6 -0.7
v -1.2 3.6 -0.8
v -1.2 3.7 -0.7
v -1.2 3.7 -0.8
v -1.2 4.3 0.4
v -1.2 4.3 0.3
v -1.2 4.4 0.4
v -1.2 4.4 0.3
v -1.1 0.3 -0.8
v -1.1 0.3 -0.9
v -1.1 0.5 -0.8
v -1.1 0.5 -0.9
v -1.1 2.3 -0.5
v -1.1 2.3 -0.7
v -1.1 2.4 -0.5
v -1.1 2.4 -0.7
v -1.1 3.8 -0.5
v -1.1 3.8 -0.6
v -1.1 4.1 -0.5
v -1.1 4.2 -0.5
v -1.1 4.2 -0.6
v -1 0.2 1.3
v -1 0.2 1
v -1 0.2 0.8
v -1 0.2 0.7
v -1 0.2 -0.9
v -1 0.2 -1
v -1 0.3 1.3
v -1 0.3 1.2
v -1 0.3 0.8
v -1 0.3 0.7
v -1 0.3 -0.2
v -1 0.3 -0.3
v -1 0.3 -0.7
v -1 0.3 -0.8
v -1 0.3 -0.9
v -1 0.3 -1
v -1 0.4 1
v -1 0.4 -0.2
v -1 0.4 -0.3
v -1 0.4 -0.6
v -1 0.4 -0.7
v -1 0.4 -0.8
v -1 0.5 1.2
v -1 0.5 1
v -1 0.5 -0.6
v -1 0.5 -0.8
v -1 2.3 -0.7
v -1 2.3 -0.9
v -1 2.4 0.6
v -1 2.4 0.5
v -1 2.4 -0.7
v -1 2.4 -0.9
v -1 2.7 1.2
v -1 2.7 1.1
v -1 2.7 0.7
v -1 2.7 0.6
v -1 2.7 0.5
v -1 2.8 1.2
v -1 2.8 1.1
v -1 2.8 0.7
v -1 2.8 0.6
v -1 3.2 1.2
v -1 3.2 1.1
v -1 3.3 1.2
v -1 3.3 1.1
v -1 3.6 -0.5
v -1 3.6 -0.6
v -1 3.6 -0.7
v -1 3.6 -0.8
v -1 3.7 -0.7
v -1 3.7 -0.8
v -1 3.8 -0.5
v -1 3.8 -0.6
v -1 4.8 0.3
v -1 4.8 0.1
v -1 4.9 0.3
v -1 4.9 0.1
v -0.9 0.2 1
v -0.9 0.2 0.9
v -0.9 0.2 0.3
v -0.9 0.2 0.2
v -0.9 0.3 0.7
v -0.9 0.3 0.6
v -0.9 0.3 0.3
v -0.9 0.3 0.2
v -0.9 0.3 -0.8
v -0.9 0.3 -0.9
v -0.9 0.4 1
v -0.9 0.4 0.9
v -0.9 0.4 0.7
v -0.9 0.4 0.6
v -0.9 0.4 -0.8
v -0.9 0.4 -0.9
v -0.9 2.2 -0.2
v -0.9 2.2 -0.4
v -0.9 2.3 0.5
v -0.9 2.3 0.3
v -0.9 2.3 0.2
v -0.9 2.3 -0.1
v -0.9 2.3 -0.2
v -0.9 2.3 -0.4
v -0.9 2.3 -0.5
v -0.9 2.4 0.5
v -0.9 2.4 0.3
v -0.9 2.4 0.2
v -0.9 2.4 -0.1
v -0.9 2.4 -0.2
v -0.9 2.4 -0.5
v -0.9 2.7 0.6
v -0.9 2.7 0.5
v -0.9 2.8 0.6
v -0.9 2.8 0.5
v -0.9 3.2 -0.8
v -0.9 3.2 -0.9
v -0.9 3.6 -0.8
v -0.9 3.6 -0.9
v -0.9 3.7 1.8
v -0.9 3.7 1.7
v -0.9 3.7 -0.6
v -0.9 3.7 -0.7
v -0.9 3.8 1.8
v -0.9 3.8 1.7
v -0.9 3.8 -0.6
v -0.9 3.8 -0.7
v -0.9 4.5 1.1
v -0.9 4.5 1
v -0.9 4.6 1.1
v -0.9 4.6 1
v -0.9 4.8 0.4
v -0.9 4.8 0.3
v -0.9 4.9 0.4
v -0.9 4.9 0.3
v -0.8 0.2 0.9
v -0.8 0.2 0.8
v -0.8 0.2 -0.1
v -0.8 0.2 -0.2
v -0.8 0.2 -0.7
v -0.8 0.2 -0.9
v -0.8 0.3 -0.8
v -0.8 0.3 -0.9
v -0.8 0.4 0.9
v -0.8 0.4 0.8
v -0.8 0.4 -0.1
v -0.8 0.4 -0.2
v -0.8 0.4 -0.7
v -0.8 0.4 -0.8
v -0.8 2.3 -0.5
v -0.8 2.3 -0.8
v -0.8 2.4 -0.5
v -0.8 2.4 -0.8
v -0.8 3.6 1.8
v -0.8 3.6 1.7
v -0.8 3.7 1.8
v -0.8 3.7 1.7
v -0.8 3.8 1.2
v -0.8 3.8 1.1
v -0.8 3.9 1.2
v -0.8 3.9 1.1
v -0.8 4.1 -0.2
v -0.8 4.1 -0.3
v -0.8 4.2 -0.2
v -0.8 4.2 -0.3
v -0.7 0.2 0.8
v -0.7 0.2 0.7
v -0.7 0.3 -0.5
v -0.7 0.3 -0.6
v -0.7 0.4 0.8
v -0.7 0.4 0.7
v -0.7 0.4 -0.5
v -0.7 0.4 -0.6
v -0.7 2.8 1.5
v -0.7 2.8 1.1
v -0.7 2.9 1.5
v -0.7 2.9 1.1
v -0.7 3 -0.8
v -0.7 3 -0.9
v -0.7 3.1 -0.8
v -0.7 3.1 -0.9
v -0.7 4.3 -0.3
v -0.7 4.3 -0.4
v -0.7 4.4 1.1
v -0.7 4.4 1
v -0.7 4.4 -0.3
v -0.7 4.4 -0.4
v -0.7 4.5 1.1
v -0.7 4.5 1
v -0.7 4.7 -0.2
v -0.7 4.7 -0.3
v -0.7 4.8 0.5
v -0.7 4.8 0.4
v -0.7 4.8 -0.1
v -0.7 4.8 -0.2
v -0.7 4.8 -0.3
v -0.7 4.9 0.5
v -0.7 4.9 0.4
v -0.7 4.9 -0.1
v -0.7 4.9 -0.2
v -0.6 0.3 -0.4
v -0.6 0.3 -0.5
v -0.6 0.3 -0.6
v -0.6 0.3 -0.7
v -0.6 0.4 -0.4
v -0.6 0.4 -0.5
v -0.6 0.4 -0.6
v -0.6 0.4 -0.7
v -0.6 0.9 0.9
v -0.6 0.9 0.8
v -0.6 1.2 0.9
v -0.6 1.2 0.8
v -0.6 2.3 -0.4
v -0.6 2.3 -0.8
v -0.6 2.4 -0.3
v -0.6 2.4 -0.4
v -0.6 2.4 -0.8
v -0.6 2.4 -0.9
v -0.6 2.5 -0.4
v -0.6 2.5 -0.9
v -0.6 3.1 -0.3
v -0.6 3.1 -0.4
v -0.6 3.5 1.8
v -0.6 3.5 1.7
v -0.6 3.6 1.8
v -0.6 3.6 1.7
v -0.6 4.4 -0.2
v -0.6 4.4 -0.3
v -0.6 4.6 1.1
v -0.6 4.6 1
v -0.6 4.7 1.1
v -0.6 4.7 1
v -0.6 4.7 -0.2
v -0.6 4.7 -0.3
v -0.6 4.8 0.6
v -0.6 4.8 0.5
v -0.6 4.8 0
v -0.6 4.8 -0.1
v -0.6 4.9 0.6
v -0.6 4.9 0.5
v -0.6 4.9 0
v -0.6 4.9 -0.1
v -0.5 0.2 1.3
v -0.5 0.2 1.2
v -0.5 0.2 -0.4
v -0.5 0.2 -0.7
v -0.5 0.3 -0.3
v -0.5 0.3 -0.4
v -0.5 0.3 -0.7
v -0.5 0.4 1.3
v -0.5 0.4 1.2
v -0.5 0.4 0.9
v -0.5 0.4 0.8
v -0.5 0.5 -0.3
v -0.5 0.5 -0.4
v -0.5 0.6 0.9
v -0.5 0.6 0.8
v -0.5 1.3 0.9
v -0.5 1.3 0.8
v -0.5 1.3 -0.3
v -0.5 1.3 -0.4
v -0.5 1.4 0.9
v -0.5 1.4 0.8
v -0.5 1.6 -0.3
v -0.5 1.6 -0.4
v -0.5 2.9 1.8
v -0.5 2.9 1.7
v -0.5 2.9 -1.1
v -0.5 2.9 -1.2
v -0.5 3 1.8
v -0.5 3 1.7
v -0.5 3 -1.1
v -0.5 3 -1.2
v -0.5 3.8 1.7
v -0.5 3.8 1.5
v -0.5 3.8 1.2
v -0.5 3.8 1.1
v -0.5 3.9 1.6
v -0.5 3.9 1.5
v -0.5 3.9 1.2
v -0.5 3.9 1.1
v -0.5 3.9 1
v -0.5 4 1.6
v -0.5 4 1.5
v -0.5 4.1 1.7
v -0.5 4.1 1.1
v -0.5 4.1 1
v -0.5 4.5 1.1
v -0.5 4.5 1
v -0.5 4.6 1.1
v -0.5 4.6 1
v -0.5 4.8 0.8
v -0.5 4.8 0.6
v -0.5 4.8 0.1
v -0.5 4.8 0
v -0.5 4.9 0.8
v -0.5 4.9 0.6
v -0.5 4.9 0.1
v -0.5 4.9 0
v -0.4 0.2 1.2
v -0.4 0.2 0.9
v -0.4 0.3 1
v -0.4 0.3 0.9
v -0.4 0.4 1.2
v -0.4 0.4 1
v -0.4 3.8 1.5
v -0.4 3.8 1.2
v -0.4 3.8 1.1
v -0.4 3.8 1
v -0.4 3.9 1.6
v -0.4 3.9 1.5
v -0.4 3.9 1.2
v -0.4 3.9 1.1
v -0.4 3.9 1
v -0.4 4 1.6
v -0.4 4 1.5
v -0.4 4.1 1.1
v -0.4 4.1 1
v -0.4 4.2 1.1
v -0.4 4.2 1
v -0.4 4.4 1.1
v -0.4 4.4 1
v -0.4 4.5 1.1
v -0.4 4.5 1
v -0.4 4.8 0.9
v -0.4 4.8 0.8
v -0.4 4.9 0.9
v -0.4 4.9 0.8
v -0.3 0.2 -0.4
v -0.3 0.2 -0.5
v -0.3 0.3 -0.4
v -0.3 0.3 -0.5
v -0.3 0.4 1
v -0.3 0.4 0.9
v -0.3 0.5 1.1
v -0.3 0.5 1
v -0.3 0.6 1
v -0.3 0.6 0.9
v -0.3 0.8 1.1
v -0.3 0.8 1
v -0.3 1.1 -0.4
v -0.3 1.1 -0.5
v -0.3 1.7 -0.4
v -0.3 1.7 -0.5
v -0.3 2.3 1
v -0.3 2.3 0.9
v -0.3 2.5 1
v -0.3 2.5 0.9
v -0.3 3 1.8
v -0.3 3 1.7
v -0.3 3.1 1.8
v -0.3 3.1 1.7
v -0.3 3.1 -1.1
v -0.3 3.1 -1.2
v -0.3 3.1 -1.3
v -0.3 3.2 -1.1
v -0.3 3.2 -1.2
v -0.3 3.2 -1.3
v -0.3 4.3 1.1
v -0.3 4.3 1
v -0.3 4.4 1.1
v -0.3 4.4 1
v -0.3 4.8 1
v -0.3 4.8 0.9
v -0.3 4.9 1
v -0.3 4.9 0.9
v -0.2 0.2 1.2
v -0.2 0.2 0.9
v -0.2 0.3 1.2
v -0.2 0.3 1
v -0.2 0.4 1
v -0.2 0.4 0.9
v -0.2 0.7 1
v -0.2 0.7 0.9
v -0.2 1.1 1
v -0.2 1.1 0.9
v -0.2 2.2 -0.4
v -0.2 2.2 -0.5
v -0.2 2.3 1.1
v -0.2 2.3 1
v -0.2 2.3 -0.4
v -0.2 2.3 -0.5
v -0.2 2.4 1.1
v -0.2 2.4 1
v -0.2 2.8 1.4
v -0.2 2.8 1.3
v -0.2 2.9 1.4
v -0.2 2.9 1.3
v -0.2 3.4 1.9
v -0.2 3.4 1.8
v -0.2 3.5 1.9
v -0.2 3.5 1.8
v -0.2 3.8 1.2
v -0.2 3.8 1.1
v -0.2 3.9 1.2
v -0.2 3.9 1.1
v -0.2 4.1 1.1
v -0.2 4.1 1
v -0.2 4.1 -0.6
v -0.2 4.1 -0.7
v -0.2 4.2 1.2
v -0.2 4.2 1.1
v -0.2 4.2 1
v -0.2 4.3 1.2
v -0.2 4.3 1.1
v -0.2 4.3 -0.6
v -0.2 4.3 -0.7
v -0.1 0.3 -0.4
v -0.1 0.3 -0.6
v -0.1 0.4 -0.4
v -0.1 0.4 -0.5
v -0.1 0.5 -0.5
v -0.1 0.5 -0.6
v -0.1 0.6 1
v -0.1 0.6 0.9
v -0.1 0.7 1
v -0.1 0.7 0.9
v -0.1 0.8 -0.4
v -0.1 0.8 -0.5
v -0.1 1.1 1
v -0.1 1.1 0.9
v -0.1 1.2 -0.4
v -0.1 1.2 -0.5
v -0.1 1.3 1.1
v -0.1 1.3 1
v -0.1 1.4 1.1
v -0.1 1.4 1
v -0.1 1.5 1
v -0.1 1.5 0.9
v -0.1 2.3 1.2
v -0.1 2.3 1.1
v -0.1 2.4 1.2
v -0.1 2.4 1.1
v -0.1 2.5 -1.1
v -0.1 2.5 -1.2
v -0.1 2.6 -1.1
v -0.1 2.6 -1.2
v -0.1 3.4 1.8
v -0.1 3.4 1.7
v -0.1 3.5 1.8
v -0.1 3.5 1.7
v -0.1 3.8 1.1
v -0.1 3.8 1
v -0.1 3.9 1.1
v -0.1 4 1.1
v -0.1 4 1
v -0.1 4.2 1.1
v -0.1 4.2 1
v -0.1 4.3 1.1
v -0.1 4.3 1
v -0.1 4.7 1.1
v -0.1 4.7 1
v -0.1 4.8 1.1
v -0.1 4.8 1
v -1.19209e-07 0.4 -0.4
v -1.19209e-07 0.4 -0.5
v -1.19209e-07 0.5 1
v -1.19209e-07 0.5 0.9
v -1.19209e-07 0.6 1
v -1.19209e-07 0.6 0.9
v -1.19209e-07 0.8 -0.4
v -1.19209e-07 0.8 -0.5
v -1.19209e-07 1.2 -0.4
v -1.19209e-07 1.2 -0.5
v -1.19209e-07 1.5 -0.4
v -1.19209e-07 1.5 -0.5
v -1.19209e-07 2.3 -0.5
v -1.19209e-07 2.3 -0.6
v -1.19209e-07 2.4 1.3
v -1.19209e-07 2.4 1.2
v -1.19209e-07 2.4 -0.5
v -1.19209e-07 2.4 -0.6
v -1.19209e-07 2.5 1.3
v -1.19209e-07 2.5 1.2
v -1.19209e-07 3.2 -1.1
v -1.19209e-07 3.2 -1.2
v -1.19209e-07 3.3 -1.1
v -1.19209e-07 3.3 -1.2
v -1.19209e-07 3.3 -1.3
v -1.19209e-07 3.4 -1.2
v -1.19209e-07 3.4 -1.3
v -1.19209e-07 3.8 1.2
v -1.19209e-07 3.8 1.1
v -1.19209e-07 3.9 1.2
v -1.19209e-07 3.9 1.1
v -1.19209e-07 4 1.2
v -1.19209e-07 4 1.1
v -1.19209e-07 4 -0.6
v -1.19209e-07 4 -1.1
v -1.19209e-07 4.1 1.2
v -1.19209e-07 4.1 1.1
v -1.19209e-07 4.1 -0.6
v -1.19209e-07 4.1 -0.7
v -1.19209e-07 4.1 -1.1
v -1.19209e-07 4.3 1
v -1.19209e-07 4.3 0.9
v -1.19209e-07 4.4 0.9
v -1.19209e-07 4.4 0.2
v -1.19209e-07 4.4 0
v -1.19209e-07 4.4 -0.2
v -1.19209e-07 4.5 1.1
v -1.19209e-07 4.5 1
v -1.19209e-07 4.5 0.2
v -1.19209e-07 4.5 0
v -1.19209e-07 4.5 -0.1
v -1.19209e-07 4.7 1.1
v -1.19209e-07 4.7 1
v -1.19209e-07 4.7 0
v -1.19209e-07 4.7 -0.1
v -1.19209e-07 4.8 1
v -1.19209e-07 4.8 -0.2
v 0.0999999 0.2 -0.3
v 0.0999999 0.2 -0.4
v 0.0999999 0.6 -0.3
v 0.0999999 0.6 -0.4
v 0.0999999 0.9 -0.4
v 0.0999999 0.9 -0.5
v 0.0999999 1 1
v 0.0999999 1 0.8
v 0.0999999 1 -0.3
v 0.0999999 1 -0.4
v 0.0999999 1 -0.5
v 0.0999999 1.1 1
v 0.0999999 1.1 0.9
v 0.0999999 1.5 1
v 0.0999999 1.5 0.9
v 0.0999999 1.5 0.8
v 0.0999999 1.5 -0.4
v 0.0999999 1.5 -0.5
v 0.0999999 1.6 1
v 0.0999999 1.6 0.9
v 0.0999999 1.7 0.9
v 0.0999999 1.7 0.8
v 0.0999999 1.8 -0.3
v 0.0999999 1.8 -0.4
v 0.0999999 2.1 -0.4
v 0.0999999 2.1 -0.5
v 0.0999999 2.2 0.9
v 0.0999999 2.2 0.8
v 0.0999999 2.2 -0.4
v 0.0999999 2.2 -0.5
v 0.0999999 2.4 -0.3
v 0.0999999 2.4 -0.4
v 0.0999999 2.4 -0.5
v 0.0999999 2.5 -0.3
v 0.0999999 2.5 -0.4
v 0.0999999 2.5 -0.5
v 0.0999999 2.6 -1.1
v 0.0999999 2.6 -1.2
v 0.0999999 2.6 -1.3
v 0.0999999 2.7 -1.1
v 0.0999999 2.7 -1.2
v 0.0999999 2.8 -1.2
v 0.0999999 2.8 -1.3
v 0.0999999 2.9 -1.1
v 0.0999999 2.9 -1.2
v 0.0999999 3 -1.1
v 0.0999999 3 -1.2
v 0.0999999 3.3 -1.1
v 0.0999999 3.3 -1.2
v 0.0999999 3.4 -1.1
v 0.0999999 3.4 -1.2
v 0.0999999 3.5 1.8
v 0.0999999 3.5 1.7
v 0.0999999 3.8 1.8
v 0.0999999 3.8 1.7
v 0.0999999 4.1 -0.6
v 0.0999999 4.1 -0.7
v 0.0999999 4.3 -0.6
v 0.0999999 4.3 -0.7
v 0.0999999 4.4 0.1
v 0.0999999 4.4 0
v 0.0999999 4.5 0.1
v 0.0999999 4.5 0
v 0.0999999 4.5 -0.1
v 0.0999999 4.7 0
v 0.0999999 4.7 -0.1
v 0.2 0.3 1
v 0.2 0.3 0.9
v 0.2 0.6 -0.3
v 0.2 0.6 -0.4
v 0.2 0.8 0.9
v 0.2 0.8 0.8
v 0.2 1 1
v 0.2 1 0.8
v 0.2 1 -0.3
v 0.2 1 -0.4
v 0.2 1.5 0.9
v 0.2 1.5 0.8
v 0.2 1.6 0.9
v 0.2 1.6 0.8
v 0.2 1.8 -0.3
v 0.2 1.8 -0.4
v 0.2 2 -0.3
v 0.2 2 -0.4
v 0.2 2.2 -0.3
v 0.2 2.2 -0.4
v 0.2 2.4 -0.3
v 0.2 2.4 -0.4
v 0.2 2.4 -0.9
v 0.2 2.4 -1.1
v 0.2 2.5 -0.9
v 0.2 2.5 -1.1
v 0.2 2.5 -1.2
v 0.2 2.6 -1.1
v 0.2 2.6 -1.2
v 0.2 2.7 -1.1
v 0.2 2.7 -1.2
v 0.2 2.8 1.3
v 0.2 2.8 1.2
v 0.2 2.8 -1.1
v 0.2 2.8 -1.2
v 0.2 2.9 1.3
v 0.2 2.9 1.2
v 0.2 2.9 1
v 0.2 2.9 0.9
v 0.2 3.1 1
v 0.2 3.1 0.9
v 0.2 3.4 -1.1
v 0.2 3.4 -1.3
v 0.2 3.6 -1.1
v 0.2 3.6 -1.2
v 0.2 3.6 -1.3
v 0.2 3.9 1.6
v 0.2 3.9 1.5
v 0.2 4 1.6
v 0.2 4 1.5
v 0.2 4.1 1.1
v 0.2 4.1 1
v 0.2 4.1 -0.4
v 0.2 4.1 -0.6
v 0.2 4.2 1.1
v 0.2 4.2 1
v 0.2 4.2 -0.1
v 0.2 4.2 -0.2
v 0.2 4.2 -0.3
v 0.2 4.2 -0.4
v 0.2 4.3 -0.2
v 0.2 4.3 -0.3
v 0.2 4.3 -0.6
v 0.2 4.3 -0.7
v 0.2 4.4 -0.1
v 0.2 4.4 -0.5
v 0.2 4.5 -0.5
v 0.2 4.5 -0.7
v 0.3 0.3 -0.3
v 0.3 0.3 -0.4
v 0.3 0.4 0.9
v 0.3 0.4 0.8
v 0.3 0.6 0.9
v 0.3 0.6 0.8
v 0.3 0.6 -0.3
v 0.3 0.6 -0.4
v 0.3 0.7 0.9
v 0.3 0.7 0.8
v 0.3 0.8 0.9
v 0.3 0.8 0.8
v 0.3 0.8 -0.2
v 0.3 0.8 -0.3
v 0.3 0.9 0.8
v 0.3 0.9 0.7
v 0.3 1.6 0.9
v 0.3 1.6 0.8
v 0.3 1.6 0.7
v 0.3 1.7 0.9
v 0.3 1.7 0.8
v 0.3 1.7 0.7
v 0.3 2 -0.3
v 0.3 2 -0.4
v 0.3 2.2 0.8
v 0.3 2.2 0.7
v 0.3 2.2 -0.3
v 0.3 2.2 -0.4
v 0.3 2.3 -0.6
v 0.3 2.3 -0.8
v 0.3 2.4 -0.5
v 0.3 2.4 -0.6
v 0.3 2.4 -0.8
v 0.3 2.4 -0.9
v 0.3 2.5 1.3
v 0.3 2.5 1.2
v 0.3 2.5 -0.2
v 0.3 2.5 -0.3
v 0.3 2.5 -0.5
v 0.3 2.5 -0.6
v 0.3 2.5 -0.8
v 0.3 2.5 -0.9
v 0.3 2.6 1.3
v 0.3 2.6 1.2
v 0.3 2.8 -1.1
v 0.3 2.8 -1.2
v 0.3 2.9 -1.1
v 0.3 2.9 -1.2
v 0.3 3.7 1.8
v 0.3 3.7 1.7
v 0.3 3.8 1.8
v 0.3 3.8 1.7
v 0.3 3.8 1.5
v 0.3 3.9 1.7
v 0.3 3.9 1.5
v 0.3 4 1.1
v 0.3 4 1
v 0.3 4.1 1.1
v 0.3 4.1 1
v 0.3 4.4 0.8
v 0.3 4.4 0.7
v 0.3 4.5 0.8
v 0.3 4.5 0.7
v 0.4 0.2 0
v 0.4 0.2 -0.1
v 0.4 0.2 -0.2
v 0.4 0.2 -0.5
v 0.4 0.3 1
v 0.4 0.3 0.9
v 0.4 0.3 -0.3
v 0.4 0.3 -0.5
v 0.4 0.4 1
v 0.4 0.4 0.9
v 0.4 0.4 0
v 0.4 0.4 -0.1
v 0.4 0.5 0.7
v 0.4 0.5 0.6
v 0.4 0.5 0
v 0.4 0.5 -0.2
v 0.4 0.6 0.9
v 0.4 0.6 0.8
v 0.4 0.6 0.7
v 0.4 0.6 0.6
v 0.4 0.7 0.9
v 0.4 0.7 0.8
v 0.4 0.7 -0.1
v 0.4 0.7 -0.2
v 0.4 0.8 -0.1
v 0.4 0.8 -0.2
v 0.4 0.8 -0.3
v 0.4 0.9 0.7
v 0.4 0.9 0.5
v 0.4 1.5 0
v 0.4 1.5 -0.1
v 0.4 1.6 0.8
v 0.4 1.6 0.7
v 0.4 1.6 0.6
v 0.4 1.7 0.8
v 0.4 1.7 0.7
v 0.4 1.7 0.6
v 0.4 1.7 0.5
v 0.4 1.8 0.6
v 0.4 1.8 0.5
v 0.4 1.8 0
v 0.4 1.8 -0.1
v 0.4 2.2 0.7
v 0.4 2.2 0.5
v 0.4 2.2 0
v 0.4 2.2 -0.1
v 0.4 2.3 0
v 0.4 2.3 -0.1
v 0.4 2.4 0
v 0.4 2.4 -0.2
v 0.4 2.4 -0.6
v 0.4 2.4 -0.7
v 0.4 2.5 -0.6
v 0.4 2.5 -0.7
v 0.4 2.9 -1.1
v 0.4 2.9 -1.2
v 0.4 3 -1.1
v 0.4 3 -1.2
v 0.4 3 -1.3
v 0.4 3.1 -1.2
v 0.4 3.1 -1.3
v 0.4 3.5 1.8
v 0.4 3.5 1.7
v 0.4 3.5 -1.1
v 0.4 3.5 -1.2
v 0.4 3.6 -1.2
v 0.4 3.6 -1.3
v 0.4 3.7 1.8
v 0.4 3.7 1.7
v 0.4 3.7 -1.1
v 0.4 3.7 -1.2
v 0.4 3.7 -1.3
v 0.4 3.8 1.5
v 0.4 3.8 1.2
v 0.4 3.9 1.5
v 0.4 3.9 1.2
v 0.4 4.4 0.9
v 0.4 4.4 0.8
v 0.4 4.4 0.2
v 0.4 4.4 0.1
v 0.4 4.5 0.9
v 0.4 4.5 0.8
v 0.4 4.5 0.3
v 0.4 4.5 0.2
v 0.4 4.5 0.1
v 0.4 4.6 0.3
v 0.4 4.6 0.2
v 0.5 0.2 1
v 0.5 0.2 0.7
v 0.5 0.2 0.2
v 0.5 0.2 0.1
v 0.5 0.2 -0.6
v 0.5 0.2 -0.9
v 0.5 0.3 1
v 0.5 0.3 0.9
v 0.5 0.3 0.8
v 0.5 0.3 0.7
v 0.5 0.3 0.3
v 0.5 0.3 0.2
v 0.5 0.3 -0.1
v 0.5 0.3 -0.2
v 0.5 0.3 -0.6
v 0.5 0.3 -0.9
v 0.5 0.4 0.9
v 0.5 0.4 0.8
v 0.5 0.4 0.6
v 0.5 0.4 0.1
v 0.5 0.4 0
v 0.5 0.4 -0.1
v 0.5 0.5 0.7
v 0.5 0.5 0.6
v 0.5 0.5 0.4
v 0.5 0.5 0.3
v 0.5 0.5 0.1
v 0.5 0.5 0
v 0.5 0.5 -0.2
v 0.5 0.6 0.7
v 0.5 0.6 0.6
v 0.5 0.6 0.5
v 0.5 0.6 0.4
v 0.5 0.6 0.2
v 0.5 0.6 0.1
v 0.5 0.7 0.9
v 0.5 0.7 0.8
v 0.5 0.7 0.3
v 0.5 0.7 0.2
v 0.5 0.7 0.1
v 0.5 0.7 0
v 0.5 0.7 -0.1
v 0.5 0.7 -0.2
v 0.5 0.8 0.9
v 0.5 0.8 0.8
v 0.5 0.8 0.6
v 0.5 0.8 0.5
v 0.5 0.8 0.3
v 0.5 0.8 0.2
v 0.5 0.8 0.1
v 0.5 0.8 -0.1
v 0.5 0.8 -0.2
v 0.5 0.9 0.8
v 0.5 0.9 0.5
v 0.5 1 0.5
v 0.5 1 0.3
v 0.5 1 0.2
v 0.5 1 0.1
v 0.5 1.1 0.3
v 0.5 1.1 0.2
v 0.5 1.2 0.1
v 0.5 1.2 0
v 0.5 1.3 0.2
v 0.5 1.3 0.1
v 0.5 1.5 0.1
v 0.5 1.5 0
v 0.5 1.5 -0.1
v 0.5 1.6 0.7
v 0.5 1.6 0.6
v 0.5 1.7 0.7
v 0.5 1.7 0.6
v 0.5 1.7 0.5
v 0.5 1.7 0
v 0.5 1.8 0.6
v 0.5 1.8 0.5
v 0.5 1.8 0.2
v 0.5 1.8 0.1
v 0.5 1.8 0
v 0.5 1.8 -0.1
v 0.5 2 0.1
v 0.5 2 0
v 0.5 2.1 0.3
v 0.5 2.1 0.2
v 0.5 2.1 0.1
v 0.5 2.2 0.5
v 0.5 2.2 0.3
v 0.5 2.2 0.1
v 0.5 2.2 0
v 0.5 2.2 -0.1
v 0.5 2.3 0
v 0.5 2.3 -0.1
v 0.5 2.4 0.2
v 0.5 2.4 0
v 0.5 2.4 -0.7
v 0.5 2.4 -0.8
v 0.5 2.5 -0.4
v 0.5 2.5 -0.6
v 0.5 2.5 -0.7
v 0.5 2.5 -0.8
v 0.5 2.5 -1.1
v 0.5 2.6 -0.4
v 0.5 2.6 -0.6
v 0.5 2.6 -0.8
v 0.5 2.6 -1
v 0.5 3 -1
v 0.5 3 -1.1
v 0.5 3 -1.2
v 0.5 3.1 -1
v 0.5 3.1 -1.1
v 0.5 3.1 -1.2
v 0.5 3.2 -1
v 0.5 3.2 -1.1
v 0.5 3.3 1.8
v 0.5 3.3 1.7
v 0.5 3.4 1.9
v 0.5 3.4 1.8
v 0.5 3.4 1.7
v 0.5 3.5 1.9
v 0.5 3.5 1.8
v 0.5 3.7 -1.1
v 0.5 3.7 -1.2
v 0.5 3.8 1
v 0.5 3.8 0.9
v 0.5 3.8 -1.1
v 0.5 3.8 -1.2
v 0.5 3.9 1.1
v 0.5 3.9 1
v 0.5 4 1.1
v 0.5 4 1
v 0.5 4.2 1
v 0.5 4.2 0.9
v 0.5 4.3 -0.1
v 0.5 4.3 -0.2
v 0.5 4.4 0.1
v 0.5 4.4 -0.1
v 0.5 4.4 -0.2
v 0.5 4.5 0.1
v 0.5 4.5 -0.1
v 0.6 0.2 -0.3
v 0.6 0.2 -0.5
v 0.6 0.3 0.8
v 0.6 0.3 0.7
v 0.6 0.3 0.6
v 0.6 0.3 0.3
v 0.6 0.3 -0.3
v 0.6 0.3 -0.4
v 0.6 0.3 -0.5
v 0.6 0.3 -0.6
v 0.6 0.4 0.8
v 0.6 0.4 0.7
v 0.6 0.4 0.6
v 0.6 0.4 -0.4
v 0.6 0.4 -0.6
v 0.6 0.5 0.4
v 0.6 0.5 0.3
v 0.6 0.5 0.1
v 0.6 0.5 0
v 0.6 0.6 0.5
v 0.6 0.6 0.4
v 0.6 0.6 0.2
v 0.6 0.6 0.1
v 0.6 0.7 0.3
v 0.6 0.7 0.2
v 0.6 0.7 0.1
v 0.6 0.7 0
v 0.6 0.8 0.6
v 0.6 0.8 0.5
v 0.6 0.8 0.3
v 0.6 0.8 0.2
v 0.6 0.8 0.1
v 0.6 0.9 0.4
v 0.6 0.9 0.3
v 0.6 1 0.5
v 0.6 1 0.4
v 0.6 1 0.3
v 0.6 1 0.2
v 0.6 1 0.1
v 0.6 1.1 0.3
v 0.6 1.1 0.2
v 0.6 1.2 0.1
v 0.6 1.2 0
v 0.6 1.3 0.2
v 0.6 1.3 0.1
v 0.6 1.5 0.1
v 0.6 1.5 0
v 0.6 1.7 0.5
v 0.6 1.7 0
v 0.6 1.8 0.5
v 0.6 1.8 0.2
v 0.6 1.8 0.1
v 0.6 1.8 0
v 0.6 2 0.1
v 0.6 2 0
v 0.6 2.1 0.3
v 0.6 2.1 0.2
v 0.6 2.1 0.1
v 0.6 2.2 0.3
v 0.6 2.2 0.2
v 0.6 2.2 0.1
v 0.6 2.2 0
v 0.6 2.3 1.1
v 0.6 2.3 1
v 0.6 2.4 1.1
v 0.6 2.4 1
v 0.6 2.5 -0.6
v 0.6 2.5 -0.7
v 0.6 2.6 1.4
v 0.6 2.6 1.3
v 0.6 2.6 -0.6
v 0.6 2.6 -0.7
v 0.6 2.7 1.3
v 0.6 2.7 1.2
v 0.6 2.8 1.4
v 0.6 2.9 1.7
v 0.6 2.9 1.6
v 0.6 2.9 1.3
v 0.6 2.9 1.2
v 0.6 2.9 1
v 0.6 3 1.5
v 0.6 3 1.4
v 0.6 3 1.3
v 0.6 3 1.2
v 0.6 3 1.1
v 0.6 3 1
v 0.6 3.1 1.7
v 0.6 3.1 1.6
v 0.6 3.1 1.5
v 0.6 3.2 1.8
v 0.6 3.2 1.7
v 0.6 3.2 1.6
v 0.6 3.3 1.8
v 0.6 3.3 1.7
v 0.6 3.4 1.8
v 0.6 3.4 1.7
v 0.6 3.4 1.6
v 0.6 3.4 1.1
v 0.6 3.5 1.8
v 0.6 3.5 1.7
v 0.6 3.5 1.6
v 0.6 3.5 1.2
v 0.6 3.6 1.2
v 0.6 3.6 1.1
v 0.6 3.6 -1.1
v 0.6 3.6 -1.2
v 0.6 3.7 1.2
v 0.6 3.7 1.1
v 0.6 3.7 -1.1
v 0.6 3.7 -1.2
v 0.6 3.8 1.7
v 0.6 3.8 1.2
v 0.6 3.8 1.1
v 0.6 3.8 -1.1
v 0.6 3.8 -1.2
v 0.6 3.9 1.2
v 0.6 3.9 1.1
v 0.6 3.9 -1.1
v 0.6 3.9 -1.2
v 0.6 4.1 -0.6
v 0.6 4.1 -0.7
v 0.6 4.2 -0.6
v 0.6 4.2 -0.7
v 0.6 4.3 1
v 0.6 4.3 0.9
v 0.6 4.3 -0.2
v 0.6 4.3 -0.3
v 0.6 4.4 -0.2
v 0.6 4.4 -0.3
v 0.6 4.5 1
v 0.6 4.5 0.9
v 0.7 0.2 1.1
v 0.7 0.2 1
v 0.7 0.2 0.6
v 0.7 0.2 0.2
v 0.7 0.2 0
v 0.7 0.2 -0.1
v 0.7 0.2 -0.2
v 0.7 0.2 -0.3
v 0.7 0.2 -0.5
v 0.7 0.2 -0.6
v 0.7 0.3 1.3
v 0.7 0.3 1.2
v 0.7 0.3 0.7
v 0.7 0.3 0.6
v 0.7 0.3 0.2
v 0.7 0.3 0
v 0.7 0.3 -0.1
v 0.7 0.3 -0.2
v 0.7 0.3 -0.3
v 0.7 0.3 -0.5
v 0.7 0.3 -0.6
v 0.7 0.4 1.3
v 0.7 0.4 1.2
v 0.7 0.4 0.7
v 0.7 0.4 0.6
v 0.7 0.4 0.2
v 0.7 0.4 -0.1
v 0.7 0.5 1.1
v 0.7 0.5 1
v 0.7 0.9 0.4
v 0.7 0.9 0.3
v 0.7 1 0.4
v 0.7 1 0.3
v 0.7 2.3 1.2
v 0.7 2.3 1.1
v 0.7 2.4 1.2
v 0.7 2.4 1.1
v 0.7 2.5 -0.7
v 0.7 2.5 -0.8
v 0.7 2.6 -0.7
v 0.7 2.6 -0.8
v 0.7 2.8 1.5
v 0.7 2.8 1.4
v 0.7 2.9 1.6
v 0.7 2.9 1.5
v 0.7 2.9 1.3
v 0.7 2.9 1.2
v 0.7 3 1.5
v 0.7 3 1.4
v 0.7 3 1.3
v 0.7 3 1.2
v 0.7 3 1.1
v 0.7 3 1
v 0.7 3.1 1.7
v 0.7 3.1 1.6
v 0.7 3.1 1.5
v 0.7 3.1 1.1
v 0.7 3.1 1
v 0.7 3.2 1.7
v 0.7 3.2 1.6
v 0.7 3.4 1.6
v 0.7 3.4 1.1
v 0.7 3.5 1.6
v 0.7 3.5 1.2
v 0.7 3.5 1.1
v 0.7 3.7 1.2
v 0.7 3.7 1.1
v 0.7 3.7 -1.1
v 0.7 3.7 -1.2
v 0.7 3.8 1.2
v 0.7 3.8 1.1
v 0.7 3.8 1
v 0.7 3.8 0.9
v 0.7 3.8 -1.1
v 0.7 3.8 -1.2
v 0.7 3.9 1
v 0.7 4.1 -0.7
v 0.7 4.1 -0.8
v 0.7 4.2 -0.5
v 0.7 4.2 -0.6
v 0.7 4.2 -0.7
v 0.7 4.2 -0.8
v 0.7 4.3 1
v 0.7 4.3 0.9
v 0.7 4.3 -0.3
v 0.7 4.3 -0.5
v 0.7 4.3 -0.6
v 0.7 4.4 0.9
v 0.7 4.4 0.8
v 0.7 4.4 -0.3
v 0.7 4.4 -0.5
v 0.7 4.5 0.9
v 0.7 4.5 0.8
v 0.8 0.2 1.2
v 0.8 0.2 1.1
v 0.8 0.2 0.7
v 0.8 0.2 0.6
v 0.8 0.2 0.2
v 0.8 0.2 0.1
v 0.8 0.2 -0.1
v 0.8 0.2 -0.2
v 0.8 0.2 -0.6
v 0.8 0.2 -0.7
v 0.8 0.3 1.2
v 0.8 0.3 0.7
v 0.8 0.3 0.6
v 0.8 0.3 0.2
v 0.8 0.3 0.1
v 0.8 0.3 -0.1
v 0.8 0.3 -0.2
v 0.8 0.3 -0.6
v 0.8 0.3 -0.7
v 0.8 0.5 1.2
v 0.8 0.5 1.1
v 0.8 2.1 0.9
v 0.8 2.1 0.7
v 0.8 2.2 0.9
v 0.8 2.2 0.7
v 0.8 2.5 -0.8
v 0.8 2.5 -0.9
v 0.8 2.6 -0.8
v 0.8 2.6 -0.9
v 0.8 3 -1
v 0.8 3 -1.1
v 0.8 3.1 1.2
v 0.8 3.1 1.1
v 0.8 3.1 -1
v 0.8 3.1 -1.1
v 0.8 3.2 1.2
v 0.8 3.2 1.1
v 0.8 3.4 -1.1
v 0.8 3.4 -1.2
v 0.8 3.5 1.2
v 0.8 3.5 1.1
v 0.8 3.5 -1.1
v 0.8 3.5 -1.2
v 0.8 3.6 1.2
v 0.8 3.6 1.1
v 0.8 3.9 -1.1
v 0.8 3.9 -1.2
v 0.8 4 -1.1
v 0.8 4 -1.2
v 0.8 4.4 0.8
v 0.8 4.4 0.6
v 0.8 4.5 0.8
v 0.8 4.5 0.7
v 0.8 4.5 0.6
v 0.8 4.6 0.8
v 0.8 4.6 0.7
v 0.9 0.2 1.4
v 0.9 0.2 1.2
v 0.9 0.2 0.1
v 0.9 0.2 -0.1
v 0.9 0.2 -0.7
v 0.9 0.2 -0.9
v 0.9 0.3 1.4
v 0.9 0.3 1.2
v 0.9 0.3 0.1
v 0.9 0.3 -0.1
v 0.9 0.3 -0.7
v 0.9 0.3 -0.9
v 0.9 2.1 1
v 0.9 2.1 0.9
v 0.9 2.1 0.7
v 0.9 2.1 0.6
v 0.9 2.2 1
v 0.9 2.2 0.9
v 0.9 2.2 0.7
v 0.9 2.2 0.6
v 0.9 2.3 0.2
v 0.9 2.3 0
v 0.9 2.4 0.2
v 0.9 2.4 0
v 0.9 2.5 -0.9
v 0.9 2.5 -1.1
v 0.9 2.6 -0.9
v 0.9 2.6 -1.1
v 0.9 4 -1.1
v 0.9 4 -1.2
v 0.9 4.1 -0.7
v 0.9 4.1 -1.1
v 0.9 4.1 -1.2
v 0.9 4.2 -0.7
v 0.9 4.2 -1.1
v 0.9 4.3 1
v 0.9 4.3 0.9
v 0.9 4.4 1
v 0.9 4.4 0.9
v 0.9 4.4 0.8
v 0.9 4.4 0.6
v 0.9 4.4 0.5
v 0.9 4.4 0.3
v 0.9 4.4 0.2
v 0.9 4.5 0.9
v 0.9 4.5 0.8
v 0.9 4.5 0.6
v 0.9 4.5 0.5
v 0.9 4.5 0.3
v 0.9 4.5 0.2
v 1 0.2 -0.1
v 1 0.2 -0.2
v 1 0.3 -0.2
v 1 0.3 -0.3
v 1 0.4 -0.2
v 1 0.4 -0.3
v 1 0.5 -0.1
v 1 0.5 -0.2
v 1 2.1 0.6
v 1 2.1 0.2
v 1 2.2 0.6
v 1 2.2 0.2
v 1 2.3 0
v 1 2.3 -0.2
v 1 2.4 0
v 1 2.4 -0.2
v 1 2.6 -0.5
v 1 2.6 -1.2
v 1 2.7 -0.8
v 1 2.7 -0.9
v 1 2.7 -1
v 1 2.7 -1.2
v 1 2.8 -0.4
v 1 2.8 -0.5
v 1 2.8 -0.8
v 1 2.9 -0.8
v 1 2.9 -0.9
v 1 3 -0.6
v 1 3 -0.8
v 1 3.1 -0.4
v 1 3.1 -0.5
v 1 3.1 -0.6
v 1 3.1 -0.8
v 1 3.2 1.3
v 1 3.2 1.2
v 1 3.2 -0.5
v 1 3.2 -0.6
v 1 3.2 -0.8
v 1 3.2 -1
v 1 3.3 1.3
v 1 3.3 1.2
v 1 3.8 1.4
v 1 3.8 1.3
v 1 4.1 1.4
v 1 4.1 1.3
v 1 4.1 1.2
v 1 4.1 1.1
v 1 4.1 -0.6
v 1 4.1 -0.7
v 1 4.2 1.2
v 1 4.2 1.1
v 1 4.2 1
v 1 4.2 -0.6
v 1 4.2 -0.7
v 1 4.3 1.1
v 1 4.3 1
v 1 4.4 0.5
v 1 4.4 0.4
v 1 4.5 0.5
v 1 4.5 0.4
v 1.1 2.2 1
v 1.1 2.2 0.2
v 1.1 2.3 -0.2
v 1.1 2.3 -0.3
v 1.1 2.4 1.2
v 1.1 2.4 1
v 1.1 2.4 0.2
v 1.1 2.4 -0.2
v 1.1 2.4 -0.3
v 1.1 2.5 1.3
v 1.1 2.5 1.2
v 1.1 2.5 1.1
v 1.1 2.5 -0.4
v 1.1 2.5 -0.5
v 1.1 2.6 1.1
v 1.1 2.6 0.9
v 1.1 2.7 1.3
v 1.1 2.7 1.2
v 1.1 2.7 0.9
v 1.1 2.7 0.2
v 1.1 2.7 -0.8
v 1.1 2.7 -0.9
v 1.1 2.8 -0.4
v 1.1 2.8 -0.5
v 1.1 2.8 -0.8
v 1.1 2.9 -0.8
v 1.1 2.9 -0.9
v 1.1 3 -0.6
v 1.1 3 -0.8
v 1.1 3.1 -0.4
v 1.1 3.1 -0.5
v 1.1 3.1 -0.6
v 1.1 3.1 -0.8
v 1.1 3.2 -0.4
v 1.1 3.2 -0.5
v 1.1 3.2 -0.6
v 1.1 3.2 -0.8
v 1.1 3.3 -0.1
v 1.1 3.3 -0.2
v 1.1 3.5 -0.1
v 1.1 3.5 -0.2
v 1.1 3.7 0.4
v 1.1 3.7 -0.1
v 1.1 3.9 0.4
v 1.1 3.9 -0.1
v 1.1 4.1 1.1
v 1.1 4.1 0.4
v 1.1 4.2 1.1
v 1.1 4.2 1
v 1.1 4.2 0.8
v 1.1 4.2 0.4
v 1.1 4.3 1
v 1.1 4.3 0.9
v 1.1 4.3 0.8
v 1.1 4.3 0.4
v 1.1 4.4 0.9
v 1.1 4.4 0.4
v 1.2 0.1 1.6
v 1.2 0.1 -1.1
v 1.2 0.2 1.6
v 1.2 0.2 -1.1
v 1.2 2.5 1.2
v 1.2 2.5 1.1
v 1.2 2.6 1.1
v 1.2 2.6 1
v 1.2 2.7 1.2
v 1.2 2.7 1
v 1.2 3.1 -0.5
v 1.2 3.1 -0.6
v 1.2 3.2 -0.5
v 1.2 3.2 -0.6
v 1.2 3.4 1.4
v 1.2 3.4 1.2
v 1.2 3.5 1.4
v 1.2 3.5 1.3
v 1.2 3.5 -1.1
v 1.2 3.5 -1.2
v 1.2 3.6 1.3
v 1.2 3.6 1.2
v 1.2 3.6 -1.1
v 1.2 3.6 -1.2
v 1.2 4.1 1.2
v 1.2 4.1 1.1
v 1.2 4.1 -0.6
v 1.2 4.1 -0.9
v 1.2 4.2 1.2
v 1.2 4.2 1.1
v 1.2 4.2 0.8
v 1.2 4.2 0.4
v 1.2 4.2 -0.6
v 1.2 4.2 -0.9
v 1.2 4.3 0.8
v 1.2 4.3 0.5
v 1.2 4.3 0.4
v 1.2 4.5 0.4
v 1.2 4.5 0.2
v 1.2 4.6 0.4
v 1.2 4.6 0.2
v 1.3 2.3 -0.3
v 1.3 2.3 -0.4
v 1.3 2.4 -0.3
v 1.3 2.4 -0.4
v 1.3 3.1 -0.7
v 1.3 3.1 -0.9
v 1.3 3.2 -0.7
v 1.3 3.2 -0.9
v 1.3 3.3 1.4
v 1.3 3.3 1.3
v 1.3 3.3 1.2
v 1.3 3.4 1.4
v 1.3 3.4 1.2
v 1.3 3.6 1.4
v 1.3 3.6 1.3
v 1.3 4.1 1.4
v 1.3 4.1 1.3
v 1.3 4.1 1.2
v 1.3 4.1 -0.9
v 1.3 4.1 -1.1
v 1.3 4.2 1.3
v 1.3 4.2 1.2
v 1.3 4.2 -0.5
v 1.3 4.2 -0.6
v 1.3 4.2 -0.9
v 1.3 4.2 -1.1
v 1.3 4.3 0.5
v 1.3 4.3 0.4
v 1.3 4.3 -0.5
v 1.3 4.3 -0.6
v 1.3 4.5 0.5
v 1.3 4.5 0.4
v 1.4 2.6 1
v 1.4 2.6 0.9
v 1.4 2.7 1
v 1.4 2.7 0.9
v 1.4 3.2 1.3
v 1.4 3.2 1.2
v 1.4 3.3 1.3
v 1.4 3.3 1.2
v 1.4 3.7 0
v 1.4 3.7 -0.1
v 1.4 3.8 0
v 1.4 3.8 -0.1
v 1.4 4 -1.1
v 1.4 4 -1.2
v 1.4 4.1 -1.1
v 1.4 4.1 -1.2
v 1.4 4.3 -0.4
v 1.4 4.3 -0.5
v 1.4 4.4 -0.4
v 1.4 4.4 -0.5
v 1.4 4.5 0.1
v 1.4 4.5 -0.2
v 1.4 4.6 0.2
v 1.4 4.6 0.1
v 1.4 4.6 -0.2
v 1.4 4.7 0.2
v 1.4 4.7 0.1
v 1.5 0 1.9
v 1.5 0 -1.4
v 1.5 0.1 1.9
v 1.5 0.1 -1.4
v 1.5 2.4 0.2
v 1.5 2.4 -0.4
v 1.5 2.6 0.9
v 1.5 2.6 0.7
v 1.5 2.6 0
v 1.5 2.6 -0.1
v 1.5 2.7 1.2
v 1.5 2.7 0.9
v 1.5 2.7 0.8
v 1.5 2.7 0.7
v 1.5 2.7 0.5
v 1.5 2.7 0.2
v 1.5 2.7 0.1
v 1.5 2.7 0
v 1.5 2.8 1
v 1.5 2.8 0.8
v 1.5 2.8 0.7
v 1.5 2.8 0.5
v 1.5 2.8 0.2
v 1.5 2.8 0.1
v 1.5 2.8 0
v 1.5 2.8 -0.1
v 1.5 2.9 1.1
v 1.5 2.9 1
v 1.5 2.9 0.9
v 1.5 2.9 0.8
v 1.5 2.9 0.7
v 1.5 2.9 0.5
v 1.5 2.9 0.3
v 1.5 2.9 0.2
v 1.5 2.9 0.1
v 1.5 2.9 0
v 1.5 3 1.2
v 1.5 3 1.1
v 1.5 3 0.9
v 1.5 3 0.8
v 1.5 3 0.6
v 1.5 3 0.5
v 1.5 3 0.4
v 1.5 3 0.2
v 1.5 3 0.1
v 1.5 3.1 1.3
v 1.5 3.1 1.2
v 1.5 3.1 0.4
v 1.5 3.1 0.3
v 1.5 3.1 -0.6
v 1.5 3.1 -0.8
v 1.5 3.2 1.3
v 1.5 3.2 1.2
v 1.5 3.2 1.1
v 1.5 3.2 0.2
v 1.5 3.2 -0.1
v 1.5 3.2 -0.4
v 1.5 3.2 -0.6
v 1.5 3.2 -0.8
v 1.5 3.2 -1.1
v 1.5 3.3 0.4
v 1.5 3.3 0.3
v 1.5 3.3 0.1
v 1.5 3.3 0
v 1.5 3.3 -0.1
v 1.5 3.3 -0.2
v 1.5 3.3 -0.7
v 1.5 3.3 -0.8
v 1.5 3.4 0.7
v 1.5 3.4 0.6
v 1.5 3.4 0.5
v 1.5 3.4 0.4
v 1.5 3.4 0.3
v 1.5 3.4 0.2
v 1.5 3.4 -0.7
v 1.5 3.4 -1.1
v 1.5 3.4 -1.2
v 1.5 3.5 0.8
v 1.5 3.5 0.7
v 1.5 3.5 0.6
v 1.5 3.5 0.5
v 1.5 3.5 0.1
v 1.5 3.5 0
v 1.5 3.5 -0.1
v 1.5 3.5 -0.2
v 1.5 3.5 -0.4
v 1.5 3.5 -0.5
v 1.5 3.5 -0.7
v 1.5 3.5 -1.1
v 1.5 3.5 -1.2
v 1.5 3.6 1.2
v 1.5 3.6 0.8
v 1.5 3.6 0.6
v 1.5 3.6 0.4
v 1.5 3.6 -0.1
v 1.5 3.6 -0.2
v 1.5 3.6 -0.5
v 1.5 3.6 -0.7
v 1.5 3.6 -0.8
v 1.5 3.7 0.4
v 1.5 3.7 0.2
v 1.5 3.7 0.1
v 1.5 3.7 0
v 1.5 3.7 -0.7
v 1.5 3.7 -0.8
v 1.5 3.7 -1
v 1.5 3.8 0.1
v 1.5 3.8 0
v 1.5 3.8 -0.2
v 1.5 3.8 -0.3
v 1.5 3.8 -0.8
v 1.5 3.8 -1
v 1.5 3.8 -1.1
v 1.5 3.8 -1.2
v 1.5 3.9 -0.3
v 1.5 3.9 -0.4
v 1.5 3.9 -1
v 1.5 3.9 -1.1
v 1.5 4 -1.1
v 1.5 4 -1.2
v 1.5 4.1 -0.6
v 1.5 4.1 -1.1
v 1.5 4.2 -0.5
v 1.5 4.2 -0.6
v 1.5 4.3 -0.4
v 1.5 4.3 -0.5
v 1.5 4.5 -0.2
v 1.5 4.5 -0.3
v 1.5 4.6 -0.2
v 1.5 4.6 -0.3
v 1.6 2.6 0
v 1.6 2.6 -0.1
v 1.6 2.7 0.8
v 1.6 2.7 0.5
v 1.6 2.7 0.1
v 1.6 2.7 0
v 1.6 2.8 1
v 1.6 2.8 0.8
v 1.6 2.8 0.7
v 1.6 2.8 0.5
v 1.6 2.8 0.2
v 1.6 2.8 0.1
v 1.6 2.8 0
v 1.6 2.8 -0.1
v 1.6 2.9 1.1
v 1.6 2.9 1
v 1.6 2.9 0.9
v 1.6 2.9 0.8
v 1.6 2.9 0.7
v 1.6 2.9 0.5
v 1.6 2.9 0.3
v 1.6 2.9 0.2
v 1.6 2.9 0.1
v 1.6 2.9 0
v 1.6 3 1.2
v 1.6 3 1.1
v 1.6 3 0.9
v 1.6 3 0.8
v 1.6 3 0.6
v 1.6 3 0.5
v 1.6 3 0.4
v 1.6 3 0.2
v 1.6 3 0.1
v 1.6 3.1 0.4
v 1.6 3.1 0.3
v 1.6 3.1 0.2
v 1.6 3.2 1.2
v 1.6 3.2 1.1
v 1.6 3.2 0.4
v 1.6 3.2 0.2
v 1.6 3.2 -0.1
v 1.6 3.2 -0.4
v 1.6 3.2 -0.8
v 1.6 3.3 0.4
v 1.6 3.3 0.3
v 1.6 3.3 0.1
v 1.6 3.3 0
v 1.6 3.3 -0.7
v 1.6 3.3 -0.8
v 1.6 3.4 0.7
v 1.6 3.4 0.6
v 1.6 3.4 0.5
v 1.6 3.4 0.4
v 1.6 3.4 0.3
v 1.6 3.4 0.2
v 1.6 3.4 -0.7
v 1.6 3.4 -1.1
v 1.6 3.5 0.8
v 1.6 3.5 0.7
v 1.6 3.5 0.6
v 1.6 3.5 0.5
v 1.6 3.5 0.1
v 1.6 3.5 0
v 1.6 3.5 -0.4
v 1.6 3.5 -0.5
v 1.6 3.5 -0.7
v 1.6 3.5 -1.1
v 1.6 3.6 1.3
v 1.6 3.6 0.8
v 1.6 3.6 0.6
v 1.6 3.6 0.4
v 1.6 3.6 -0.1
v 1.6 3.6 -0.2
v 1.6 3.6 -0.5
v 1.6 3.6 -0.7
v 1.6 3.6 -0.8
v 1.6 3.7 1
v 1.6 3.7 0.8
v 1.6 3.7 0.7
v 1.6 3.7 0.6
v 1.6 3.7 0.2
v 1.6 3.7 -0.1
v 1.6 3.7 -0.7
v 1.6 3.7 -0.8
v 1.6 3.7 -1
v 1.6 3.8 1
v 1.6 3.8 0.8
v 1.6 3.8 -0.2
v 1.6 3.8 -0.3
v 1.6 3.8 -0.8
v 1.6 3.8 -1
v 1.6 3.8 -1.1
v 1.6 3.9 0.4
v 1.6 3.9 0.2
v 1.6 3.9 0.1
v 1.6 3.9 -0.1
v 1.6 3.9 -0.2
v 1.6 3.9 -0.3
v 1.6 3.9 -0.4
v 1.6 3.9 -1
v 1.6 3.9 -1.1
v 1.6 4.1 1.3
v 1.6 4.1 0.8
v 1.6 4.1 0.7
v 1.6 4.1 0.4
v 1.6 4.2 0.8
v 1.6 4.2 0.7
v 1.6 4.2 -0.2
v 1.6 4.2 -0.3
v 1.6 4.5 0.4
v 1.6 4.5 0.2
v 1.6 4.5 0.1
v 1.6 4.5 -0.3
v 1.6 4.6 0.2
v 1.6 4.6 0.1
v 1.6 4.6 -0.3
v 1.6 4.6 -0.4
v 1.7 3.1 0.4
v 1.7 3.1 0.2
v 1.7 3.2 0.4
v 1.7 3.2 0.2
v 1.7 3.7 1
v 1.7 3.7 0.8
v 1.7 3.8 1
v 1.7 3.8 0.8
v 1.7 3.8 0.7
v 1.7 3.9 0.2
v 1.7 3.9 0.1
v 1.7 3.9 -0.2
v 1.7 3.9 -0.3
v 1.7 4.1 0.8
v 1.7 4.1 0.7
v 1.7 4.2 -0.2
v 1.7 4.2 -0.3
v 1.7 4.5 0.2
v 1.7 4.5 0.1
v 1.8 3.6 0.8
v 1.8 3.6 0.6
v 1.8 3.7 0.7
v 1.8 3.7 0.6
v 1.8 3.8 0.8
v 1.8 3.8 0.7
v -1.8 0 1.9
v -1.8 0.1 1.9
v -0.4 3.4 1.9
v -0.4 3.5 1.9
v -0.2 3.4 1.9
v -0.2 3.5 1.9
v 0.4 3.4 1.9
v 0.4 3.5 1.9
v 0.5 3.4 1.9
v 0.5 3.5 1.9
v 1.5 0 1.9
v 1.5 0.1 1.9
v -1 3.6 1.8
v -1 3.8 1.8
v -0.9 2.9 1.8
v -0.9 3 1.8
v -0.9 3.3 1.8
v -0.9 3.4 1.8
v -0.9 3.5 1.8
v -0.9 3.6 1.8
v -0.9 3.7 1.8
v -0.9 3.8 1.8
v -0.8 3.6 1.8
v -0.8 3.7 1.8
v -0.7 3.4 1.8
v -0.7 3.5 1.8
v -0.6 3.5 1.8
v -0.6 3.6 1.8
v -0.5 2.9 1.8
v -0.5 3 1.8
v -0.5 3.1 1.8
v -0.4 3.4 1.8
v -0.4 3.5 1.8
v -0.3 3 1.8
v -0.3 3.1 1.8
v -0.3 3.5 1.8
v -0.3 3.6 1.8
v -0.2 3.4 1.8
v -0.2 3.5 1.8
v -0.1 3.4 1.8
v -0.1 3.5 1.8
v -1.19209e-07 3.6 1.8
v -1.19209e-07 3.8 1.8
v 0.0999999 3.5 1.8
v 0.0999999 3.8 1.8
v 0.2 3.6 1.8
v 0.2 3.8 1.8
v 0.3 3.5 1.8
v 0.3 3.6 1.8
v 0.3 3.7 1.8
v 0.3 3.8 1.8
v 0.4 3.2 1.8
v 0.4 3.3 1.8
v 0.4 3.4 1.8
v 0.4 3.5 1.8
v 0.4 3.7 1.8
v 0.5 3.3 1.8
v 0.5 3.4 1.8
v 0.5 3.5 1.8
v 0.6 3.2 1.8
v 0.6 3.3 1.8
v 0.6 3.4 1.8
v 0.6 3.5 1.8
v -1 3.5 1.7
v -1 3.6 1.7
v -0.9 3 1.7
v -0.9 3.3 1.7
v -0.9 3.4 1.7
v -0.9 3.5 1.7
v -0.9 3.6 1.7
v -0.9 3.7 1.7
v -0.9 3.8 1.7
v -0.8 3.6 1.7
v -0.8 3.7 1.7
v -0.7 3.4 1.7
v -0.7 3.5 1.7
v -0.6 3.5 1.7
v -0.6 3.6 1.7
v -0.6 3.8 1.7
v -0.6 4.1 1.7
v -0.5 2.9 1.7
v -0.5 3 1.7
v -0.5 3.1 1.7
v -0.5 3.8 1.7
v -0.5 4.1 1.7
v -0.3 3 1.7
v -0.3 3.1 1.7
v -0.3 3.5 1.7
v -0.3 3.6 1.7
v -0.1 3.4 1.7
v -0.1 3.5 1.7
v -1.19209e-07 3.6 1.7
v -1.19209e-07 3.8 1.7
v -1.19209e-07 3.9 1.7
v 0.0999999 3.5 1.7
v 0.0999999 3.8 1.7
v 0.2 3.6 1.7
v 0.2 3.8 1.7
v 0.3 3.5 1.7
v 0.3 3.6 1.7
v 0.3 3.7 1.7
v 0.3 3.8 1.7
v 0.3 3.9 1.7
v 0.4 3.2 1.7
v 0.4 3.3 1.7
v 0.4 3.4 1.7
v 0.4 3.5 1.7
v 0.4 3.7 1.7
v 0.5 3.3 1.7
v 0.5 3.4 1.7
v 0.6 2.9 1.7
v 0.6 3.1 1.7
v 0.6 3.2 1.7
v 0.6 3.3 1.7
v 0.6 3.4 1.7
v 0.6 3.5 1.7
v 0.6 3.8 1.7
v 0.7 3.1 1.7
v 0.7 3.2 1.7
v -1.5 0.1 1.6
v -1.5 0.2 1.6
v -1 2.9 1.6
v -1 3 1.6
v -1 3.4 1.6
v -1 3.5 1.6
v -0.9 2.9 1.6
v -0.9 3 1.6
v -0.9 3.4 1.6
v -0.9 3.5 1.6
v -0.8 3.8 1.6
v -0.8 3.9 1.6
v -0.6 3.8 1.6
v -0.6 3.9 1.6
v -0.5 3.9 1.6
v -0.5 4 1.6
v -0.4 3.9 1.6
v -0.4 4 1.6
v 0.0999999 3.9 1.6
v 0.0999999 4 1.6
v 0.2 3.9 1.6
v 0.2 4 1.6
v 0.6 2.9 1.6
v 0.6 3.1 1.6
v 0.6 3.4 1.6
v 0.6 3.5 1.6
v 0.7 2.9 1.6
v 0.7 3.1 1.6
v 0.7 3.4 1.6
v 0.7 3.5 1.6
v 1.2 0.1 1.6
v 1.2 0.2 1.6
v -1 3.3 1.5
v -1 3.4 1.5
v -1 3.7 1.5
v -1 3.8 1.5
v -0.9 3.3 1.5
v -0.9 3.4 1.5
v -0.9 3.7 1.5
v -0.9 3.8 1.5
v -0.8 2.8 1.5
v -0.8 2.9 1.5
v -0.7 2.8 1.5
v -0.7 2.9 1.5
v -0.7 3.9 1.5
v -0.7 4 1.5
v -0.6 3.9 1.5
v -0.6 4 1.5
v -0.5 3.8 1.5
v -0.5 3.9 1.5
v -0.4 3.8 1.5
v -0.4 3.9 1.5
v 0.3 3.8 1.5
v 0.3 3.9 1.5
v 0.4 3.8 1.5
v 0.4 3.9 1.5
v 0.6 2.8 1.5
v 0.6 2.9 1.5
v 0.7 2.8 1.5
v 0.7 2.9 1.5
v -1 3.2 1.4
v -1 3.3 1.4
v -0.9 3.2 1.4
v -0.9 3.3 1.4
v -0.7 4 1.4
v -0.7 4.1 1.4
v -0.6 4 1.4
v -0.6 4.1 1.4
v -0.3 2.8 1.4
v -0.3 2.9 1.4
v -0.2 2.8 1.4
v -0.2 2.9 1.4
v 0.5 2.6 1.4
v 0.5 2.9 1.4
v 0.6 2.6 1.4
v 0.6 2.8 1.4
v 0.6 2.9 1.4
v 0.8 0.2 1.4
v 0.8 0.3 1.4
v 0.9 0.2 1.4
v 0.9 0.3 1.4
v 0.9 3.8 1.4
v 0.9 4.1 1.4
v 1 3.8 1.4
v 1 4.1 1.4
v 1.1 3.3 1.4
v 1.1 3.5 1.4
v 1.2 3.4 1.4
v 1.2 3.5 1.4
v 1.2 3.6 1.4
v 1.2 4.1 1.4
v 1.3 3.3 1.4
v 1.3 3.4 1.4
v 1.3 3.6 1.4
v 1.3 4.1 1.4
v -1.2 0.2 1.3
v -1.2 0.3 1.3
v -1 0.2 1.3
v -1 0.3 1.3
v -1 3.1 1.3
v -1 3.2 1.3
v -0.9 3.1 1.3
v -0.9 3.2 1.3
v -0.6 0.2 1.3
v -0.6 0.4 1.3
v -0.5 0.2 1.3
v -0.5 0.4 1.3
v -0.2 2.8 1.3
v -0.2 2.9 1.3
v -0.1 2.4 1.3
v -0.1 2.6 1.3
v -1.19209e-07 2.4 1.3
v -1.19209e-07 2.5 1.3
v 0.2 2.7 1.3
v 0.2 2.8 1.3
v 0.2 2.9 1.3
v 0.3 2.5 1.3
v 0.3 2.6 1.3
v 0.3 2.7 1.3
v 0.5 2.6 1.3
v 0.5 2.8 1.3
v 0.6 0.2 1.3
v 0.6 0.4 1.3
v 0.6 2.6 1.3
v 0.6 2.7 1.3
v 0.6 2.9 1.3
v 0.6 3 1.3
v 0.7 0.3 1.3
v 0.7 0.4 1.3
v 0.7 2.9 1.3
v 0.7 3 1.3
v 0.8 0.2 1.3
v 0.8 0.3 1.3
v 0.8 3.6 1.3
v 0.8 3.8 1.3
v 0.9 3.2 1.3
v 0.9 3.4 1.3
v 0.9 3.8 1.3
v 1 2.5 1.3
v 1 2.6 1.3
v 1 3.2 1.3
v 1 3.3 1.3
v 1 3.8 1.3
v 1 4.1 1.3
v 1.1 2.5 1.3
v 1.1 2.7 1.3
v 1.1 3.3 1.3
v 1.1 3.4 1.3
v 1.1 3.5 1.3
v 1.1 3.6 1.3
v 1.1 4.1 1.3
v 1.1 4.2 1.3
v 1.2 3.2 1.3
v 1.2 3.3 1.3
v 1.2 3.5 1.3
v 1.2 3.6 1.3
v 1.2 4.1 1.3
v 1.3 3.3 1.3
v 1.3 3.6 1.3
v 1.3 4.1 1.3
v 1.3 4.2 1.3
v 1.4 3.1 1.3
v 1.4 3.2 1.3
v 1.4 3.3 1.3
v 1.5 3.1 1.3
v 1.5 3.2 1.3
v 1.6 3.6 1.3
v 1.6 4.1 1.3
v -1.5 3.1 1.2
v -1.5 3.4 1.2
v -1.4 2.6 1.2
v -1.4 2.7 1.2
v -1.4 2.9 1.2
v -1.4 3.1 1.2
v -1.4 3.3 1.2
v -1.4 3.4 1.2
v -1.3 2.5 1.2
v -1.3 2.6 1.2
v -1.3 2.7 1.2
v -1.3 2.8 1.2
v -1.3 3 1.2
v -1.3 3.2 1.2
v -1.2 2.5 1.2
v -1.2 2.7 1.2
v -1.2 2.9 1.2
v -1.2 3 1.2
v -1.1 0.3 1.2
v -1.1 0.5 1.2
v -1 0.3 1.2
v -1 0.5 1.2
v -1 2.7 1.2
v -1 2.8 1.2
v -1 2.9 1.2
v -1 3.2 1.2
v -1 3.3 1.2
v -0.9 2.9 1.2
v -0.9 3.8 1.2
v -0.9 3.9 1.2
v -0.8 2.8 1.2
v -0.8 2.9 1.2
v -0.8 3.8 1.2
v -0.8 3.9 1.2
v -0.5 0.2 1.2
v -0.5 0.4 1.2
v -0.5 2.4 1.2
v -0.5 2.9 1.2
v -0.4 0.2 1.2
v -0.4 0.4 1.2
v -0.4 4.2 1.2
v -0.4 4.3 1.2
v -0.3 0.2 1.2
v -0.3 0.3 1.2
v -0.3 2.3 1.2
v -0.3 2.4 1.2
v -0.3 2.8 1.2
v -0.3 2.9 1.2
v -0.3 3.8 1.2
v -0.3 3.9 1.2
v -0.3 4 1.2
v -0.3 4.1 1.2
v -0.2 0.2 1.2
v -0.2 0.3 1.2
v -0.2 3.8 1.2
v -0.2 3.9 1.2
v -0.2 4.2 1.2
v -0.2 4.3 1.2
v -0.1 2.3 1.2
v -0.1 2.4 1.2
v -0.1 2.6 1.2
v -0.1 3.8 1.2
v -0.1 3.9 1.2
v -1.19209e-07 2.4 1.2
v -1.19209e-07 2.5 1.2
v -1.19209e-07 3.8 1.2
v -1.19209e-07 3.9 1.2
v -1.19209e-07 4 1.2
v -1.19209e-07 4.1 1.2
v 0.2 2.7 1.2
v 0.2 2.8 1.2
v 0.2 2.9 1.2
v 0.3 2.5 1.2
v 0.3 2.6 1.2
v 0.3 2.7 1.2
v 0.4 3.8 1.2
v 0.4 3.9 1.2
v 0.5 2.8 1.2
v 0.5 2.9 1.2
v 0.6 0.4 1.2
v 0.6 0.5 1.2
v 0.6 2.3 1.2
v 0.6 2.4 1.2
v 0.6 2.7 1.2
v 0.6 2.9 1.2
v 0.6 3.5 1.2
v 0.6 3.6 1.2
v 0.6 3.7 1.2
v 0.6 3.8 1.2
v 0.6 3.9 1.2
v 0.7 0.3 1.2
v 0.7 0.4 1.2
v 0.7 2.3 1.2
v 0.7 2.4 1.2
v 0.7 2.9 1.2
v 0.7 3.1 1.2
v 0.7 3.3 1.2
v 0.7 3.5 1.2
v 0.7 3.6 1.2
v 0.7 3.7 1.2
v 0.7 3.8 1.2
v 0.8 0.3 1.2
v 0.8 0.5 1.2
v 0.8 3.1 1.2
v 0.8 3.2 1.2
v 0.8 3.5 1.2
v 0.8 3.6 1.2
v 0.8 3.7 1.2
v 0.9 2.9 1.2
v 0.9 3.2 1.2
v 0.9 3.3 1.2
v 0.9 3.4 1.2
v 0.9 3.6 1.2
v 0.9 4.1 1.2
v 0.9 4.2 1.2
v 1 2.5 1.2
v 1 2.6 1.2
v 1 3.2 1.2
v 1 3.3 1.2
v 1 4.1 1.2
v 1 4.2 1.2
v 1.1 2.4 1.2
v 1.1 2.5 1.2
v 1.1 2.7 1.2
v 1.1 3.4 1.2
v 1.1 3.6 1.2
v 1.2 2.5 1.2
v 1.2 2.7 1.2
v 1.2 3.2 1.2
v 1.2 3.3 1.2
v 1.2 3.4 1.2
v 1.2 3.6 1.2
v 1.3 3.3 1.2
v 1.3 3.4 1.2
v 1.4 3.1 1.2
v 1.4 3.2 1.2
v 1.4 3.3 1.2
v 1.5 2.7 1.2
v 1.5 3 1.2
v 1.5 3.1 1.2
v 1.5 3.2 1.2
v 1.5 3.6 1.2
v 1.6 3 1.2
v 1.6 3.2 1.2
v -1.6 2.6 1.1
v -1.6 3.3 1.1
v -1.5 3.1 1.1
v -1.5 3.3 1.1
v -1.5 3.4 1.1
v -1.5 3.7 1.1
v -1.4 2.6 1.1
v -1.4 2.7 1.1
v -1.4 2.9 1.1
v -1.4 3.1 1.1
v -1.4 3.3 1.1
v -1.4 3.4 1.1
v -1.4 3.7 1.1
v -1.3 2.7 1.1
v -1.3 2.8 1.1
v -1.3 3 1.1
v -1.3 3.2 1.1
v -1.3 3.3 1.1
v -1.3 3.4 1.1
v -1.2 2.6 1.1
v -1.2 2.7 1.1
v -1.2 2.9 1.1
v -1.2 3 1.1
v -1.1 4.1 1.1
v -1.1 4.2 1.1
v -1.1 4.5 1.1
v -1.1 4.6 1.1
v -1 2.7 1.1
v -1 2.8 1.1
v -1 2.9 1.1
v -1 3.1 1.1
v -1 3.2 1.1
v -1 3.3 1.1
v -0.9 2.9 1.1
v -0.9 3.1 1.1
v -0.9 3.2 1.1
v -0.9 3.3 1.1
v -0.9 3.9 1.1
v -0.9 4.1 1.1
v -0.9 4.4 1.1
v -0.9 4.5 1.1
v -0.9 4.6 1.1
v -0.8 3.8 1.1
v -0.8 3.9 1.1
v -0.8 4.5 1.1
v -0.8 4.7 1.1
v -0.7 2.8 1.1
v -0.7 2.9 1.1
v -0.7 4 1.1
v -0.7 4.1 1.1
v -0.7 4.3 1.1
v -0.7 4.4 1.1
v -0.7 4.5 1.1
v -0.6 3.8 1.1
v -0.6 4 1.1
v -0.6 4.4 1.1
v -0.6 4.5 1.1
v -0.6 4.6 1.1
v -0.6 4.7 1.1
v -0.5 2.6 1.1
v -0.5 2.9 1.1
v -0.5 3.8 1.1
v -0.5 3.9 1.1
v -0.5 4.1 1.1
v -0.5 4.5 1.1
v -0.5 4.6 1.1
v -0.4 0.5 1.1
v -0.4 0.8 1.1
v -0.4 3.8 1.1
v -0.4 3.9 1.1
v -0.4 4 1.1
v -0.4 4.1 1.1
v -0.4 4.2 1.1
v -0.4 4.3 1.1
v -0.4 4.4 1.1
v -0.4 4.5 1.1
v -0.3 0.5 1.1
v -0.3 0.8 1.1
v -0.3 3.9 1.1
v -0.3 4 1.1
v -0.3 4.1 1.1
v -0.3 4.2 1.1
v -0.3 4.3 1.1
v -0.3 4.4 1.1
v -0.3 4.7 1.1
v -0.3 4.8 1.1
v -0.2 1.3 1.1
v -0.2 1.4 1.1
v -0.2 3.8 1.1
v -0.2 3.9 1.1
v -0.2 4.1 1.1
v -0.2 4.2 1.1
v -0.2 4.3 1.1
v -0.1 1.3 1.1
v -0.1 1.4 1.1
v -0.1 3.8 1.1
v -0.1 3.9 1.1
v -0.1 4 1.1
v -0.1 4.1 1.1
v -0.1 4.2 1.1
v -0.1 4.3 1.1
v -0.1 4.5 1.1
v -0.1 4.7 1.1
v -0.1 4.8 1.1
v -1.19209e-07 4 1.1
v -1.19209e-07 4.1 1.1
v -1.19209e-07 4.5 1.1
v -1.19209e-07 4.7 1.1
v 0.2 3.9 1.1
v 0.2 4 1.1
v 0.2 4.1 1.1
v 0.2 4.2 1.1
v 0.3 4 1.1
v 0.3 4.1 1.1
v 0.4 0.2 1.1
v 0.4 0.4 1.1
v 0.4 3.9 1.1
v 0.5 2.3 1.1
v 0.5 2.4 1.1
v 0.5 3.9 1.1
v 0.5 4 1.1
v 0.6 0.2 1.1
v 0.6 0.4 1.1
v 0.6 2.3 1.1
v 0.6 2.4 1.1
v 0.6 3 1.1
v 0.6 3.4 1.1
v 0.6 3.6 1.1
v 0.6 3.7 1.1
v 0.6 3.8 1.1
v 0.6 3.9 1.1
v 0.7 3 1.1
v 0.7 3.1 1.1
v 0.7 3.3 1.1
v 0.7 3.4 1.1
v 0.7 3.5 1.1
v 0.7 3.6 1.1
v 0.7 3.7 1.1
v 0.7 3.8 1.1
v 0.8 3.1 1.1
v 0.8 3.2 1.1
v 0.8 3.5 1.1
v 0.8 3.6 1.1
v 0.8 3.7 1.1
v 0.8 3.8 1.1
v 0.9 3.1 1.1
v 0.9 3.2 1.1
v 0.9 3.3 1.1
v 0.9 3.6 1.1
v 0.9 3.8 1.1
v 0.9 3.9 1.1
v 0.9 4.2 1.1
v 0.9 4.3 1.1
v 1 4.1 1.1
v 1 4.2 1.1
v 1 4.3 1.1
v 1.1 4.1 1.1
v 1.1 4.2 1.1
v 1.5 2.9 1.1
v 1.5 3 1.1
v 1.6 2.9 1.1
v 1.6 3 1.1
v -1.6 3.3 1
v -1.6 3.4 1
v -1.6 3.6 1
v -1.6 3.9 1
v -1.5 3.3 1
v -1.5 3.4 1
v -1.5 3.6 1
v -1.5 3.7 1
v -1.5 3.9 1
v -1.5 4.1 1
v -1.4 2.5 1
v -1.4 2.6 1
v -1.4 3.4 1
v -1.4 3.7 1
v -1.3 2.5 1
v -1.3 2.6 1
v -1.3 3.3 1
v -1.3 3.4 1
v -1.2 4.5 1
v -1.2 4.6 1
v -1.1 4.1 1
v -1.1 4.2 1
v -1.1 4.5 1
v -1.1 4.6 1
v -1.1 4.8 1
v -1 0.2 1
v -1 0.4 1
v -0.9 0.2 1
v -0.9 0.4 1
v -0.9 3.3 1
v -0.9 4.1 1
v -0.9 4.4 1
v -0.9 4.5 1
v -0.9 4.6 1
v -0.8 4.5 1
v -0.8 4.7 1
v -0.7 4.3 1
v -0.7 4.4 1
v -0.7 4.5 1
v -0.6 4.4 1
v -0.6 4.5 1
v -0.6 4.6 1
v -0.6 4.7 1
v -0.5 0.4 1
v -0.5 0.6 1
v -0.5 0.7 1
v -0.5 0.8 1
v -0.5 3.9 1
v -0.5 4.1 1
v -0.5 4.5 1
v -0.5 4.6 1
v -0.4 0.3 1
v -0.4 0.4 1
v -0.4 0.5 1
v -0.4 0.6 1
v -0.4 0.7 1
v -0.4 0.8 1
v -0.4 0.9 1
v -0.4 1.3 1
v -0.4 1.4 1
v -0.4 2.3 1
v -0.4 2.4 1
v -0.4 3.8 1
v -0.4 3.9 1
v -0.4 4 1
v -0.4 4.1 1
v -0.4 4.2 1
v -0.4 4.3 1
v -0.4 4.4 1
v -0.4 4.5 1
v -0.4 4.8 1
v -0.4 4.9 1
v -0.3 0.3 1
v -0.3 0.4 1
v -0.3 0.5 1
v -0.3 0.6 1
v -0.3 0.8 1
v -0.3 0.9 1
v -0.3 1.2 1
v -0.3 1.4 1
v -0.3 1.5 1
v -0.3 2.3 1
v -0.3 2.4 1
v -0.3 3.9 1
v -0.3 4 1
v -0.3 4.1 1
v -0.3 4.2 1
v -0.3 4.3 1
v -0.3 4.4 1
v -0.3 4.7 1
v -0.3 4.8 1
v -0.3 4.9 1
v -0.2 0.3 1
v -0.2 0.4 1
v -0.2 0.5 1
v -0.2 0.6 1
v -0.2 0.7 1
v -0.2 1.1 1
v -0.2 1.2 1
v -0.2 1.3 1
v -0.2 1.4 1
v -0.2 2.2 1
v -0.2 2.3 1
v -0.2 2.4 1
v -0.2 3.8 1
v -0.2 3.9 1
v -0.2 4.1 1
v -0.2 4.2 1
v -0.1 0.4 1
v -0.1 0.5 1
v -0.1 0.6 1
v -0.1 0.7 1
v -0.1 1.1 1
v -0.1 1.3 1
v -0.1 1.4 1
v -0.1 1.5 1
v -0.1 1.6 1
v -0.1 3.8 1
v -0.1 4 1
v -0.1 4.1 1
v -0.1 4.2 1
v -0.1 4.3 1
v -0.1 4.5 1
v -0.1 4.7 1
v -0.1 4.8 1
v -1.19209e-07 0.2 1
v -1.19209e-07 0.4 1
v -1.19209e-07 0.5 1
v -1.19209e-07 0.6 1
v -1.19209e-07 0.9 1
v -1.19209e-07 1.1 1
v -1.19209e-07 4.3 1
v -1.19209e-07 4.5 1
v -1.19209e-07 4.7 1
v -1.19209e-07 4.8 1
v 0.0999999 0.5 1
v 0.0999999 0.9 1
v 0.0999999 1 1
v 0.0999999 1.1 1
v 0.0999999 1.5 1
v 0.0999999 1.6 1
v 0.2 0.3 1
v 0.2 1 1
v 0.2 3.9 1
v 0.2 4 1
v 0.2 4.1 1
v 0.2 4.2 1
v 0.3 0.3 1
v 0.3 0.4 1
v 0.3 4 1
v 0.3 4.1 1
v 0.4 0.2 1
v 0.4 0.4 1
v 0.4 3.8 1
v 0.4 3.9 1
v 0.4 4.3 1
v 0.4 4.5 1
v 0.5 2.3 1
v 0.5 2.4 1
v 0.5 4 1
v 0.5 4.2 1
v 0.6 2.3 1
v 0.6 2.4 1
v 0.6 2.9 1
v 0.6 3 1
v 0.6 3.9 1
v 0.6 4.2 1
v 0.6 4.3 1
v 0.6 4.5 1
v 0.7 2.1 1
v 0.7 2.2 1
v 0.7 3 1
v 0.7 3.1 1
v 0.7 3.9 1
v 0.7 4.3 1
v 0.8 4.1 1
v 0.8 4.4 1
v 0.9 2.1 1
v 0.9 2.2 1
v 0.9 2.9 1
v 0.9 3.1 1
v 0.9 4.1 1
v 0.9 4.3 1
v 0.9 4.4 1
v 1 4.2 1
v 1 4.3 1
v 1.1 2.2 1
v 1.1 2.4 1
v 1.1 4.2 1
v 1.1 4.3 1
v 1.2 2.6 1
v 1.2 2.7 1
v 1.4 2.6 1
v 1.4 2.7 1
v 1.5 2.8 1
v 1.5 2.9 1
v 1.6 2.8 1
v 1.6 2.9 1
v 1.6 3.7 1
v 1.6 3.8 1
v 1.7 3.7 1
v 1.7 3.8 1
v -1.6 4.1 0.9
v -1.6 4.2 0.9
v -1.5 4.1 0.9
v -1.2 0.2 0.9
v -1.2 0.3 0.9
v -1.1 4.1 0.9
v -1.1 4.2 0.9
v -1 0.2 0.9
v -1 0.3 0.9
v -0.9 0.2 0.9
v -0.9 0.4 0.9
v -0.8 0.2 0.9
v -0.8 0.4 0.9
v -0.8 0.9 0.9
v -0.8 1.1 0.9
v -0.7 0.5 0.9
v -0.7 0.6 0.9
v -0.7 1.1 0.9
v -0.7 1.3 0.9
v -0.6 0.3 0.9
v -0.6 0.5 0.9
v -0.6 0.9 0.9
v -0.6 1.2 0.9
v -0.6 1.3 0.9
v -0.6 1.4 0.9
v -0.6 2.3 0.9
v -0.6 2.4 0.9
v -0.5 0.3 0.9
v -0.5 0.6 0.9
v -0.5 0.9 0.9
v -0.5 1.2 0.9
v -0.5 1.3 0.9
v -0.5 1.4 0.9
v -0.5 4.8 0.9
v -0.5 4.9 0.9
v -0.4 0.2 0.9
v -0.4 0.3 0.9
v -0.4 0.9 0.9
v -0.4 1.3 0.9
v -0.4 1.4 0.9
v -0.4 2.3 0.9
v -0.4 2.4 0.9
v -0.4 2.5 0.9
v -0.4 2.6 0.9
v -0.4 4.8 0.9
v -0.4 4.9 0.9
v -0.3 0.2 0.9
v -0.3 0.3 0.9
v -0.3 0.4 0.9
v -0.3 0.6 0.9
v -0.3 0.9 0.9
v -0.3 1.2 0.9
v -0.3 1.4 0.9
v -0.3 1.5 0.9
v -0.3 2.3 0.9
v -0.3 2.5 0.9
v -0.2 0.2 0.9
v -0.2 0.4 0.9
v -0.2 0.5 0.9
v -0.2 0.6 0.9
v -0.2 0.7 0.9
v -0.2 1.1 0.9
v -0.2 1.2 0.9
v -0.2 1.3 0.9
v -0.2 2.2 0.9
v -0.2 2.6 0.9
v -0.1 0.4 0.9
v -0.1 0.5 0.9
v -0.1 0.6 0.9
v -0.1 0.7 0.9
v -0.1 1.1 0.9
v -0.1 1.5 0.9
v -0.1 1.6 0.9
v -1.19209e-07 0.2 0.9
v -1.19209e-07 0.4 0.9
v -1.19209e-07 0.5 0.9
v -1.19209e-07 0.6 0.9
v -1.19209e-07 0.9 0.9
v -1.19209e-07 1.1 0.9
v -1.19209e-07 4.3 0.9
v -1.19209e-07 4.4 0.9
v 0.0999999 0.5 0.9
v 0.0999999 0.9 0.9
v 0.0999999 1.1 0.9
v 0.0999999 1.5 0.9
v 0.0999999 1.6 0.9
v 0.0999999 1.7 0.9
v 0.0999999 2.2 0.9
v 0.2 0.3 0.9
v 0.2 0.8 0.9
v 0.2 1.5 0.9
v 0.2 1.6 0.9
v 0.2 2.9 0.9
v 0.2 3.1 0.9
v 0.2 4.4 0.9
v 0.2 4.5 0.9
v 0.3 0.3 0.9
v 0.3 0.4 0.9
v 0.3 0.6 0.9
v 0.3 0.7 0.9
v 0.3 0.8 0.9
v 0.3 1.6 0.9
v 0.3 1.7 0.9
v 0.4 0.3 0.9
v 0.4 0.4 0.9
v 0.4 0.6 0.9
v 0.4 0.7 0.9
v 0.4 0.8 0.9
v 0.4 4.3 0.9
v 0.4 4.5 0.9
v 0.5 0.3 0.9
v 0.5 0.4 0.9
v 0.5 0.7 0.9
v 0.5 0.8 0.9
v 0.5 2.9 0.9
v 0.5 3 0.9
v 0.5 3.8 0.9
v 0.5 4.2 0.9
v 0.6 3 0.9
v 0.6 3.1 0.9
v 0.6 3.8 0.9
v 0.6 4.2 0.9
v 0.6 4.3 0.9
v 0.6 4.5 0.9
v 0.7 3.8 0.9
v 0.7 4.3 0.9
v 0.7 4.4 0.9
v 0.7 4.5 0.9
v 0.8 4.1 0.9
v 0.8 4.4 0.9
v 0.8 4.5 0.9
v 0.9 3.8 0.9
v 0.9 4.1 0.9
v 0.9 4.3 0.9
v 0.9 4.4 0.9
v 0.9 4.5 0.9
v 1.1 4.3 0.9
v 1.1 4.4 0.9
v 1.4 2.6 0.9
v 1.4 2.7 0.9
v 1.5 2.6 0.9
v 1.5 2.7 0.9
v -1.7 3.4 0.8
v -1.7 3.5 0.8
v -1.6 3.1 0.8
v -1.6 3.3 0.8
v -1.6 3.4 0.8
v -1.6 3.5 0.8
v -1.6 3.8 0.8
v -1.6 3.9 0.8
v -1.6 4.1 0.8
v -1.6 4.2 0.8
v -1.6 4.3 0.8
v -1.5 3.1 0.8
v -1.5 3.3 0.8
v -1.5 3.4 0.8
v -1.5 3.8 0.8
v -1.5 3.9 0.8
v -1.5 4.1 0.8
v -1.2 4.4 0.8
v -1.2 4.5 0.8
v -1.1 4.2 0.8
v -1.1 4.3 0.8
v -1.1 4.4 0.8
v -1.1 4.5 0.8
v -0.8 0.2 0.8
v -0.8 0.4 0.8
v -0.8 0.7 0.8
v -0.8 0.8 0.8
v -0.8 0.9 0.8
v -0.7 0.2 0.8
v -0.7 0.4 0.8
v -0.7 0.5 0.8
v -0.7 0.6 0.8
v -0.7 0.7 0.8
v -0.7 0.8 0.8
v -0.7 1.3 0.8
v -0.7 1.6 0.8
v -0.7 2.2 0.8
v -0.7 2.4 0.8
v -0.6 0.2 0.8
v -0.6 0.3 0.8
v -0.6 0.4 0.8
v -0.6 0.5 0.8
v -0.6 0.9 0.8
v -0.6 1.2 0.8
v -0.6 1.3 0.8
v -0.6 1.4 0.8
v -0.6 1.6 0.8
v -0.6 2.2 0.8
v -0.6 2.3 0.8
v -0.6 2.4 0.8
v -0.6 2.7 0.8
v -0.6 4.8 0.8
v -0.6 4.9 0.8
v -0.5 0.2 0.8
v -0.5 0.3 0.8
v -0.5 0.4 0.8
v -0.5 0.6 0.8
v -0.5 0.9 0.8
v -0.5 1.2 0.8
v -0.5 1.3 0.8
v -0.5 1.4 0.8
v -0.5 4.8 0.8
v -0.5 4.9 0.8
v -0.4 0.4 0.8
v -0.4 0.9 0.8
v -0.4 1.3 0.8
v -0.4 2.3 0.8
v -0.4 2.4 0.8
v -0.4 2.7 0.8
v 0.0999999 1 0.8
v 0.0999999 1.5 0.8
v 0.0999999 1.7 0.8
v 0.0999999 2.2 0.8
v 0.2 0.8 0.8
v 0.2 1 0.8
v 0.2 1.5 0.8
v 0.2 1.6 0.8
v 0.3 0.4 0.8
v 0.3 0.6 0.8
v 0.3 0.7 0.8
v 0.3 0.8 0.8
v 0.3 0.9 0.8
v 0.3 1.6 0.8
v 0.3 1.7 0.8
v 0.3 2.2 0.8
v 0.4 0.6 0.8
v 0.4 0.7 0.8
v 0.4 0.8 0.8
v 0.4 1.6 0.8
v 0.4 1.7 0.8
v 0.5 0.3 0.8
v 0.5 0.4 0.8
v 0.5 0.7 0.8
v 0.5 0.8 0.8
v 0.5 0.9 0.8
v 0.6 0.3 0.8
v 0.6 0.4 0.8
v 0.7 4.4 0.8
v 0.7 4.5 0.8
v 0.7 4.6 0.8
v 0.8 4.4 0.8
v 0.8 4.5 0.8
v 0.8 4.6 0.8
v 1.1 4.2 0.8
v 1.1 4.3 0.8
v 1.2 4.2 0.8
v 1.2 4.3 0.8
v 1.3 4.1 0.8
v 1.3 4.2 0.8
v 1.5 2.7 0.8
v 1.5 2.8 0.8
v 1.5 2.9 0.8
v 1.5 3 0.8
v 1.5 3.5 0.8
v 1.5 3.6 0.8
v 1.6 2.7 0.8
v 1.6 2.8 0.8
v 1.6 2.9 0.8
v 1.6 3 0.8
v 1.6 3.5 0.8
v 1.6 3.6 0.8
v 1.6 3.7 0.8
v 1.6 3.8 0.8
v 1.6 4.1 0.8
v 1.6 4.2 0.8
v 1.7 3.7 0.8
v 1.7 3.8 0.8
v 1.7 4.1 0.8
v 1.8 3.6 0.8
v 1.8 3.8 0.8
v -1.7 4.1 0.7
v -1.7 4.2 0.7
v -1.6 4.1 0.7
v -1.6 4.2 0.7
v -1.1 2.7 0.7
v -1.1 2.8 0.7
v -1 0.2 0.7
v -1 0.3 0.7
v -1 0.4 0.7
v -1 2.7 0.7
v -1 2.8 0.7
v -0.9 0.2 0.7
v -0.9 0.4 0.7
v -0.9 0.7 0.7
v -0.8 0.4 0.7
v -0.8 0.7 0.7
v -0.8 0.8 0.7
v -0.8 1.6 0.7
v -0.8 1.7 0.7
v -0.7 0.2 0.7
v -0.7 0.4 0.7
v -0.7 0.7 0.7
v -0.7 0.8 0.7
v -0.7 1.6 0.7
v -0.7 1.7 0.7
v -0.7 2.2 0.7
v -0.7 2.4 0.7
v -0.7 2.8 0.7
v -0.6 0.2 0.7
v -0.6 0.4 0.7
v -0.6 1.6 0.7
v -0.6 2.2 0.7
v -0.6 2.4 0.7
v -0.6 2.8 0.7
v 0.3 0.9 0.7
v 0.3 1.6 0.7
v 0.3 1.7 0.7
v 0.3 2.2 0.7
v 0.4 0.9 0.7
v 0.4 1.6 0.7
v 0.4 1.7 0.7
v 0.4 2.2 0.7
v 0.5 0.2 0.7
v 0.5 0.3 0.7
v 0.5 1.6 0.7
v 0.5 1.7 0.7
v 0.6 0.3 0.7
v 0.6 0.4 0.7
v 0.7 0.3 0.7
v 0.7 0.4 0.7
v 0.8 0.2 0.7
v 0.8 0.3 0.7
v 0.8 2.1 0.7
v 0.8 2.2 0.7
v 0.9 2.1 0.7
v 0.9 2.2 0.7
v 1.5 3.4 0.7
v 1.5 3.5 0.7
v 1.6 3.4 0.7
v 1.6 3.5 0.7
v -1.7 3.5 0.6
v -1.7 3.6 0.6
v -1.6 2.4 0.6
v -1.6 2.5 0.6
v -1.6 2.9 0.6
v -1.6 3 0.6
v -1.6 3.5 0.6
v -1.6 3.6 0.6
v -1.5 2.5 0.6
v -1.5 2.6 0.6
v -1.5 2.9 0.6
v -1.5 3 0.6
v -1.4 2.4 0.6
v -1.4 2.5 0.6
v -1.3 2.6 0.6
v -1.3 2.7 0.6
v -1.2 2.4 0.6
v -1.2 2.5 0.6
v -1.1 2.7 0.6
v -1 2.4 0.6
v -1 2.7 0.6
v -1 2.8 0.6
v -0.9 0.3 0.6
v -0.9 0.4 0.6
v -0.9 2.7 0.6
v -0.9 2.8 0.6
v -0.8 0.3 0.6
v -0.8 0.4 0.6
v -0.8 2.3 0.6
v -0.8 2.4 0.6
v -0.7 2.3 0.6
v -0.7 2.4 0.6
v -0.7 4.8 0.6
v -0.7 4.9 0.6
v -0.6 4.8 0.6
v -0.6 4.9 0.6
v 0.4 0.5 0.6
v 0.4 0.6 0.6
v 0.4 1.7 0.6
v 0.4 1.8 0.6
v 0.5 0.4 0.6
v 0.5 0.5 0.6
v 0.5 0.6 0.6
v 0.5 0.8 0.6
v 0.5 1.7 0.6
v 0.5 1.8 0.6
v 0.6 0.4 0.6
v 0.6 0.8 0.6
v 0.8 4.4 0.6
v 0.8 4.5 0.6
v 0.9 2.1 0.6
v 0.9 2.2 0.6
v 0.9 4.4 0.6
v 0.9 4.5 0.6
v 1 2.1 0.6
v 1 2.2 0.6
v 1.5 3 0.6
v 1.5 3.4 0.6
v 1.6 3 0.6
v 1.6 3.4 0.6
v -1.7 3.6 0.5
v -1.7 3.7 0.5
v -1.7 4 0.5
v -1.7 4.1 0.5
v -1.6 2.5 0.5
v -1.6 2.8 0.5
v -1.6 3 0.5
v -1.6 3.1 0.5
v -1.6 3.6 0.5
v -1.6 3.7 0.5
v -1.6 4 0.5
v -1.6 4.1 0.5
v -1.5 2.5 0.5
v -1.5 2.6 0.5
v -1.5 3 0.5
v -1.5 3.1 0.5
v -1.4 2.4 0.5
v -1.4 2.5 0.5
v -1.3 2.6 0.5
v -1.3 2.7 0.5
v -1.2 2.4 0.5
v -1.2 2.5 0.5
v -1.2 4.3 0.5
v -1.2 4.4 0.5
v -1.1 0.4 0.5
v -1.1 0.5 0.5
v -1.1 2.3 0.5
v -1.1 2.4 0.5
v -1.1 2.7 0.5
v -1.1 2.8 0.5
v -1.1 4.3 0.5
v -1.1 4.4 0.5
v -1 2.4 0.5
v -1 2.7 0.5
v -0.9 0.4 0.5
v -0.9 0.5 0.5
v -0.9 0.6 0.5
v -0.9 0.9 0.5
v -0.9 1.7 0.5
v -0.9 1.8 0.5
v -0.9 2.3 0.5
v -0.9 2.4 0.5
v -0.9 2.7 0.5
v -0.9 2.8 0.5
v -0.9 4.8 0.5
v -0.9 4.9 0.5
v -0.8 0.7 0.5
v -0.8 0.9 0.5
v -0.8 1.6 0.5
v -0.8 1.7 0.5
v -0.8 1.8 0.5
v -0.8 2.3 0.5
v -0.8 2.4 0.5
v -0.8 2.8 0.5
v -0.7 0.6 0.5
v -0.7 0.7 0.5
v -0.7 0.9 0.5
v -0.7 1.6 0.5
v -0.7 1.7 0.5
v -0.7 2.3 0.5
v -0.7 2.4 0.5
v -0.7 2.8 0.5
v -0.7 4.8 0.5
v -0.7 4.9 0.5
v 0.4 0.9 0.5
v 0.4 1.7 0.5
v 0.4 1.8 0.5
v 0.4 2.2 0.5
v 0.5 0.8 0.5
v 0.5 0.9 0.5
v 0.5 1 0.5
v 0.5 1.7 0.5
v 0.5 1.8 0.5
v 0.5 2.2 0.5
v 0.6 0.8 0.5
v 0.6 1 0.5
v 0.6 1.7 0.5
v 0.6 1.8 0.5
v 0.9 4.4 0.5
v 0.9 4.5 0.5
v 1 4.4 0.5
v 1 4.5 0.5
v 1.2 4.3 0.5
v 1.2 4.5 0.5
v 1.3 4.3 0.5
v 1.3 4.5 0.5
v -1.7 2.4 0.4
v -1.7 2.5 0.4
v -1.7 3.2 0.4
v -1.7 3.5 0.4
v -1.6 2.4 0.4
v -1.6 2.5 0.4
v -1.6 3.2 0.4
v -1.6 3.5 0.4
v -1.3 4.3 0.4
v -1.3 4.4 0.4
v -1.2 4.3 0.4
v -1.2 4.4 0.4
v -1 4.8 0.4
v -1 4.9 0.4
v -0.9 4.8 0.4
v -0.9 4.9 0.4
v 0.6 0.9 0.4
v 0.6 1 0.4
v 0.7 0.9 0.4
v 0.7 1 0.4
v 1 4.4 0.4
v 1 4.5 0.4
v 1 4.6 0.4
v 1.1 4.1 0.4
v 1.1 4.2 0.4
v 1.1 4.3 0.4
v 1.1 4.4 0.4
v 1.2 4.2 0.4
v 1.2 4.3 0.4
v 1.2 4.5 0.4
v 1.2 4.6 0.4
v 1.3 4.3 0.4
v 1.3 4.5 0.4
v 1.6 3.1 0.4
v 1.6 3.2 0.4
v 1.6 4.1 0.4
v 1.6 4.5 0.4
v 1.7 3.1 0.4
v 1.7 3.2 0.4
v -1.7 3.1 0.3
v -1.7 3.2 0.3
v -1.7 3.7 0.3
v -1.7 3.8 0.3
v -1.6 2.3 0.3
v -1.6 2.4 0.3
v -1.6 3.1 0.3
v -1.6 3.2 0.3
v -1.6 3.7 0.3
v -1.6 3.8 0.3
v -1.5 2.3 0.3
v -1.5 2.4 0.3
v -1.4 4.3 0.3
v -1.4 4.4 0.3
v -1.3 4.3 0.3
v -1.3 4.4 0.3
v -1.1 4.8 0.3
v -1.1 4.9 0.3
v -1 4.8 0.3
v -1 4.9 0.3
v -0.9 0.5 0.3
v -0.9 0.6 0.3
v -0.9 1.8 0.3
v -0.9 1.9 0.3
v -0.8 0.5 0.3
v -0.8 0.6 0.3
v -0.8 1.8 0.3
v -0.8 1.9 0.3
v 0.0999999 4.4 0.3
v 0.0999999 4.5 0.3
v 0.2 4.5 0.3
v 0.2 4.6 0.3
v 0.4 4.5 0.3
v 0.4 4.6 0.3
v 0.5 0.7 0.3
v 0.5 0.8 0.3
v 0.5 1 0.3
v 0.5 1.1 0.3
v 0.5 2.1 0.3
v 0.5 2.2 0.3
v 0.6 0.7 0.3
v 0.6 0.8 0.3
v 0.6 1 0.3
v 0.6 1.1 0.3
v 0.6 2.1 0.3
v 0.6 2.2 0.3
v 0.9 4.4 0.3
v 0.9 4.5 0.3
v 1.5 2.9 0.3
v 1.5 3.1 0.3
v 1.5 3.3 0.3
v 1.5 3.4 0.3
v 1.6 2.9 0.3
v 1.6 3.1 0.3
v 1.6 3.3 0.3
v 1.6 3.4 0.3
v -1.7 2.8 0.2
v -1.7 3.1 0.2
v -1.6 2.8 0.2
v -1.6 3.1 0.2
v -1.5 2.3 0.2
v -1.5 2.4 0.2
v -1.4 2.3 0.2
v -1.4 2.4 0.2
v -1.2 4.7 0.2
v -1.2 4.8 0.2
v -1.1 2.3 0.2
v -1.1 2.4 0.2
v -1.1 4.7 0.2
v -1.1 4.8 0.2
v -0.9 0.2 0.2
v -0.9 0.3 0.2
v -0.9 0.4 0.2
v -0.9 0.5 0.2
v -0.9 1.9 0.2
v -0.9 2 0.2
v -0.9 2.3 0.2
v -0.9 2.4 0.2
v -0.8 0.2 0.2
v -0.8 0.3 0.2
v -0.8 0.4 0.2
v -0.8 0.5 0.2
v -0.8 1.9 0.2
v -0.8 2 0.2
v -1.19209e-07 4.4 0.2
v -1.19209e-07 4.5 0.2
v 0.0999999 4.4 0.2
v 0.0999999 4.5 0.2
v 0.5 0.6 0.2
v 0.5 0.7 0.2
v 0.5 1.1 0.2
v 0.5 1.3 0.2
v 0.5 1.8 0.2
v 0.5 2.1 0.2
v 0.6 0.3 0.2
v 0.6 0.4 0.2
v 0.6 0.6 0.2
v 0.6 0.7 0.2
v 0.6 1.1 0.2
v 0.6 1.3 0.2
v 0.6 1.8 0.2
v 0.6 2.1 0.2
v 0.7 0.2 0.2
v 0.7 0.3 0.2
v 0.7 0.4 0.2
v 0.8 0.2 0.2
v 0.8 0.3 0.2
v 1 4.5 0.2
v 1 4.6 0.2
v 1.1 2.4 0.2
v 1.1 2.7 0.2
v 1.1 4.5 0.2
v 1.1 4.6 0.2
v 1.2 4.5 0.2
v 1.2 4.6 0.2
v 1.2 4.7 0.2
v 1.4 4.6 0.2
v 1.4 4.7 0.2
v 1.5 2.4 0.2
v 1.5 2.7 0.2
v 1.5 2.8 0.2
v 1.5 2.9 0.2
v 1.5 3.4 0.2
v 1.5 3.7 0.2
v 1.6 2.8 0.2
v 1.6 2.9 0.2
v 1.6 3.4 0.2
v 1.6 3.7 0.2
v 1.6 3.9 0.2
v 1.6 4.5 0.2
v 1.6 4.6 0.2
v 1.7 3.9 0.2
v 1.7 4.5 0.2
v -1.7 2.6 0.1
v -1.7 2.8 0.1
v -1.6 2.6 0.1
v -1.6 2.8 0.1
v -1 0.4 0.1
v -1 0.5 0.1
v -0.9 0.3 0.1
v -0.9 0.4 0.1
v -0.9 0.5 0.1
v -0.9 2 0.1
v -0.9 2.1 0.1
v -0.8 0.3 0.1
v -0.8 0.4 0.1
v -0.8 2 0.1
v -0.8 2.1 0.1
v -0.6 4.8 0.1
v -0.6 4.9 0.1
v -0.5 4.8 0.1
v -0.5 4.9 0.1
v 0.4 4.4 0.1
v 0.4 4.5 0.1
v 0.5 0.2 0.1
v 0.5 0.4 0.1
v 0.5 0.5 0.1
v 0.5 0.6 0.1
v 0.5 1.3 0.1
v 0.5 1.5 0.1
v 0.5 2.1 0.1
v 0.5 2.2 0.1
v 0.5 4.4 0.1
v 0.5 4.5 0.1
v 0.6 0.2 0.1
v 0.6 0.4 0.1
v 0.6 0.5 0.1
v 0.6 0.6 0.1
v 0.6 1.3 0.1
v 0.6 1.5 0.1
v 0.6 2.1 0.1
v 0.6 2.2 0.1
v 0.8 0.2 0.1
v 0.8 0.3 0.1
v 0.9 0.2 0.1
v 0.9 0.3 0.1
v 1.4 3.7 0.1
v 1.4 3.8 0.1
v 1.5 2.7 0.1
v 1.5 2.8 0.1
v 1.5 3.7 0.1
v 1.5 3.8 0.1
v 1.6 2.7 0.1
v 1.6 2.8 0.1
v -1.7 2.5 0
v -1.7 2.6 0
v -1.7 3.8 0
v -1.7 3.9 0
v -1.6 2.5 0
v -1.6 2.6 0
v -1.6 3.8 0
v -1.6 3.9 0
v -1.4 2.3 0
v -1.4 2.4 0
v -1.3 2.3 0
v -1.3 2.4 0
v -0.7 4.8 0
v -0.7 4.9 0
v -0.6 4.8 0
v -0.6 4.9 0
v -1.19209e-07 4.5 0
v -1.19209e-07 4.7 0
v 0.0999999 4.5 0
v 0.0999999 4.7 0
v 0.9 2.3 0
v 0.9 2.4 0
v 1 2.3 0
v 1 2.4 0
v 1.2 3.7 0
v 1.2 3.8 0
v 1.4 3.7 0
v 1.4 3.8 0
v 1.5 2.6 0
v 1.5 2.7 0
v 1.5 3.3 0
v 1.5 3.5 0
v 1.6 2.6 0
v 1.6 2.7 0
v 1.6 3.3 0
v 1.6 3.5 0
v -1.7 3.9 -0.1
v -1.7 4 -0.1
v -1.6 3.9 -0.1
v -1.6 4 -0.1
v -1 0.2 -0.1
v -1 0.3 -0.1
v -0.9 0.2 -0.1
v -0.9 0.3 -0.1
v -0.9 2.3 -0.1
v -0.9 2.4 -0.1
v -0.8 4.8 -0.1
v -0.8 4.9 -0.1
v -0.7 2.3 -0.1
v -0.7 2.4 -0.1
v -0.7 4.8 -0.1
v -0.7 4.9 -0.1
v 0.4 0.2 -0.1
v 0.4 0.4 -0.1
v 0.4 0.7 -0.1
v 0.4 0.8 -0.1
v 0.5 0.3 -0.1
v 0.5 0.4 -0.1
v 0.5 0.7 -0.1
v 0.5 0.8 -0.1
v 0.6 0.2 -0.1
v 0.6 0.3 -0.1
v 0.7 0.2 -0.1
v 0.7 0.3 -0.1
v 0.8 0.2 -0.1
v 0.8 0.3 -0.1
v 0.9 0.2 -0.1
v 0.9 0.3 -0.1
v 0.9 0.5 -0.1
v 1 0.2 -0.1
v 1 0.5 -0.1
v 1.1 3.7 -0.1
v 1.1 3.9 -0.1
v 1.2 3.7 -0.1
v 1.2 3.8 -0.1
v 1.4 3.7 -0.1
v 1.4 3.8 -0.1
v 1.6 3.7 -0.1
v 1.6 3.9 -0.1
v -1.7 4 -0.2
v -1.7 4.1 -0.2
v -1.6 4 -0.2
v -1.6 4.1 -0.2
v -1.1 0.2 -0.2
v -1.1 0.4 -0.2
v -1 0.2 -0.2
v -1 0.3 -0.2
v -1 0.4 -0.2
v -1 2.2 -0.2
v -1 2.3 -0.2
v -0.9 2.2 -0.2
v -0.9 2.3 -0.2
v -0.8 0.2 -0.2
v -0.8 0.4 -0.2
v -0.7 0.2 -0.2
v -0.7 0.4 -0.2
v 0.2 4.2 -0.2
v 0.2 4.3 -0.2
v 0.3 4.2 -0.2
v 0.3 4.3 -0.2
v 0.5 4.3 -0.2
v 0.5 4.4 -0.2
v 0.6 4.3 -0.2
v 0.6 4.4 -0.2
v 1 2.3 -0.2
v 1 2.4 -0.2
v 1.1 2.3 -0.2
v 1.1 2.4 -0.2
v 1.1 3.3 -0.2
v 1.1 3.5 -0.2
v 1.4 4.5 -0.2
v 1.4 4.6 -0.2
v 1.5 3.3 -0.2
v 1.5 3.5 -0.2
v 1.5 4.5 -0.2
v 1.5 4.6 -0.2
v 1.6 3.9 -0.2
v 1.6 4.2 -0.2
v 1.7 3.9 -0.2
v 1.7 4.2 -0.2
v -1.7 2.4 -0.3
v -1.7 2.5 -0.3
v -1.6 2.4 -0.3
v -1.6 2.5 -0.3
v -1.3 2.3 -0.3
v -1.3 2.4 -0.3
v -1.2 2.3 -0.3
v -1.2 2.4 -0.3
v -0.9 4.2 -0.3
v -0.9 4.3 -0.3
v -0.8 4.1 -0.3
v -0.8 4.2 -0.3
v -0.8 4.3 -0.3
v -0.8 4.4 -0.3
v -0.7 4.1 -0.3
v -0.7 4.4 -0.3
v 0.6 4.3 -0.3
v 0.6 4.4 -0.3
v 0.7 4.3 -0.3
v 0.7 4.4 -0.3
v 1.1 2.3 -0.3
v 1.1 2.4 -0.3
v 1.3 2.3 -0.3
v 1.3 2.4 -0.3
v 1.5 4.5 -0.3
v 1.5 4.6 -0.3
v 1.6 4.5 -0.3
v 1.6 4.6 -0.3
v -1.7 3.1 -0.4
v -1.7 3.3 -0.4
v -1.6 3.1 -0.4
v -1.6 3.3 -0.4
v -1.5 4.1 -0.4
v -1.5 4.2 -0.4
v -1.3 4.1 -0.4
v -1.3 4.2 -0.4
v -0.9 0.3 -0.4
v -0.9 0.4 -0.4
v -0.9 4.1 -0.4
v -0.9 4.2 -0.4
v -0.8 0.3 -0.4
v -0.8 0.4 -0.4
v -0.8 4.1 -0.4
v -0.8 4.2 -0.4
v -0.7 2.3 -0.4
v -0.7 2.4 -0.4
v -0.6 2.3 -0.4
v -0.6 2.4 -0.4
v -0.6 2.5 -0.4
v -0.6 3.1 -0.4
v -0.5 2.5 -0.4
v -0.4 2.5 -0.4
v -0.4 3.1 -0.4
v 0.5 0.3 -0.4
v 0.5 0.4 -0.4
v 0.6 0.3 -0.4
v 0.6 0.4 -0.4
v 1.5 3.2 -0.4
v 1.5 3.5 -0.4
v 1.6 3.2 -0.4
v 1.6 3.5 -0.4
v -1.7 3.3 -0.5
v -1.7 3.4 -0.5
v -1.6 3.3 -0.5
v -1.6 3.4 -0.5
v -1.2 2.3 -0.5
v -1.2 2.4 -0.5
v -1.2 4.1 -0.5
v -1.2 4.2 -0.5
v -1.1 0.2 -0.5
v -1.1 0.4 -0.5
v -1.1 2.3 -0.5
v -1.1 2.4 -0.5
v -1.1 4.1 -0.5
v -1.1 4.2 -0.5
v -1 0.2 -0.5
v -1 0.3 -0.5
v -0.9 0.3 -0.5
v -0.9 0.4 -0.5
v -0.9 2.3 -0.5
v -0.9 2.4 -0.5
v -0.8 2.3 -0.5
v -0.8 2.4 -0.5
v 0.0999999 2.4 -0.5
v 0.0999999 2.5 -0.5
v 0.0999999 4.4 -0.5
v 0.0999999 4.5 -0.5
v 0.2 4.4 -0.5
v 0.2 4.5 -0.5
v 0.3 2.4 -0.5
v 0.3 2.5 -0.5
v 0.4 0.2 -0.5
v 0.4 0.3 -0.5
v 0.5 0.2 -0.5
v 0.5 0.3 -0.5
v 0.6 0.2 -0.5
v 0.6 0.3 -0.5
v 0.7 0.2 -0.5
v 0.7 0.3 -0.5
v 1 2.8 -0.5
v 1 3.1 -0.5
v 1.1 2.8 -0.5
v 1.1 3.1 -0.5
v 1.1 3.2 -0.5
v 1.2 3.1 -0.5
v 1.2 3.2 -0.5
v 1.5 3.5 -0.5
v 1.5 3.6 -0.5
v 1.6 3.5 -0.5
v 1.6 3.6 -0.5
v -1.7 3.4 -0.6
v -1.7 3.5 -0.6
v -1.6 3.4 -0.6
v -1.6 3.5 -0.6
v -1.2 3.6 -0.6
v -1.2 3.7 -0.6
v -1.1 0.4 -0.6
v -1.1 0.5 -0.6
v -1.1 3.6 -0.6
v -1.1 3.7 -0.6
v -1 0.4 -0.6
v -1 0.5 -0.6
v -1 3.6 -0.6
v -1 3.8 -0.6
v -0.9 3.6 -0.6
v -0.9 3.8 -0.6
v -0.7 0.3 -0.6
v -0.7 0.4 -0.6
v -0.6 0.3 -0.6
v -0.6 0.4 -0.6
v 0.2 2.3 -0.6
v 0.2 2.4 -0.6
v 0.3 2.3 -0.6
v 0.3 2.4 -0.6
v 0.3 2.5 -0.6
v 0.4 2.4 -0.6
v 0.4 2.5 -0.6
v 0.5 2.5 -0.6
v 0.5 2.6 -0.6
v 0.6 2.5 -0.6
v 0.6 2.6 -0.6
v 0.7 0.2 -0.6
v 0.7 0.3 -0.6
v 0.8 0.2 -0.6
v 0.8 0.3 -0.6
v 1 3.1 -0.6
v 1 3.2 -0.6
v 1.1 3.1 -0.6
v 1.1 3.2 -0.6
v 1.2 3.1 -0.6
v 1.2 3.2 -0.6
v 1.5 3.1 -0.6
v 1.5 3.2 -0.6
v -1.7 3.5 -0.7
v -1.7 3.6 -0.7
v -1.6 3.5 -0.7
v -1.6 3.6 -0.7
v -1.6 3.7 -0.7
v -1.2 0.2 -0.7
v -1.2 0.3 -0.7
v -1.2 3.6 -0.7
v -1.2 3.7 -0.7
v -1.1 0.2 -0.7
v -1.1 0.3 -0.7
v -1.1 2.3 -0.7
v -1.1 2.4 -0.7
v -1 2.3 -0.7
v -1 2.4 -0.7
v 0.4 2.4 -0.7
v 0.4 2.5 -0.7
v 0.5 2.4 -0.7
v 0.5 2.5 -0.7
v 0.6 2.5 -0.7
v 0.6 2.6 -0.7
v 0.6 4.1 -0.7
v 0.6 4.2 -0.7
v 0.7 2.5 -0.7
v 0.7 2.6 -0.7
v 0.7 4.1 -0.7
v 0.7 4.2 -0.7
v 0.8 0.2 -0.7
v 0.8 0.3 -0.7
v 0.8 4.1 -0.7
v 0.8 4.2 -0.7
v 0.9 0.2 -0.7
v 0.9 0.3 -0.7
v 0.9 4.1 -0.7
v 0.9 4.2 -0.7
v 1 4.1 -0.7
v 1 4.2 -0.7
v 1.1 4.1 -0.7
v 1.1 4.2 -0.7
v 1.5 3.6 -0.7
v 1.5 3.7 -0.7
v 1.6 3.6 -0.7
v 1.6 3.7 -0.7
v -1.2 0.3 -0.8
v -1.2 0.5 -0.8
v -1.1 0.3 -0.8
v -1.1 0.5 -0.8
v -1 0.3 -0.8
v -1 0.4 -0.8
v -0.9 0.3 -0.8
v -0.9 0.4 -0.8
v 0.7 2.5 -0.8
v 0.7 2.6 -0.8
v 0.8 2.5 -0.8
v 0.8 2.6 -0.8
v 1 2.7 -0.8
v 1 2.8 -0.8
v 1.1 2.7 -0.8
v 1.1 2.8 -0.8
v 1.5 3.7 -0.8
v 1.5 3.8 -0.8
v 1.6 3.7 -0.8
v 1.6 3.8 -0.8
v -0.7 2.8 -0.9
v -0.7 2.9 -0.9
v -0.6 2.8 -0.9
v -0.6 2.9 -0.9
v -0.5 4 -0.9
v -0.5 4.1 -0.9
v -0.3 4 -0.9
v -0.3 4.1 -0.9
v 0.0999999 2.4 -0.9
v 0.0999999 2.5 -0.9
v 0.2 2.4 -0.9
v 0.2 2.5 -0.9
v 0.8 2.5 -0.9
v 0.8 2.6 -0.9
v 0.9 2.5 -0.9
v 0.9 2.6 -0.9
v 1.2 4.1 -0.9
v 1.2 4.2 -0.9
v 1.3 4.1 -0.9
v 1.3 4.2 -0.9
v -0.7 2.9 -1
v -0.7 3 -1
v -0.6 2.9 -1
v -0.6 3 -1
v 1.5 3.8 -1
v 1.5 3.9 -1
v 1.6 3.8 -1
v 1.6 3.9 -1
v -1 3.7 1.6
v -1 3.8 1.6
v -0.9 3.7 1.6
v -0.9 3.8 1.6
v -1.19209e-07 3.8 1.6
v -1.19209e-07 3.9 1.6
v 0.0999999 3.8 1.6
v 0.0999999 3.9 1.6
v 0.6 3.1 1.6
v 0.6 3.2 1.6
v 0.7 3.1 1.6
v 0.7 3.2 1.6
v -1 2.9 1.5
v -1 3 1.5
v -1 3.5 1.5
v -1 3.7 1.5
v -0.9 2.9 1.5
v -0.9 3 1.5
v -0.9 3.5 1.5
v -0.9 3.7 1.5
v -0.8 3.8 1.5
v -0.8 3.9 1.5
v -0.7 3.8 1.5
v -0.7 3.9 1.5
v -0.5 3.9 1.5
v -0.5 4 1.5
v -0.4 3.9 1.5
v -0.4 4 1.5
v 0.0999999 3.8 1.5
v 0.0999999 4 1.5
v 0.2 3.8 1.5
v 0.2 3.9 1.5
v 0.2 4 1.5
v 0.6 3 1.5
v 0.6 3.1 1.5
v 0.7 3 1.5
v 0.7 3.1 1.5
v -1 3.3 1.4
v -1 3.5 1.4
v -0.9 3.3 1.4
v -0.9 3.5 1.4
v -0.7 3.8 1.4
v -0.7 4 1.4
v -0.6 3.8 1.4
v -0.6 4 1.4
v 0.2 3.8 1.4
v 0.2 3.9 1.4
v 0.3 3.8 1.4
v 0.3 3.9 1.4
v 0.6 2.8 1.4
v 0.6 3 1.4
v 0.7 2.8 1.4
v 0.7 3 1.4
v -1 3.2 1.3
v -1 3.3 1.3
v -0.9 3.2 1.3
v -0.9 3.3 1.3
v -1.2 0.2 1.2
v -1.2 0.3 1.2
v -1.1 0.2 1.2
v -1.1 0.3 1.2
v -1 3.7 1.2
v -1 3.8 1.2
v -0.9 3.7 1.2
v -0.9 3.8 1.2
v -0.5 3.8 1.2
v -0.5 3.9 1.2
v -0.4 3.8 1.2
v -0.4 3.9 1.2
v 0.3 3.8 1.2
v 0.3 3.9 1.2
v 0.4 3.8 1.2
v 0.4 3.9 1.2
v 0.6 2.9 1.2
v 0.6 3 1.2
v 0.7 2.9 1.2
v 0.7 3 1.2
v 0.8 0.2 1.2
v 0.8 0.3 1.2
v 0.9 0.2 1.2
v 0.9 0.3 1.2
v 1.2 4.1 1.2
v 1.2 4.2 1.2
v 1.3 4.1 1.2
v 1.3 4.2 1.2
v -0.6 0.2 1.1
v -0.6 0.4 1.1
v -0.5 0.2 1.1
v -0.5 0.4 1.1
v -0.3 3.8 1.1
v -0.3 3.9 1.1
v -0.2 2.3 1.1
v -0.2 2.4 1.1
v -0.2 3.8 1.1
v -0.2 3.9 1.1
v -0.1 2.3 1.1
v -0.1 2.4 1.1
v -0.1 3.8 1.1
v -0.1 3.9 1.1
v -1.19209e-07 3.8 1.1
v -1.19209e-07 3.9 1.1
v 0.6 2.3 1.1
v 0.6 2.4 1.1
v 0.7 0.2 1.1
v 0.7 0.5 1.1
v 0.7 2.3 1.1
v 0.7 2.4 1.1
v 0.8 0.2 1.1
v 0.8 0.5 1.1
v 1.1 2.5 1.1
v 1.1 2.6 1.1
v 1.1 4.1 1.1
v 1.1 4.2 1.1
v 1.2 2.5 1.1
v 1.2 2.6 1.1
v 1.2 4.1 1.1
v 1.2 4.2 1.1
v 1.5 3 1.1
v 1.5 3.2 1.1
v 1.6 3 1.1
v 1.6 3.2 1.1
v -1.1 0.2 1
v -1.1 0.5 1
v -1 0.2 1
v -1 0.4 1
v -1 0.5 1
v -0.5 2.4 1
v -0.5 2.6 1
v -0.4 2.4 1
v -0.4 2.5 1
v -0.3 2.3 1
v -0.3 2.5 1
v -0.2 2.3 1
v -0.2 2.6 1
v 0.2 2.9 1
v 0.2 3.1 1
v 0.4 0.3 1
v 0.4 0.4 1
v 0.5 0.2 1
v 0.5 0.3 1
v 0.5 2.9 1
v 0.5 3 1
v 0.5 3.8 1
v 0.5 3.9 1
v 0.6 0.4 1
v 0.6 0.5 1
v 0.6 3 1
v 0.6 3.1 1
v 0.6 3.8 1
v 0.6 3.9 1
v 0.7 0.2 1
v 0.7 0.5 1
v 0.7 3.8 1
v 0.7 3.9 1
v 0.9 3.8 1
v 0.9 3.9 1
v -1.6 2.6 0.9
v -1.6 2.8 0.9
v -1.6 2.9 0.9
v -1.6 3.3 0.9
v -1.6 3.6 0.9
v -1.6 3.8 0.9
v -1.5 2.9 0.9
v -1.5 3.3 0.9
v -1.5 3.6 0.9
v -1.5 3.8 0.9
v -1.4 2.5 0.9
v -1.4 2.6 0.9
v -1.2 2.5 0.9
v -1.2 2.6 0.9
v -1 2.7 0.9
v -1 2.8 0.9
v -0.5 0.4 0.9
v -0.5 0.6 0.9
v -0.5 0.7 0.9
v -0.5 0.8 0.9
v -0.4 0.4 0.9
v -0.4 0.6 0.9
v -0.4 0.7 0.9
v -0.4 0.8 0.9
v -0.4 2.6 0.9
v -0.4 2.7 0.9
v -0.4 4.8 0.9
v -0.4 4.9 0.9
v -0.3 4.8 0.9
v -0.3 4.9 0.9
v 0.4 4.4 0.9
v 0.4 4.5 0.9
v 0.6 4.4 0.9
v 0.6 4.5 0.9
v 0.8 2.1 0.9
v 0.8 2.2 0.9
v 0.9 2.1 0.9
v 0.9 2.2 0.9
v 1.1 2.6 0.9
v 1.1 2.7 0.9
v 1.3 2.6 0.9
v 1.3 2.7 0.9
v 1.5 2.9 0.9
v 1.5 3 0.9
v 1.6 2.9 0.9
v 1.6 3 0.9
v -1.2 4.5 0.8
v -1.2 4.6 0.8
v -1.1 4.5 0.8
v -1.1 4.6 0.8
v -1 0.2 0.8
v -1 0.3 0.8
v -1 0.4 0.8
v -1 2.7 0.8
v -1 2.8 0.8
v -0.9 0.2 0.8
v -0.9 0.4 0.8
v -0.8 1 0.8
v -0.8 1.1 0.8
v -0.7 1 0.8
v -0.7 1.1 0.8
v -0.6 2.7 0.8
v -0.6 2.8 0.8
v -0.5 4.8 0.8
v -0.5 4.9 0.8
v -0.4 4.8 0.8
v -0.4 4.9 0.8
v 0.3 4.4 0.8
v 0.3 4.5 0.8
v 0.4 4.4 0.8
v 0.4 4.5 0.8
v 0.6 4.4 0.8
v 0.6 4.5 0.8
v 0.7 4.4 0.8
v 0.7 4.5 0.8
v 0.8 4.4 0.8
v 0.8 4.5 0.8
v 0.9 4.4 0.8
v 0.9 4.5 0.8
v 1.3 2.6 0.8
v 1.3 2.7 0.8
v 1.4 2.6 0.8
v 1.4 2.7 0.8
v -1.2 0.2 0.7
v -1.2 0.3 0.7
v -1.1 0.2 0.7
v -1.1 0.3 0.7
v -0.9 0.3 0.7
v -0.9 0.4 0.7
v -0.8 0.3 0.7
v -0.8 0.4 0.7
v -0.8 0.9 0.7
v -0.8 1 0.7
v -0.7 0.9 0.7
v -0.7 1 0.7
v 0.2 4.4 0.7
v 0.2 4.5 0.7
v 0.3 4.4 0.7
v 0.3 4.5 0.7
v 0.4 0.5 0.7
v 0.4 0.6 0.7
v 0.5 0.5 0.7
v 0.5 0.6 0.7
v 0.7 2.1 0.7
v 0.7 2.2 0.7
v 0.7 4.5 0.7
v 0.7 4.6 0.7
v 0.8 2.1 0.7
v 0.8 2.2 0.7
v 0.8 4.5 0.7
v 0.8 4.6 0.7
v 1.3 4.1 0.7
v 1.3 4.2 0.7
v 1.4 2.6 0.7
v 1.4 2.7 0.7
v 1.5 2.6 0.7
v 1.5 2.7 0.7
v 1.5 2.8 0.7
v 1.5 2.9 0.7
v 1.6 2.8 0.7
v 1.6 2.9 0.7
v 1.6 3.7 0.7
v 1.6 4.1 0.7
v 1.6 4.2 0.7
v 1.7 3.8 0.7
v 1.7 4.1 0.7
v 1.8 3.7 0.7
v 1.8 3.8 0.7
v -1.7 3.4 0.6
v -1.7 3.5 0.6
v -1.6 3.4 0.6
v -1.6 3.5 0.6
v -1 0.3 0.6
v -1 0.4 0.6
v -0.9 0.3 0.6
v -0.9 0.4 0.6
v -0.9 0.6 0.6
v -0.9 0.7 0.6
v -0.8 0.7 0.6
v -0.7 0.6 0.6
v -0.7 0.7 0.6
v -0.6 4.8 0.6
v -0.6 4.9 0.6
v -0.5 4.8 0.6
v -0.5 4.9 0.6
v 0.4 1.6 0.6
v 0.4 1.7 0.6
v 0.5 1.6 0.6
v 0.5 1.7 0.6
v 0.6 0.3 0.6
v 0.6 0.4 0.6
v 0.7 0.2 0.6
v 0.7 0.3 0.6
v 0.7 0.4 0.6
v 0.7 4.4 0.6
v 0.7 4.5 0.6
v 0.8 0.2 0.6
v 0.8 0.3 0.6
v 0.8 4.4 0.6
v 0.8 4.5 0.6
v 1.5 3.5 0.6
v 1.5 3.6 0.6
v 1.6 3.5 0.6
v 1.6 3.6 0.6
v 1.6 3.7 0.6
v 1.8 3.6 0.6
v 1.8 3.7 0.6
v -1.2 4.4 0.5
v -1.2 4.5 0.5
v -1.1 0.2 0.5
v -1.1 0.3 0.5
v -1.1 4.4 0.5
v -1.1 4.5 0.5
v -1 0.2 0.5
v -1 0.3 0.5
v -0.7 4.8 0.5
v -0.7 4.9 0.5
v -0.6 4.8 0.5
v -0.6 4.9 0.5
v 0.5 0.6 0.5
v 0.5 0.8 0.5
v 0.6 0.6 0.5
v 0.6 0.8 0.5
v 0.8 2.1 0.5
v 0.8 2.2 0.5
v 0.9 2.1 0.5
v 0.9 2.2 0.5
v 1.5 2.7 0.5
v 1.5 2.8 0.5
v 1.5 2.9 0.5
v 1.5 3 0.5
v 1.5 3.4 0.5
v 1.5 3.5 0.5
v 1.6 2.7 0.5
v 1.6 2.8 0.5
v 1.6 2.9 0.5
v 1.6 3 0.5
v 1.6 3.4 0.5
v 1.6 3.5 0.5
v -1.7 4.1 0.4
v -1.7 4.2 0.4
v -1.6 4.1 0.4
v -1.6 4.2 0.4
v -1.2 4.3 0.4
v -1.2 4.4 0.4
v -1.1 0.4 0.4
v -1.1 0.5 0.4
v -1.1 4.3 0.4
v -1.1 4.4 0.4
v -0.9 0.4 0.4
v -0.9 0.5 0.4
v -0.9 0.6 0.4
v -0.9 0.7 0.4
v -0.9 0.9 0.4
v -0.9 4.8 0.4
v -0.9 4.9 0.4
v -0.8 0.5 0.4
v -0.8 0.6 0.4
v -0.8 0.7 0.4
v -0.8 0.9 0.4
v -0.7 4.8 0.4
v -0.7 4.9 0.4
v 0.5 0.5 0.4
v 0.5 0.6 0.4
v 0.6 0.5 0.4
v 0.6 0.6 0.4
v 0.8 4.4 0.4
v 0.8 4.5 0.4
v 1 4.4 0.4
v 1 4.5 0.4
v 1.1 3.7 0.4
v 1.1 3.9 0.4
v 1.5 3 0.4
v 1.5 3.1 0.4
v 1.5 3.3 0.4
v 1.5 3.4 0.4
v 1.5 3.6 0.4
v 1.5 3.7 0.4
v 1.6 3 0.4
v 1.6 3.1 0.4
v 1.6 3.3 0.4
v 1.6 3.4 0.4
v 1.6 3.6 0.4
v 1.6 3.9 0.4
v -1.7 2.4 0.3
v -1.7 2.5 0.3
v -1.7 3.2 0.3
v -1.7 3.7 0.3
v -1.6 2.4 0.3
v -1.6 2.5 0.3
v -1.6 3.2 0.3
v -1.6 3.7 0.3
v -1.3 4.3 0.3
v -1.3 4.4 0.3
v -1.2 4.3 0.3
v -1.2 4.4 0.3
v -1.1 2.3 0.3
v -1.1 2.4 0.3
v -1 4.8 0.3
v -1 4.9 0.3
v -0.9 0.2 0.3
v -0.9 0.3 0.3
v -0.9 0.4 0.3
v -0.9 0.5 0.3
v -0.9 2.3 0.3
v -0.9 2.4 0.3
v -0.9 4.8 0.3
v -0.9 4.9 0.3
v -0.8 0.2 0.3
v -0.8 0.3 0.3
v -0.8 0.4 0.3
v -0.8 0.5 0.3
v 0.5 0.3 0.3
v 0.5 0.5 0.3
v 0.6 0.3 0.3
v 0.6 0.5 0.3
v 0.6 0.9 0.3
v 0.6 1 0.3
v 0.7 0.9 0.3
v 0.7 1 0.3
v 1 4.5 0.3
v 1 4.6 0.3
v 1.1 4.5 0.3
v 1.1 4.6 0.3
v -1.7 4 0.2
v -1.7 4.1 0.2
v -1.6 2.3 0.2
v -1.6 2.4 0.2
v -1.6 4 0.2
v -1.6 4.1 0.2
v -1.5 2.3 0.2
v -1.5 2.4 0.2
v -1 0.2 0.2
v -1 0.3 0.2
v -0.9 0.2 0.2
v -0.9 0.3 0.2
v -0.9 0.4 0.2
v -0.9 0.6 0.2
v -0.9 0.7 0.2
v -0.9 1.7 0.2
v -0.9 1.8 0.2
v -0.8 0.3 0.2
v -0.8 0.4 0.2
v -0.8 0.6 0.2
v -0.8 0.7 0.2
v -0.8 1.7 0.2
v -0.8 1.8 0.2
v 0.2 4.5 0.2
v 0.2 4.6 0.2
v 0.4 4.4 0.2
v 0.4 4.5 0.2
v 0.4 4.6 0.2
v 0.5 0.2 0.2
v 0.5 0.3 0.2
v 0.5 0.8 0.2
v 0.5 1 0.2
v 0.5 2.1 0.2
v 0.5 2.4 0.2
v 0.6 0.2 0.2
v 0.6 0.3 0.2
v 0.6 0.8 0.2
v 0.6 1 0.2
v 0.6 2.1 0.2
v 0.6 2.2 0.2
v 0.7 2.3 0.2
v 0.7 2.4 0.2
v 0.9 2.1 0.2
v 0.9 2.2 0.2
v 0.9 2.3 0.2
v 0.9 2.4 0.2
v 0.9 4.4 0.2
v 0.9 4.5 0.2
v 1 2.1 0.2
v 1 2.2 0.2
v 1.1 2.2 0.2
v 1.1 2.4 0.2
v 1.5 3 0.2
v 1.5 3.2 0.2
v 1.6 3 0.2
v 1.6 3.1 0.2
v 1.6 3.2 0.2
v 1.7 3.1 0.2
v 1.7 3.2 0.2
v -1.7 2.8 0.1
v -1.7 3.2 0.1
v -1.6 2.8 0.1
v -1.6 3.2 0.1
v -1.4 4.3 0.1
v -1.4 4.4 0.1
v -1.3 4.3 0.1
v -1.3 4.4 0.1
v -1.2 4.7 0.1
v -1.2 4.8 0.1
v -1.1 4.7 0.1
v -1.1 4.8 0.1
v -1.1 4.9 0.1
v -1 4.8 0.1
v -1 4.9 0.1
v -0.9 1.8 0.1
v -0.9 1.9 0.1
v -0.8 1.8 0.1
v -0.8 1.9 0.1
v 0.0999999 4.4 0.1
v 0.0999999 4.5 0.1
v 0.3 4.4 0.1
v 0.3 4.5 0.1
v 0.5 0.7 0.1
v 0.5 0.8 0.1
v 0.5 1 0.1
v 0.5 1.2 0.1
v 0.5 1.8 0.1
v 0.5 2 0.1
v 0.6 0.7 0.1
v 0.6 0.8 0.1
v 0.6 1 0.1
v 0.6 1.2 0.1
v 0.6 1.8 0.1
v 0.6 2 0.1
v 0.7 2.3 0.1
v 0.7 2.4 0.1
v 0.8 2.3 0.1
v 0.8 2.4 0.1
v 1 4.5 0.1
v 1 4.6 0.1
v 1.2 4.5 0.1
v 1.2 4.6 0.1
v 1.2 4.7 0.1
v 1.4 4.5 0.1
v 1.4 4.6 0.1
v 1.4 4.7 0.1
v 1.5 2.9 0.1
v 1.5 3 0.1
v 1.5 3.3 0.1
v 1.5 3.5 0.1
v 1.6 2.9 0.1
v 1.6 3 0.1
v 1.6 3.3 0.1
v 1.6 3.5 0.1
v 1.6 3.9 0.1
v 1.6 4.5 0.1
v 1.6 4.6 0.1
v 1.7 3.9 0.1
v 1.7 4.5 0.1
v -1.7 2.7 0
v -1.7 2.8 0
v -1.7 3.7 0
v -1.7 3.8 0
v -1.6 2.7 0
v -1.6 2.8 0
v -1.6 3.7 0
v -1.6 3.8 0
v -1.5 2.3 0
v -1.5 2.4 0
v -1.4 2.3 0
v -1.4 2.4 0
v -1 0.4 0
v -1 0.5 0
v -0.9 0.4 0
v -0.9 0.5 0
v -0.9 0.6 0
v -0.9 1.9 0
v -0.9 2 0
v -0.8 0.6 0
v -0.8 1.9 0
v -0.8 2.2 0
v -0.8 2.4 0
v -0.7 0.5 0
v -0.7 2 0
v -0.7 2.2 0
v -0.7 2.4 0
v -0.6 4.8 0
v -0.6 4.9 0
v -0.5 4.8 0
v -0.5 4.9 0
v -1.19209e-07 4.4 0
v -1.19209e-07 4.5 0
v 0.0999999 4.4 0
v 0.0999999 4.5 0
v 0.3 4.4 0
v 0.3 4.5 0
v 0.4 0.2 0
v 0.4 0.4 0
v 0.4 0.5 0
v 0.4 1.5 0
v 0.4 1.8 0
v 0.4 2.2 0
v 0.4 2.3 0
v 0.4 2.4 0
v 0.4 4.4 0
v 0.4 4.5 0
v 0.5 0.4 0
v 0.5 0.5 0
v 0.5 0.7 0
v 0.5 1.2 0
v 0.5 1.5 0
v 0.5 1.7 0
v 0.5 1.8 0
v 0.5 2 0
v 0.5 2.2 0
v 0.5 2.3 0
v 0.5 2.4 0
v 0.6 0.2 0
v 0.6 0.4 0
v 0.6 0.5 0
v 0.6 0.7 0
v 0.6 1.2 0
v 0.6 1.5 0
v 0.6 1.7 0
v 0.6 1.8 0
v 0.6 2 0
v 0.6 2.2 0
v 0.7 0.2 0
v 0.7 0.3 0
v 0.8 0.2 0
v 0.8 0.3 0
v 1.2 4.5 0
v 1.2 4.6 0
v 1.3 4.5 0
v 1.3 4.6 0
v 1.4 3.7 0
v 1.4 3.8 0
v 1.5 2.8 0
v 1.5 2.9 0
v 1.5 3.7 0
v 1.5 3.8 0
v 1.6 2.8 0
v 1.6 2.9 0
v -1.7 2.6 -0.1
v -1.7 2.7 -0.1
v -1.7 3.8 -0.1
v -1.7 3.9 -0.1
v -1.6 2.6 -0.1
v -1.6 2.7 -0.1
v -1.6 3.8 -0.1
v -1.6 3.9 -0.1
v -1.6 4.2 -0.1
v -1.6 4.3 -0.1
v -1.1 2.3 -0.1
v -1.1 2.4 -0.1
v -1.1 4.2 -0.1
v -1.1 4.3 -0.1
v -1 2.3 -0.1
v -1 2.4 -0.1
v -0.9 0.4 -0.1
v -0.9 0.5 -0.1
v -0.8 0.2 -0.1
v -0.8 0.4 -0.1
v -0.7 0.2 -0.1
v -0.7 0.5 -0.1
v -0.7 4.8 -0.1
v -0.7 4.9 -0.1
v -0.6 4.8 -0.1
v -0.6 4.9 -0.1
v -1.19209e-07 4.5 -0.1
v -1.19209e-07 4.7 -0.1
v 0.0999999 4.5 -0.1
v 0.0999999 4.7 -0.1
v 0.2 4.2 -0.1
v 0.2 4.4 -0.1
v 0.3 4.2 -0.1
v 0.3 4.3 -0.1
v 0.4 1.5 -0.1
v 0.4 1.8 -0.1
v 0.4 2.2 -0.1
v 0.4 2.3 -0.1
v 0.4 4.3 -0.1
v 0.4 4.4 -0.1
v 0.4 4.5 -0.1
v 0.5 1.5 -0.1
v 0.5 1.8 -0.1
v 0.5 2.2 -0.1
v 0.5 2.3 -0.1
v 0.5 4.3 -0.1
v 0.5 4.4 -0.1
v 0.5 4.5 -0.1
v 0.6 0.3 -0.1
v 0.6 0.4 -0.1
v 0.7 0.3 -0.1
v 0.7 0.4 -0.1
v 0.8 0.2 -0.1
v 0.8 0.3 -0.1
v 0.8 2.3 -0.1
v 0.8 2.4 -0.1
v 0.9 0.2 -0.1
v 0.9 0.3 -0.1
v 0.9 2.3 -0.1
v 0.9 2.4 -0.1
v 1 4.3 -0.1
v 1 4.4 -0.1
v 1.1 3.3 -0.1
v 1.1 3.5 -0.1
v 1.5 2.6 -0.1
v 1.5 2.8 -0.1
v 1.5 3.2 -0.1
v 1.5 3.3 -0.1
v 1.5 3.5 -0.1
v 1.5 3.6 -0.1
v 1.6 2.6 -0.1
v 1.6 2.8 -0.1
v 1.6 3.2 -0.1
v 1.6 3.6 -0.1
v -1.7 3.9 -0.2
v -1.7 4 -0.2
v -1.6 3.9 -0.2
v -1.6 4 -0.2
v -1.1 4.2 -0.2
v -1.1 4.8 -0.2
v -0.9 0.3 -0.2
v -0.9 0.4 -0.2
v -0.9 2 -0.2
v -0.9 2.1 -0.2
v -0.9 2.3 -0.2
v -0.9 2.4 -0.2
v -0.8 0.3 -0.2
v -0.8 0.4 -0.2
v -0.8 2.1 -0.2
v -0.8 2.2 -0.2
v -0.8 4.1 -0.2
v -0.8 4.2 -0.2
v -0.8 4.6 -0.2
v -0.8 4.8 -0.2
v -0.8 4.9 -0.2
v -0.7 0.4 -0.2
v -0.7 1.6 -0.2
v -0.7 2 -0.2
v -0.7 2.1 -0.2
v -0.7 2.2 -0.2
v -0.7 2.3 -0.2
v -0.7 2.4 -0.2
v -0.7 4.1 -0.2
v -0.7 4.6 -0.2
v -0.7 4.7 -0.2
v -0.7 4.8 -0.2
v -0.7 4.9 -0.2
v -0.6 0.4 -0.2
v -0.6 1.6 -0.2
v -0.6 2 -0.2
v -0.6 2.1 -0.2
v -0.6 2.2 -0.2
v -0.6 2.3 -0.2
v -0.6 4.4 -0.2
v -0.6 4.7 -0.2
v -1.19209e-07 4.4 -0.2
v -1.19209e-07 4.8 -0.2
v 0.3 0.8 -0.2
v 0.3 2.5 -0.2
v 0.4 0.2 -0.2
v 0.4 0.5 -0.2
v 0.4 0.7 -0.2
v 0.4 0.8 -0.2
v 0.4 2.4 -0.2
v 0.4 2.5 -0.2
v 0.4 4.3 -0.2
v 0.4 4.4 -0.2
v 0.5 0.2 -0.2
v 0.5 0.3 -0.2
v 0.5 0.5 -0.2
v 0.5 0.7 -0.2
v 0.5 0.8 -0.2
v 0.5 4.3 -0.2
v 0.5 4.4 -0.2
v 0.7 0.2 -0.2
v 0.7 0.3 -0.2
v 0.8 0.2 -0.2
v 0.8 0.3 -0.2
v 0.9 0.2 -0.2
v 0.9 0.3 -0.2
v 0.9 0.4 -0.2
v 0.9 0.5 -0.2
v 1 0.2 -0.2
v 1 0.3 -0.2
v 1 0.4 -0.2
v 1 0.5 -0.2
v 1.3 4.5 -0.2
v 1.3 4.6 -0.2
v 1.4 4.5 -0.2
v 1.4 4.6 -0.2
v 1.5 3.6 -0.2
v 1.5 3.8 -0.2
v 1.6 3.6 -0.2
v 1.6 3.8 -0.2
v -1.7 2.5 -0.3
v -1.7 2.6 -0.3
v -1.6 2.5 -0.3
v -1.6 2.6 -0.3
v -1.5 4.1 -0.3
v -1.5 4.2 -0.3
v -1.4 2.3 -0.3
v -1.4 2.4 -0.3
v -1.3 2.3 -0.3
v -1.3 2.4 -0.3
v -1.1 0.2 -0.3
v -1.1 0.4 -0.3
v -1 0.2 -0.3
v -1 0.3 -0.3
v -1 0.4 -0.3
v -0.9 4.2 -0.3
v -0.8 4.1 -0.3
v -0.8 4.2 -0.3
v -0.8 4.6 -0.3
v -0.8 4.8 -0.3
v -0.7 1.6 -0.3
v -0.7 2 -0.3
v -0.7 2.1 -0.3
v -0.7 2.2 -0.3
v -0.7 2.3 -0.3
v -0.7 2.4 -0.3
v -0.7 4.3 -0.3
v -0.7 4.4 -0.3
v -0.7 4.6 -0.3
v -0.7 4.7 -0.3
v -0.7 4.8 -0.3
v -0.6 0.6 -0.3
v -0.6 1.1 -0.3
v -0.6 1.6 -0.3
v -0.6 2 -0.3
v -0.6 2.1 -0.3
v -0.6 2.2 -0.3
v -0.6 2.3 -0.3
v -0.6 2.4 -0.3
v -0.6 3.1 -0.3
v -0.6 4.4 -0.3
v -0.6 4.7 -0.3
v -0.5 0.3 -0.3
v -0.5 0.5 -0.3
v -0.5 0.6 -0.3
v -0.5 1.1 -0.3
v -0.5 1.3 -0.3
v -0.5 1.6 -0.3
v -0.5 2.4 -0.3
v -0.5 2.5 -0.3
v -0.4 0.3 -0.3
v -0.4 0.5 -0.3
v -0.4 1.3 -0.3
v -0.4 2.3 -0.3
v -0.4 2.5 -0.3
v -0.4 3.1 -0.3
v -0.4 4.3 -0.3
v -0.4 4.4 -0.3
v 0.0999999 0.2 -0.3
v 0.0999999 0.6 -0.3
v 0.0999999 1 -0.3
v 0.0999999 1.8 -0.3
v 0.0999999 2.4 -0.3
v 0.0999999 2.5 -0.3
v 0.2 0.2 -0.3
v 0.2 0.6 -0.3
v 0.2 1 -0.3
v 0.2 1.8 -0.3
v 0.2 2 -0.3
v 0.2 2.2 -0.3
v 0.2 2.4 -0.3
v 0.2 4.2 -0.3
v 0.2 4.3 -0.3
v 0.3 0.3 -0.3
v 0.3 0.6 -0.3
v 0.3 0.8 -0.3
v 0.3 2 -0.3
v 0.3 2.2 -0.3
v 0.3 2.5 -0.3
v 0.3 4.2 -0.3
v 0.3 4.3 -0.3
v 0.4 0.3 -0.3
v 0.4 0.8 -0.3
v 0.6 0.2 -0.3
v 0.6 0.3 -0.3
v 0.7 0.2 -0.3
v 0.7 0.3 -0.3
v 0.9 0.3 -0.3
v 0.9 0.4 -0.3
v 0.9 2.3 -0.3
v 0.9 2.4 -0.3
v 1 0.3 -0.3
v 1 0.4 -0.3
v 1 2.3 -0.3
v 1 2.4 -0.3
v 1.5 3.8 -0.3
v 1.5 3.9 -0.3
v 1.6 3.8 -0.3
v 1.6 3.9 -0.3
v 1.6 4.2 -0.3
v 1.7 3.9 -0.3
v 1.7 4.2 -0.3
v -1.7 4 -0.4
v -1.7 4.1 -0.4
v -1.6 4 -0.4
v -1.6 4.1 -0.4
v -1.6 4.2 -0.4
v -1.5 4.1 -0.4
v -1.5 4.2 -0.4
v -1 2.2 -0.4
v -1 2.3 -0.4
v -0.9 2.2 -0.4
v -0.9 2.3 -0.4
v -0.9 4.2 -0.4
v -0.9 4.3 -0.4
v -0.8 4.2 -0.4
v -0.8 4.3 -0.4
v -0.8 4.4 -0.4
v -0.7 4.3 -0.4
v -0.7 4.4 -0.4
v -0.6 0.3 -0.4
v -0.6 0.4 -0.4
v -0.6 0.6 -0.4
v -0.6 1.1 -0.4
v -0.6 1.6 -0.4
v -0.6 2.3 -0.4
v -0.6 2.4 -0.4
v -0.5 0.2 -0.4
v -0.5 0.3 -0.4
v -0.5 0.5 -0.4
v -0.5 0.6 -0.4
v -0.5 1.1 -0.4
v -0.5 1.3 -0.4
v -0.5 1.6 -0.4
v -0.5 2.3 -0.4
v -0.5 2.4 -0.4
v -0.5 2.5 -0.4
v -0.4 0.2 -0.4
v -0.4 0.3 -0.4
v -0.4 0.4 -0.4
v -0.4 0.5 -0.4
v -0.4 1.1 -0.4
v -0.4 1.3 -0.4
v -0.4 1.7 -0.4
v -0.4 2.2 -0.4
v -0.4 2.4 -0.4
v -0.4 2.5 -0.4
v -0.4 4.3 -0.4
v -0.4 4.4 -0.4
v -0.3 0.2 -0.4
v -0.3 0.3 -0.4
v -0.3 1.1 -0.4
v -0.3 1.7 -0.4
v -0.3 4.3 -0.4
v -0.3 4.4 -0.4
v -0.2 0.4 -0.4
v -0.2 1.2 -0.4
v -0.2 2.2 -0.4
v -0.2 2.3 -0.4
v -0.1 0.3 -0.4
v -0.1 0.4 -0.4
v -0.1 0.8 -0.4
v -0.1 1.2 -0.4
v -0.1 1.6 -0.4
v -0.1 2.2 -0.4
v -0.1 2.3 -0.4
v -0.1 2.4 -0.4
v -0.1 2.5 -0.4
v -1.19209e-07 0.4 -0.4
v -1.19209e-07 0.8 -0.4
v -1.19209e-07 0.9 -0.4
v -1.19209e-07 1 -0.4
v -1.19209e-07 1.2 -0.4
v -1.19209e-07 1.5 -0.4
v -1.19209e-07 1.6 -0.4
v -1.19209e-07 2.1 -0.4
v 0.0999999 0.2 -0.4
v 0.0999999 0.6 -0.4
v 0.0999999 0.9 -0.4
v 0.0999999 1 -0.4
v 0.0999999 1.5 -0.4
v 0.0999999 1.8 -0.4
v 0.0999999 2.1 -0.4
v 0.0999999 2.2 -0.4
v 0.0999999 2.4 -0.4
v 0.2 0.2 -0.4
v 0.2 0.6 -0.4
v 0.2 1 -0.4
v 0.2 1.8 -0.4
v 0.2 2 -0.4
v 0.2 2.2 -0.4
v 0.2 2.4 -0.4
v 0.2 4.1 -0.4
v 0.2 4.2 -0.4
v 0.3 0.2 -0.4
v 0.3 0.3 -0.4
v 0.3 0.6 -0.4
v 0.3 2 -0.4
v 0.3 2.2 -0.4
v 0.3 4.1 -0.4
v 0.3 4.2 -0.4
v 0.4 2.4 -0.4
v 0.4 2.5 -0.4
v 0.5 2.5 -0.4
v 0.5 2.6 -0.4
v 0.5 4.3 -0.4
v 0.5 4.4 -0.4
v 0.6 4.3 -0.4
v 0.6 4.4 -0.4
v 1 2.3 -0.4
v 1 2.4 -0.4
v 1 2.5 -0.4
v 1 2.6 -0.4
v 1 2.8 -0.4
v 1 3.1 -0.4
v 1 4.3 -0.4
v 1 4.5 -0.4
v 1.1 2.5 -0.4
v 1.1 2.8 -0.4
v 1.1 3.1 -0.4
v 1.1 3.2 -0.4
v 1.3 2.3 -0.4
v 1.3 2.4 -0.4
v 1.3 4.3 -0.4
v 1.3 4.4 -0.4
v 1.4 4.3 -0.4
v 1.4 4.4 -0.4
v 1.4 4.5 -0.4
v 1.4 4.6 -0.4
v 1.5 2.4 -0.4
v 1.5 3.2 -0.4
v 1.5 3.9 -0.4
v 1.5 4.3 -0.4
v 1.6 3.9 -0.4
v 1.6 4.6 -0.4
v -1.7 3.1 -0.5
v -1.7 3.2 -0.5
v -1.6 3.1 -0.5
v -1.6 3.2 -0.5
v -1.6 3.6 -0.5
v -1.6 4.1 -0.5
v -1.5 4.1 -0.5
v -1.5 4.2 -0.5
v -1.3 2.3 -0.5
v -1.3 2.4 -0.5
v -1.3 4.1 -0.5
v -1.3 4.2 -0.5
v -1.2 2.3 -0.5
v -1.2 2.4 -0.5
v -1.2 3.7 -0.5
v -1.2 4.1 -0.5
v -1.1 3.6 -0.5
v -1.1 3.7 -0.5
v -1.1 3.8 -0.5
v -1.1 4.1 -0.5
v -1 2.3 -0.5
v -1 2.4 -0.5
v -1 3.6 -0.5
v -1 3.8 -0.5
v -0.9 2.3 -0.5
v -0.9 2.4 -0.5
v -0.9 3.6 -0.5
v -0.9 4.1 -0.5
v -0.7 0.3 -0.5
v -0.7 0.4 -0.5
v -0.6 0.3 -0.5
v -0.6 0.4 -0.5
v -0.5 2.3 -0.5
v -0.5 2.4 -0.5
v -0.4 0.2 -0.5
v -0.4 0.4 -0.5
v -0.4 1.1 -0.5
v -0.4 1.7 -0.5
v -0.4 2.2 -0.5
v -0.4 2.3 -0.5
v -0.3 0.2 -0.5
v -0.3 0.3 -0.5
v -0.3 1.1 -0.5
v -0.3 1.7 -0.5
v -0.3 2.3 -0.5
v -0.3 2.4 -0.5
v -0.2 0.3 -0.5
v -0.2 0.4 -0.5
v -0.2 0.5 -0.5
v -0.2 1.2 -0.5
v -0.2 2.2 -0.5
v -0.2 2.3 -0.5
v -0.1 0.4 -0.5
v -0.1 0.5 -0.5
v -0.1 0.8 -0.5
v -0.1 1.2 -0.5
v -0.1 1.6 -0.5
v -0.1 2.2 -0.5
v -0.1 2.3 -0.5
v -0.1 2.4 -0.5
v -0.1 2.5 -0.5
v -1.19209e-07 0.4 -0.5
v -1.19209e-07 0.8 -0.5
v -1.19209e-07 0.9 -0.5
v -1.19209e-07 1 -0.5
v -1.19209e-07 1.2 -0.5
v -1.19209e-07 1.5 -0.5
v -1.19209e-07 1.6 -0.5
v -1.19209e-07 2.1 -0.5
v -1.19209e-07 2.3 -0.5
v -1.19209e-07 2.4 -0.5
v 0.0999999 0.9 -0.5
v 0.0999999 1 -0.5
v 0.0999999 1.5 -0.5
v 0.0999999 2.1 -0.5
v 0.0999999 2.2 -0.5
v 0.0999999 2.4 -0.5
v 0.0999999 2.5 -0.5
v 0.3 4.2 -0.5
v 0.3 4.3 -0.5
v 0.5 4.2 -0.5
v 0.5 4.3 -0.5
v 0.6 4.3 -0.5
v 0.6 4.4 -0.5
v 0.7 4.2 -0.5
v 0.7 4.3 -0.5
v 0.7 4.4 -0.5
v 1 2.5 -0.5
v 1 2.6 -0.5
v 1 2.8 -0.5
v 1 3.1 -0.5
v 1 3.2 -0.5
v 1.1 2.5 -0.5
v 1.1 2.8 -0.5
v 1.1 3.1 -0.5
v 1.1 3.2 -0.5
v 1.2 4.2 -0.5
v 1.2 4.3 -0.5
v 1.3 4.2 -0.5
v 1.3 4.3 -0.5
v 1.3 4.4 -0.5
v 1.4 4.3 -0.5
v 1.4 4.4 -0.5
v 1.5 4.2 -0.5
v 1.5 4.3 -0.5
v -1.7 3.2 -0.6
v -1.7 3.3 -0.6
v -1.6 3.2 -0.6
v -1.6 3.3 -0.6
v -1.2 3.7 -0.6
v -1.2 4.2 -0.6
v -1.1 3.8 -0.6
v -1.1 4.2 -0.6
v -1 3.7 -0.6
v -1 3.8 -0.6
v -0.9 3.7 -0.6
v -0.9 3.8 -0.6
v -0.9 4.2 -0.6
v -0.8 3.7 -0.6
v -0.8 4.2 -0.6
v -0.3 2.3 -0.6
v -0.3 2.4 -0.6
v -0.3 4.3 -0.6
v -0.3 4.4 -0.6
v -0.2 0.3 -0.6
v -0.2 0.5 -0.6
v -0.2 4.1 -0.6
v -0.2 4.3 -0.6
v -0.1 0.3 -0.6
v -0.1 0.5 -0.6
v -1.19209e-07 2.3 -0.6
v -1.19209e-07 2.4 -0.6
v -1.19209e-07 4 -0.6
v -1.19209e-07 4.1 -0.6
v -1.19209e-07 4.4 -0.6
v 0.0999999 4 -0.6
v 0.0999999 4.1 -0.6
v 0.0999999 4.3 -0.6
v 0.2 4.1 -0.6
v 0.2 4.3 -0.6
v 0.3 0.2 -0.6
v 0.3 0.3 -0.6
v 0.3 4.1 -0.6
v 0.3 4.2 -0.6
v 0.4 0.2 -0.6
v 0.4 0.3 -0.6
v 0.5 0.2 -0.6
v 0.5 0.3 -0.6
v 0.5 0.4 -0.6
v 0.5 4.1 -0.6
v 0.5 4.2 -0.6
v 0.5 4.3 -0.6
v 0.6 0.2 -0.6
v 0.6 0.3 -0.6
v 0.6 0.4 -0.6
v 0.6 4.1 -0.6
v 0.6 4.2 -0.6
v 0.7 4.2 -0.6
v 0.7 4.3 -0.6
v 0.9 4.1 -0.6
v 0.9 4.2 -0.6
v 1 3 -0.6
v 1 3.1 -0.6
v 1 4.1 -0.6
v 1 4.2 -0.6
v 1.1 3 -0.6
v 1.1 3.1 -0.6
v 1.1 3.2 -0.6
v 1.1 4.1 -0.6
v 1.1 4.2 -0.6
v 1.2 3.1 -0.6
v 1.2 3.2 -0.6
v 1.2 4.1 -0.6
v 1.2 4.2 -0.6
v 1.2 4.3 -0.6
v 1.3 4.2 -0.6
v 1.3 4.3 -0.6
v 1.5 4.1 -0.6
v 1.5 4.2 -0.6
v -1.7 3.3 -0.7
v -1.7 3.4 -0.7
v -1.6 3.3 -0.7
v -1.6 3.4 -0.7
v -1.2 2.3 -0.7
v -1.2 2.4 -0.7
v -1.2 3.6 -0.7
v -1.2 3.7 -0.7
v -1.1 2.3 -0.7
v -1.1 2.4 -0.7
v -1.1 3.6 -0.7
v -1.1 3.7 -0.7
v -1 0.3 -0.7
v -1 0.4 -0.7
v -1 3.6 -0.7
v -1 3.7 -0.7
v -1 3.8 -0.7
v -0.9 0.3 -0.7
v -0.9 0.4 -0.7
v -0.9 3.6 -0.7
v -0.9 3.7 -0.7
v -0.9 3.8 -0.7
v -0.8 0.2 -0.7
v -0.8 0.4 -0.7
v -0.8 3.9 -0.7
v -0.8 4.3 -0.7
v -0.6 0.3 -0.7
v -0.6 0.4 -0.7
v -0.6 3.9 -0.7
v -0.6 4 -0.7
v -0.5 0.2 -0.7
v -0.5 0.3 -0.7
v -0.3 4 -0.7
v -0.3 4.1 -0.7
v -0.2 4.1 -0.7
v -0.2 4.3 -0.7
v -1.19209e-07 4.1 -0.7
v -1.19209e-07 4.4 -0.7
v 0.0999999 2.4 -0.7
v 0.0999999 2.5 -0.7
v 0.0999999 4.1 -0.7
v 0.0999999 4.3 -0.7
v 0.0999999 4.4 -0.7
v 0.0999999 4.5 -0.7
v 0.2 2.4 -0.7
v 0.2 2.5 -0.7
v 0.2 4.3 -0.7
v 0.2 4.5 -0.7
v 0.6 0.2 -0.7
v 0.6 0.3 -0.7
v 0.7 0.2 -0.7
v 0.7 0.3 -0.7
v 0.9 4.1 -0.7
v 0.9 4.2 -0.7
v 1 4.1 -0.7
v 1 4.2 -0.7
v 1.3 3.1 -0.7
v 1.3 3.2 -0.7
v 1.4 3.1 -0.7
v 1.4 3.2 -0.7
v 1.5 3.3 -0.7
v 1.5 3.4 -0.7
v 1.5 3.5 -0.7
v 1.5 3.6 -0.7
v 1.6 3.3 -0.7
v 1.6 3.4 -0.7
v 1.6 3.5 -0.7
v 1.6 3.6 -0.7
v -1.7 2.4 -0.8
v -1.7 2.5 -0.8
v -1.7 3.4 -0.8
v -1.7 3.6 -0.8
v -1.6 2.4 -0.8
v -1.6 2.5 -0.8
v -1.6 3.4 -0.8
v -1.6 3.5 -0.8
v -1.6 3.6 -0.8
v -1.6 3.7 -0.8
v -1.5 3.5 -0.8
v -1.5 3.6 -0.8
v -1.2 3.6 -0.8
v -1.2 3.7 -0.8
v -1.1 0.3 -0.8
v -1.1 0.5 -0.8
v -1.1 3.5 -0.8
v -1.1 3.6 -0.8
v -1.1 3.7 -0.8
v -1 0.3 -0.8
v -1 0.4 -0.8
v -1 0.5 -0.8
v -1 2.5 -0.8
v -1 2.6 -0.8
v -1 3.1 -0.8
v -1 3.5 -0.8
v -1 3.6 -0.8
v -1 3.7 -0.8
v -0.9 0.3 -0.8
v -0.9 0.4 -0.8
v -0.9 2.3 -0.8
v -0.9 2.4 -0.8
v -0.9 3 -0.8
v -0.9 3.1 -0.8
v -0.9 3.2 -0.8
v -0.9 3.6 -0.8
v -0.9 3.7 -0.8
v -0.8 0.3 -0.8
v -0.8 0.4 -0.8
v -0.8 2.3 -0.8
v -0.8 2.4 -0.8
v -0.8 2.6 -0.8
v -0.8 2.7 -0.8
v -0.8 3.2 -0.8
v -0.8 3.7 -0.8
v -0.7 2.3 -0.8
v -0.7 2.4 -0.8
v -0.7 2.7 -0.8
v -0.7 2.8 -0.8
v -0.7 3 -0.8
v -0.7 3.1 -0.8
v -0.6 2.3 -0.8
v -0.6 2.4 -0.8
v -0.6 2.8 -0.8
v -0.6 3.1 -0.8
v 0.2 2.3 -0.8
v 0.2 2.4 -0.8
v 0.3 2.3 -0.8
v 0.3 2.4 -0.8
v 0.3 2.5 -0.8
v 0.5 2.4 -0.8
v 0.5 2.5 -0.8
v 0.5 2.6 -0.8
v 0.5 4.1 -0.8
v 0.5 4.2 -0.8
v 0.6 2.5 -0.8
v 0.6 2.6 -0.8
v 0.7 0.2 -0.8
v 0.7 0.3 -0.8
v 0.7 4.1 -0.8
v 0.7 4.2 -0.8
v 0.8 0.2 -0.8
v 0.8 0.3 -0.8
v 1 2.9 -0.8
v 1 3 -0.8
v 1 3.1 -0.8
v 1 3.2 -0.8
v 1.1 2.9 -0.8
v 1.1 3 -0.8
v 1.1 3.1 -0.8
v 1.1 3.2 -0.8
v 1.4 3.1 -0.8
v 1.4 3.2 -0.8
v 1.5 3.1 -0.8
v 1.5 3.2 -0.8
v 1.5 3.3 -0.8
v 1.5 3.6 -0.8
v 1.5 3.7 -0.8
v 1.6 3.2 -0.8
v 1.6 3.3 -0.8
v 1.6 3.6 -0.8
v 1.6 3.7 -0.8
v -1.6 2.4 -0.9
v -1.6 2.5 -0.9
v -1.6 3.5 -0.9
v -1.6 3.6 -0.9
v -1.5 3.5 -0.9
v -1.5 3.6 -0.9
v -1.2 0.3 -0.9
v -1.2 0.5 -0.9
v -1.1 0.3 -0.9
v -1.1 0.5 -0.9
v -1.1 2.3 -0.9
v -1.1 2.4 -0.9
v -1.1 3.5 -0.9
v -1.1 3.6 -0.9
v -1 0.2 -0.9
v -1 0.3 -0.9
v -1 0.4 -0.9
v -1 2.3 -0.9
v -1 2.4 -0.9
v -1 2.5 -0.9
v -1 2.6 -0.9
v -1 3.1 -0.9
v -1 3.5 -0.9
v -0.9 0.3 -0.9
v -0.9 0.4 -0.9
v -0.9 3 -0.9
v -0.9 3.1 -0.9
v -0.9 3.2 -0.9
v -0.9 3.6 -0.9
v -0.8 0.2 -0.9
v -0.8 0.3 -0.9
v -0.8 2.6 -0.9
v -0.8 2.7 -0.9
v -0.7 2.5 -0.9
v -0.7 2.6 -0.9
v -0.7 2.7 -0.9
v -0.7 3 -0.9
v -0.7 3.1 -0.9
v -0.6 2.4 -0.9
v -0.6 2.5 -0.9
v -0.6 2.6 -0.9
v -0.6 2.7 -0.9
v 0.2 2.4 -0.9
v 0.2 2.5 -0.9
v 0.3 2.4 -0.9
v 0.3 2.5 -0.9
v 0.4 0.2 -0.9
v 0.4 0.3 -0.9
v 0.5 0.2 -0.9
v 0.5 0.3 -0.9
v 0.6 2.5 -0.9
v 0.6 2.6 -0.9
v 0.7 2.5 -0.9
v 0.7 2.6 -0.9
v 0.8 0.2 -0.9
v 0.8 0.3 -0.9
v 0.9 0.2 -0.9
v 0.9 0.3 -0.9
v 1 2.7 -0.9
v 1 2.9 -0.9
v 1 4.1 -0.9
v 1 4.2 -0.9
v 1.1 2.7 -0.9
v 1.1 2.9 -0.9
v 1.1 4.1 -0.9
v 1.1 4.2 -0.9
v 1.2 3.1 -0.9
v 1.2 3.2 -0.9
v 1.3 3.1 -0.9
v 1.3 3.2 -0.9
v -1.2 0.2 -1
v -1.2 0.3 -1
v -1 0.2 -1
v -1 0.3 -1
v -0.7 2.7 -1
v -0.7 2.9 -1
v -0.6 2.7 -1
v -0.6 2.9 -1
v -0.5 4 -1
v -0.5 4.1 -1
v -0.4 4 -1
v -0.4 4.1 -1
v 0.5 2.6 -1
v 0.5 3 -1
v 0.5 3.1 -1
v 0.5 3.2 -1
v 0.7 2.5 -1
v 0.7 2.6 -1
v 0.8 2.5 -1
v 0.8 2.7 -1
v 0.8 3 -1
v 0.8 3.1 -1
v 1 2.7 -1
v 1 3.2 -1
v 1.1 4.1 -1
v 1.1 4.2 -1
v 1.2 4.1 -1
v 1.2 4.2 -1
v 1.5 3.7 -1
v 1.5 3.8 -1
v 1.6 3.7 -1
v 1.6 3.8 -1
v -1.5 0.1 -1.1
v -1.5 0.2 -1.1
v -0.9 3.1 -1.1
v -0.9 3.2 -1.1
v -0.8 3.1 -1.1
v -0.8 3.2 -1.1
v -0.8 3.9 -1.1
v -0.7 2.5 -1.1
v -0.7 2.6 -1.1
v -0.7 2.9 -1.1
v -0.7 3 -1.1
v -0.6 2.5 -1.1
v -0.6 2.6 -1.1
v -0.6 2.9 -1.1
v -0.6 3 -1.1
v -0.6 3.1 -1.1
v -0.6 3.9 -1.1
v -0.6 4 -1.1
v -0.5 2.9 -1.1
v -0.5 3 -1.1
v -0.5 3.1 -1.1
v -0.4 4 -1.1
v -0.4 4.1 -1.1
v -0.3 3.1 -1.1
v -0.3 3.2 -1.1
v -0.3 3.3 -1.1
v -0.2 2.6 -1.1
v -0.2 2.7 -1.1
v -0.2 3.3 -1.1
v -0.2 3.4 -1.1
v -0.1 2.5 -1.1
v -0.1 2.6 -1.1
v -1.19209e-07 2.5 -1.1
v -1.19209e-07 2.6 -1.1
v -1.19209e-07 2.7 -1.1
v -1.19209e-07 3 -1.1
v -1.19209e-07 3.2 -1.1
v -1.19209e-07 3.3 -1.1
v -1.19209e-07 3.4 -1.1
v -1.19209e-07 3.5 -1.1
v -1.19209e-07 4 -1.1
v -1.19209e-07 4.1 -1.1
v 0.0999999 2.4 -1.1
v 0.0999999 2.5 -1.1
v 0.0999999 2.6 -1.1
v 0.0999999 2.7 -1.1
v 0.0999999 2.9 -1.1
v 0.0999999 3 -1.1
v 0.0999999 3.3 -1.1
v 0.0999999 3.4 -1.1
v 0.0999999 3.5 -1.1
v 0.0999999 3.6 -1.1
v 0.0999999 4 -1.1
v 0.0999999 4.1 -1.1
v 0.2 2.4 -1.1
v 0.2 2.5 -1.1
v 0.2 2.6 -1.1
v 0.2 2.7 -1.1
v 0.2 2.8 -1.1
v 0.2 2.9 -1.1
v 0.2 3 -1.1
v 0.2 3.4 -1.1
v 0.2 3.6 -1.1
v 0.2 3.7 -1.1
v 0.3 2.8 -1.1
v 0.3 2.9 -1.1
v 0.3 3.5 -1.1
v 0.3 3.6 -1.1
v 0.3 3.7 -1.1
v 0.3 3.8 -1.1
v 0.4 2.9 -1.1
v 0.4 3 -1.1
v 0.4 3.5 -1.1
v 0.4 3.7 -1.1
v 0.4 3.8 -1.1
v 0.4 3.9 -1.1
v 0.5 2.5 -1.1
v 0.5 3 -1.1
v 0.5 3.1 -1.1
v 0.5 3.2 -1.1
v 0.5 3.4 -1.1
v 0.5 3.5 -1.1
v 0.5 3.6 -1.1
v 0.5 3.7 -1.1
v 0.5 3.8 -1.1
v 0.6 3.6 -1.1
v 0.6 3.7 -1.1
v 0.6 3.8 -1.1
v 0.6 3.9 -1.1
v 0.6 4 -1.1
v 0.7 3.7 -1.1
v 0.7 3.8 -1.1
v 0.7 4 -1.1
v 0.7 4.1 -1.1
v 0.8 2.5 -1.1
v 0.8 2.6 -1.1
v 0.8 3 -1.1
v 0.8 3.1 -1.1
v 0.8 3.4 -1.1
v 0.8 3.5 -1.1
v 0.8 3.6 -1.1
v 0.8 3.9 -1.1
v 0.8 4 -1.1
v 0.8 4.1 -1.1
v 0.8 4.2 -1.1
v 0.9 2.5 -1.1
v 0.9 2.6 -1.1
v 0.9 4 -1.1
v 0.9 4.1 -1.1
v 0.9 4.2 -1.1
v 1.2 0.1 -1.1
v 1.2 0.2 -1.1
v 1.2 3.4 -1.1
v 1.2 3.5 -1.1
v 1.2 3.6 -1.1
v 1.2 4.1 -1.1
v 1.2 4.2 -1.1
v 1.3 3.9 -1.1
v 1.3 4.1 -1.1
v 1.3 4.2 -1.1
v 1.4 3.8 -1.1
v 1.4 3.9 -1.1
v 1.4 4 -1.1
v 1.4 4.1 -1.1
v 1.5 3.2 -1.1
v 1.5 3.4 -1.1
v 1.5 3.5 -1.1
v 1.5 3.8 -1.1
v 1.5 3.9 -1.1
v 1.5 4 -1.1
v 1.5 4.1 -1.1
v 1.6 3.4 -1.1
v 1.6 3.5 -1.1
v 1.6 3.8 -1.1
v 1.6 3.9 -1.1
v -0.8 3.1 -1.2
v -0.8 3.2 -1.2
v -0.6 2.5 -1.2
v -0.6 2.6 -1.2
v -0.6 2.9 -1.2
v -0.6 3 -1.2
v -0.5 2.9 -1.2
v -0.5 3 -1.2
v -0.5 3.1 -1.2
v -0.5 3.2 -1.2
v -0.3 3.1 -1.2
v -0.3 3.2 -1.2
v -0.3 3.3 -1.2
v -0.2 2.6 -1.2
v -0.2 2.7 -1.2
v -0.2 3.3 -1.2
v -0.2 3.4 -1.2
v -0.1 2.5 -1.2
v -0.1 2.6 -1.2
v -0.1 3.3 -1.2
v -0.1 3.4 -1.2
v -1.19209e-07 2.5 -1.2
v -1.19209e-07 2.6 -1.2
v -1.19209e-07 2.7 -1.2
v -1.19209e-07 2.8 -1.2
v -1.19209e-07 3 -1.2
v -1.19209e-07 3.2 -1.2
v -1.19209e-07 3.3 -1.2
v -1.19209e-07 3.4 -1.2
v 0.0999999 2.6 -1.2
v 0.0999999 2.7 -1.2
v 0.0999999 2.8 -1.2
v 0.0999999 2.9 -1.2
v 0.0999999 3 -1.2
v 0.0999999 3.3 -1.2
v 0.0999999 3.4 -1.2
v 0.2 2.5 -1.2
v 0.2 2.6 -1.2
v 0.2 2.7 -1.2
v 0.2 2.8 -1.2
v 0.2 2.9 -1.2
v 0.2 3 -1.2
v 0.2 3.6 -1.2
v 0.2 3.7 -1.2
v 0.3 2.8 -1.2
v 0.3 2.9 -1.2
v 0.3 3 -1.2
v 0.3 3.1 -1.2
v 0.3 3.5 -1.2
v 0.3 3.6 -1.2
v 0.3 3.7 -1.2
v 0.3 3.8 -1.2
v 0.4 2.9 -1.2
v 0.4 3 -1.2
v 0.4 3.1 -1.2
v 0.4 3.5 -1.2
v 0.4 3.6 -1.2
v 0.4 3.7 -1.2
v 0.4 3.8 -1.2
v 0.4 3.9 -1.2
v 0.5 3 -1.2
v 0.5 3.1 -1.2
v 0.5 3.4 -1.2
v 0.5 3.5 -1.2
v 0.5 3.6 -1.2
v 0.5 3.7 -1.2
v 0.5 3.8 -1.2
v 0.6 3.6 -1.2
v 0.6 3.7 -1.2
v 0.6 3.8 -1.2
v 0.6 3.9 -1.2
v 0.6 4 -1.2
v 0.7 3.7 -1.2
v 0.7 3.8 -1.2
v 0.7 4 -1.2
v 0.7 4.1 -1.2
v 0.8 2.6 -1.2
v 0.8 2.7 -1.2
v 0.8 3.4 -1.2
v 0.8 3.5 -1.2
v 0.8 3.6 -1.2
v 0.8 3.9 -1.2
v 0.8 4 -1.2
v 0.9 4 -1.2
v 0.9 4.1 -1.2
v 1 2.6 -1.2
v 1 2.7 -1.2
v 1.2 3.4 -1.2
v 1.2 3.5 -1.2
v 1.2 3.6 -1.2
v 1.3 3.9 -1.2
v 1.3 4.1 -1.2
v 1.4 3.8 -1.2
v 1.4 3.9 -1.2
v 1.4 4 -1.2
v 1.4 4.1 -1.2
v 1.5 3.4 -1.2
v 1.5 3.5 -1.2
v 1.5 3.8 -1.2
v 1.5 4 -1.2
v -0.5 3.1 -1.3
v -0.5 3.2 -1.3
v -0.3 3.1 -1.3
v -0.3 3.2 -1.3
v -0.1 3.3 -1.3
v -0.1 3.4 -1.3
v -1.19209e-07 2.6 -1.3
v -1.19209e-07 2.8 -1.3
v -1.19209e-07 3.3 -1.3
v -1.19209e-07 3.4 -1.3
v -1.19209e-07 3.5 -1.3
v 0.0999999 2.6 -1.3
v 0.0999999 2.8 -1.3
v 0.0999999 3.5 -1.3
v 0.0999999 3.6 -1.3
v 0.2 3.4 -1.3
v 0.2 3.6 -1.3
v 0.3 3 -1.3
v 0.3 3.1 -1.3
v 0.3 3.6 -1.3
v 0.3 3.7 -1.3
v 0.4 3 -1.3
v 0.4 3.1 -1.3
v 0.4 3.6 -1.3
v 0.4 3.7 -1.3
v -1.8 0 -1.4
v -1.8 0.1 -1.4
v 1.5 0 -1.4
v 1.5 0.1 -1.4
v -1.8 0 1.9
v 1.5 0 1.9
v -1.8 0 -1.4
v 1.5 0 -1.4
v -0.4 0.3 1
v -0.3 0.3 1
v -0.6 0.3 0.9
v -0.5 0.3 0.9
v -0.4 0.3 0.9
v -0.3 0.3 0.9
v -0.6 0.3 0.8
v -0.5 0.3 0.8
v 0.5 0.3 0.8
v 0.6 0.3 0.8
v 0.5 0.3 0.7
v 0.6 0.3 0.7
v -0.9 0.3 0.3
v -0.8 0.3 0.3
v -0.9 0.3 0.2
v -0.8 0.3 0.2
v 0.9 0.3 -0.2
v 1 0.3 -0.2
v 0.9 0.3 -0.3
v 1 0.3 -0.3
v -0.3 0.3 -0.4
v -0.1 0.3 -0.4
v -0.3 0.3 -0.5
v -0.2 0.3 -0.5
v -0.2 0.3 -0.6
v -0.1 0.3 -0.6
v -0.1 0.4 1
v -1.19209e-07 0.4 1
v -0.1 0.4 0.9
v -1.19209e-07 0.4 0.9
v -0.7 0.4 0.8
v -0.6 0.4 0.8
v -0.9 0.4 0.7
v -0.8 0.4 0.7
v -0.7 0.4 0.7
v -0.6 0.4 0.7
v -0.9 0.4 0.6
v -0.8 0.4 0.6
v -1.1 0.4 0.5
v -0.9 0.4 0.5
v -1.1 0.4 0.4
v -0.9 0.4 0.4
v -0.9 0.4 0.2
v -0.8 0.4 0.2
v -1 0.4 0.1
v -0.9 0.4 0.1
v -0.8 0.4 0.1
v -1 0.4 0
v -0.9 0.4 0
v 0.4 0.4 0
v 0.5 0.4 0
v 0.4 0.4 -0.1
v 0.5 0.4 -0.1
v -0.1 0.4 -0.4
v -1.19209e-07 0.4 -0.4
v -0.1 0.4 -0.5
v -1.19209e-07 0.4 -0.5
v -0.4 0.5 1.1
v -0.3 0.5 1.1
v -0.4 0.5 1
v -0.3 0.5 1
v -0.2 0.5 1
v -0.1 0.5 1
v -0.7 0.5 0.9
v -0.6 0.5 0.9
v -0.2 0.5 0.9
v -0.1 0.5 0.9
v -0.7 0.5 0.8
v -0.6 0.5 0.8
v -0.9 0.5 0.3
v -0.8 0.5 0.3
v -0.9 0.5 0.2
v -0.8 0.5 0.2
v 0.5 0.5 0.1
v 0.6 0.5 0.1
v 0.5 0.5 0
v 0.6 0.5 0
v -0.5 0.5 -0.3
v -0.4 0.5 -0.3
v -0.5 0.5 -0.4
v -0.4 0.5 -0.4
v -0.3 0.6 1
v -0.2 0.6 1
v -0.3 0.6 0.9
v -0.2 0.6 0.9
v 0.3 0.6 0.9
v 0.4 0.6 0.9
v 0.3 0.6 0.8
v 0.4 0.6 0.8
v 0.4 0.6 0.7
v 0.5 0.6 0.7
v 0.4 0.6 0.6
v 0.5 0.6 0.6
v -0.9 0.6 0.4
v -0.8 0.6 0.4
v -0.9 0.6 0.3
v -0.8 0.6 0.3
v 0.5 0.6 0.2
v 0.6 0.6 0.2
v 0.5 0.6 0.1
v 0.6 0.6 0.1
v 0.0999999 0.6 -0.3
v 0.2 0.6 -0.3
v 0.0999999 0.6 -0.4
v 0.2 0.6 -0.4
v -0.5 0.7 1
v -0.4 0.7 1
v -0.5 0.7 0.9
v -0.4 0.7 0.9
v 0.4 0.7 0.9
v 0.5 0.7 0.9
v 0.4 0.7 0.8
v 0.5 0.7 0.8
v -0.8 0.7 0.6
v -0.7 0.7 0.6
v -0.8 0.7 0.5
v -0.7 0.7 0.5
v 0.5 0.7 0.3
v 0.6 0.7 0.3
v 0.5 0.7 0.2
v 0.6 0.7 0.2
v 0.4 0.7 -0.1
v 0.5 0.7 -0.1
v 0.4 0.7 -0.2
v 0.5 0.7 -0.2
v -0.8 0.8 0.8
v -0.7 0.8 0.8
v -0.8 0.8 0.7
v -0.7 0.8 0.7
v 0.5 0.8 0.5
v 0.6 0.8 0.5
v 0.5 0.8 0.3
v 0.6 0.8 0.3
v -1.19209e-07 0.9 1
v 0.0999999 0.9 1
v -0.8 0.9 0.9
v -0.6 0.9 0.9
v -0.5 0.9 0.9
v -0.4 0.9 0.9
v -1.19209e-07 0.9 0.9
v 0.0999999 0.9 0.9
v -0.8 0.9 0.8
v -0.6 0.9 0.8
v -0.5 0.9 0.8
v -0.4 0.9 0.8
v 0.6 0.9 0.4
v 0.7 0.9 0.4
v 0.6 0.9 0.3
v 0.7 0.9 0.3
v -1.19209e-07 0.9 -0.4
v 0.0999999 0.9 -0.4
v -1.19209e-07 0.9 -0.5
v 0.0999999 0.9 -0.5
v 0.5 1 0.2
v 0.6 1 0.2
v 0.5 1 0.1
v 0.6 1 0.1
v -0.2 1.1 1
v -0.1 1.1 1
v -0.2 1.1 0.9
v -0.1 1.1 0.9
v -0.6 1.1 -0.3
v -0.5 1.1 -0.3
v -0.6 1.1 -0.4
v -0.5 1.1 -0.4
v -0.4 1.1 -0.4
v -0.3 1.1 -0.4
v -0.4 1.1 -0.5
v -0.3 1.1 -0.5
v -0.6 1.2 0.9
v -0.5 1.2 0.9
v -0.6 1.2 0.8
v -0.5 1.2 0.8
v 0.5 1.2 0.1
v 0.6 1.2 0.1
v 0.5 1.2 0
v 0.6 1.2 0
v -0.1 1.2 -0.4
v -1.19209e-07 1.2 -0.4
v -0.1 1.2 -0.5
v -1.19209e-07 1.2 -0.5
v -0.2 1.3 1.1
v -0.1 1.3 1.1
v -0.4 1.3 1
v -0.2 1.3 1
v -0.1 1.3 1
v -0.4 1.3 0.9
v -0.2 1.3 0.9
v -0.1 1.5 1
v 0.0999999 1.5 1
v -0.1 1.5 0.9
v 0.0999999 1.5 0.9
v 0.2 1.5 0.9
v 0.0999999 1.5 0.8
v 0.2 1.5 0.8
v 0.4 1.5 0
v 0.5 1.5 0
v 0.4 1.5 -0.1
v 0.5 1.5 -0.1
v -1.19209e-07 1.5 -0.4
v 0.0999999 1.5 -0.4
v -1.19209e-07 1.5 -0.5
v 0.0999999 1.5 -0.5
v 0.2 1.6 0.9
v 0.3 1.6 0.9
v 0.2 1.6 0.8
v 0.3 1.6 0.8
v 0.4 1.6 0.8
v -0.8 1.6 0.7
v -0.7 1.6 0.7
v 0.3 1.6 0.7
v 0.4 1.6 0.7
v 0.5 1.6 0.7
v 0.4 1.6 0.6
v 0.5 1.6 0.6
v -0.8 1.6 0.5
v -0.7 1.6 0.5
v -0.7 1.6 -0.2
v -0.6 1.6 -0.2
v -0.7 1.6 -0.3
v -0.6 1.6 -0.3
v 0.4 1.7 0.6
v 0.5 1.7 0.6
v -0.9 1.7 0.5
v -0.8 1.7 0.5
v 0.4 1.7 0.5
v 0.5 1.7 0.5
v 0.6 1.7 0.5
v -0.9 1.7 0.2
v -0.8 1.7 0.2
v 0.5 1.7 0
v 0.6 1.7 0
v -0.9 1.8 0.2
v -0.8 1.8 0.2
v -0.9 1.8 0.1
v -0.8 1.8 0.1
v 0.0999999 1.8 -0.3
v 0.2 1.8 -0.3
v 0.0999999 1.8 -0.4
v 0.2 1.8 -0.4
v -0.9 1.9 0.1
v -0.8 1.9 0.1
v -0.9 1.9 0
v -0.8 1.9 0
v 0.5 2 0.1
v 0.6 2 0.1
v -0.9 2 0
v -0.7 2 0
v 0.5 2 0
v 0.6 2 0
v -0.9 2 -0.2
v -0.7 2 -0.2
v 0.2 2 -0.3
v 0.3 2 -0.3
v 0.2 2 -0.4
v 0.3 2 -0.4
v 0.7 2.1 1
v 0.9 2.1 1
v 0.8 2.1 0.9
v 0.9 2.1 0.9
v 0.7 2.1 0.7
v 0.8 2.1 0.7
v 0.9 2.1 0.7
v 0.9 2.1 0.6
v 1 2.1 0.6
v 0.8 2.1 0.5
v 0.9 2.1 0.5
v 0.5 2.1 0.3
v 0.6 2.1 0.3
v 0.5 2.1 0.2
v 0.6 2.1 0.2
v 0.9 2.1 0.2
v 1 2.1 0.2
v -0.7 2.1 -0.2
v -0.6 2.1 -0.2
v -0.7 2.1 -0.3
v -0.6 2.1 -0.3
v -0.2 2.2 1
v 0.7 2.2 1
v 0.9 2.2 1
v 1.1 2.2 1
v -0.2 2.2 0.9
v 0.0999999 2.2 0.9
v 0.8 2.2 0.9
v 0.9 2.2 0.9
v -0.7 2.2 0.8
v -0.6 2.2 0.8
v 0.0999999 2.2 0.8
v 0.3 2.2 0.8
v -0.7 2.2 0.7
v -0.6 2.2 0.7
v 0.3 2.2 0.7
v 0.4 2.2 0.7
v 0.7 2.2 0.7
v 0.8 2.2 0.7
v 0.9 2.2 0.7
v 0.9 2.2 0.6
v 1 2.2 0.6
v 0.4 2.2 0.5
v 0.5 2.2 0.5
v 0.8 2.2 0.5
v 0.9 2.2 0.5
v 0.5 2.2 0.3
v 0.6 2.2 0.3
v 0.6 2.2 0.2
v 0.9 2.2 0.2
v 1 2.2 0.2
v 1.1 2.2 0.2
v 0.4 2.2 0
v 0.5 2.2 0
v 0.4 2.2 -0.1
v 0.5 2.2 -0.1
v -1 2.2 -0.2
v -0.9 2.2 -0.2
v -1 2.2 -0.4
v -0.9 2.2 -0.4
v -0.4 2.2 -0.4
v -0.2 2.2 -0.4
v -0.1 2.2 -0.4
v 0.0999999 2.2 -0.4
v -0.4 2.2 -0.5
v -0.2 2.2 -0.5
v -0.1 2.2 -0.5
v 0.0999999 2.2 -0.5
v -0.3 2.3 1.2
v -0.1 2.3 1.2
v 0.6 2.3 1.2
v 0.7 2.3 1.2
v -0.2 2.3 1.1
v -0.1 2.3 1.1
v 0.5 2.3 1.1
v 0.6 2.3 1.1
v 0.7 2.3 1.1
v -0.4 2.3 1
v -0.3 2.3 1
v -0.2 2.3 1
v 0.5 2.3 1
v 0.6 2.3 1
v -0.6 2.3 0.9
v -0.4 2.3 0.9
v -0.3 2.3 0.9
v -0.6 2.3 0.8
v -0.4 2.3 0.8
v -0.8 2.3 0.6
v -0.7 2.3 0.6
v -1.1 2.3 0.5
v -0.9 2.3 0.5
v -0.8 2.3 0.5
v -0.7 2.3 0.5
v -1.6 2.3 0.3
v -1.5 2.3 0.3
v -1.1 2.3 0.3
v -0.9 2.3 0.3
v -1.6 2.3 0.2
v -1.5 2.3 0.2
v -1.4 2.3 0.2
v -1.1 2.3 0.2
v -0.9 2.3 0.2
v 0.7 2.3 0.2
v 0.9 2.3 0.2
v 0.7 2.3 0.1
v 0.8 2.3 0.1
v -1.5 2.3 0
v -1.4 2.3 0
v -1.3 2.3 0
v 0.9 2.3 0
v 1 2.3 0
v -1.1 2.3 -0.1
v -1 2.3 -0.1
v -0.9 2.3 -0.1
v -0.7 2.3 -0.1
v 0.8 2.3 -0.1
v 0.9 2.3 -0.1
v -1 2.3 -0.2
v -0.9 2.3 -0.2
v -0.7 2.3 -0.2
v -0.6 2.3 -0.2
v 1 2.3 -0.2
v 1.1 2.3 -0.2
v -1.4 2.3 -0.3
v -1.3 2.3 -0.3
v -1.2 2.3 -0.3
v -0.7 2.3 -0.3
v -0.6 2.3 -0.3
v -0.4 2.3 -0.3
v 0.9 2.3 -0.3
v 1 2.3 -0.3
v 1.1 2.3 -0.3
v 1.3 2.3 -0.3
v -1 2.3 -0.4
v -0.9 2.3 -0.4
v -0.7 2.3 -0.4
v -0.6 2.3 -0.4
v -0.5 2.3 -0.4
v -0.4 2.3 -0.4
v -0.2 2.3 -0.4
v -0.1 2.3 -0.4
v 1 2.3 -0.4
v 1.3 2.3 -0.4
v -1.3 2.3 -0.5
v -1.2 2.3 -0.5
v -1.1 2.3 -0.5
v -1 2.3 -0.5
v -0.9 2.3 -0.5
v -0.8 2.3 -0.5
v -0.5 2.3 -0.5
v -0.4 2.3 -0.5
v -0.3 2.3 -0.5
v -0.2 2.3 -0.5
v -0.1 2.3 -0.5
v -1.19209e-07 2.3 -0.5
v -0.3 2.3 -0.6
v -1.19209e-07 2.3 -0.6
v 0.2 2.3 -0.6
v 0.3 2.3 -0.6
v -1.2 2.3 -0.7
v -1.1 2.3 -0.7
v -1 2.3 -0.7
v -0.9 2.3 -0.8
v -0.8 2.3 -0.8
v -0.7 2.3 -0.8
v -0.6 2.3 -0.8
v 0.2 2.3 -0.8
v 0.3 2.3 -0.8
v -1.1 2.3 -0.9
v -1 2.3 -0.9
v -0.1 2.4 1.3
v -1.19209e-07 2.4 1.3
v -0.5 2.4 1.2
v -0.3 2.4 1.2
v -0.1 2.4 1.2
v -1.19209e-07 2.4 1.2
v 0.6 2.4 1.2
v 0.7 2.4 1.2
v 1.1 2.4 1.2
v -0.2 2.4 1.1
v -0.1 2.4 1.1
v 0.5 2.4 1.1
v 0.6 2.4 1.1
v 0.7 2.4 1.1
v -0.5 2.4 1
v -0.4 2.4 1
v -0.3 2.4 1
v -0.2 2.4 1
v 0.5 2.4 1
v 0.6 2.4 1
v 1.1 2.4 1
v -1.6 2.4 0.6
v -1.4 2.4 0.6
v -1.2 2.4 0.6
v -1 2.4 0.6
v -1.4 2.4 0.5
v -1.2 2.4 0.5
v -1.1 2.4 0.5
v -1 2.4 0.5
v -0.9 2.4 0.5
v -0.8 2.4 0.5
v -1.7 2.4 0.4
v -1.6 2.4 0.4
v -1.7 2.4 0.3
v -1.6 2.4 0.3
v -1.5 2.4 0.3
v -1.1 2.4 0.3
v -0.9 2.4 0.3
v -1.6 2.4 0.2
v -1.5 2.4 0.2
v -1.4 2.4 0.2
v -1.1 2.4 0.2
v -0.9 2.4 0.2
v 0.5 2.4 0.2
v 0.7 2.4 0.2
v 0.9 2.4 0.2
v 1.1 2.4 0.2
v 1.5 2.4 0.2
v 0.7 2.4 0.1
v 0.8 2.4 0.1
v -1.5 2.4 0
v -1.4 2.4 0
v -1.3 2.4 0
v -0.8 2.4 0
v -0.7 2.4 0
v 0.4 2.4 0
v 0.5 2.4 0
v 0.9 2.4 0
v 1 2.4 0
v -1.1 2.4 -0.1
v -1 2.4 -0.1
v -0.9 2.4 -0.1
v -0.7 2.4 -0.1
v 0.8 2.4 -0.1
v 0.9 2.4 -0.1
v -0.9 2.4 -0.2
v -0.7 2.4 -0.2
v 0.4 2.4 -0.2
v 1 2.4 -0.2
v 1.1 2.4 -0.2
v -1.7 2.4 -0.3
v -1.6 2.4 -0.3
v -1.4 2.4 -0.3
v -1.3 2.4 -0.3
v -1.2 2.4 -0.3
v -0.7 2.4 -0.3
v -0.6 2.4 -0.3
v 0.9 2.4 -0.3
v 1 2.4 -0.3
v 1.1 2.4 -0.3
v 1.3 2.4 -0.3
v -0.7 2.4 -0.4
v -0.6 2.4 -0.4
v 0.4 2.4 -0.4
v 1 2.4 -0.4
v 1.3 2.4 -0.4
v 1.5 2.4 -0.4
v -1.3 2.4 -0.5
v -1.2 2.4 -0.5
v -1.1 2.4 -0.5
v -1 2.4 -0.5
v -0.9 2.4 -0.5
v -0.8 2.4 -0.5
v 0.0999999 2.4 -0.5
v 0.3 2.4 -0.5
v 0.2 2.4 -0.6
v 0.3 2.4 -0.6
v 0.4 2.4 -0.6
v -1.2 2.4 -0.7
v -1.1 2.4 -0.7
v -1 2.4 -0.7
v 0.0999999 2.4 -0.7
v 0.2 2.4 -0.7
v 0.4 2.4 -0.7
v 0.5 2.4 -0.7
v -1.7 2.4 -0.8
v -1.6 2.4 -0.8
v -0.9 2.4 -0.8
v -0.8 2.4 -0.8
v -0.7 2.4 -0.8
v -0.6 2.4 -0.8
v 0.2 2.4 -0.8
v 0.3 2.4 -0.8
v 0.5 2.4 -0.8
v -1.6 2.4 -0.9
v -1.1 2.4 -0.9
v -1 2.4 -0.9
v -0.6 2.4 -0.9
v 0.0999999 2.4 -0.9
v 0.2 2.4 -0.9
v 0.3 2.4 -0.9
v 0.0999999 2.4 -1.1
v 0.2 2.4 -1.1
v -1.19209e-07 2.5 1.3
v 0.3 2.5 1.3
v 1 2.5 1.3
v 1.1 2.5 1.3
v -1.3 2.5 1.2
v -1.2 2.5 1.2
v -1.19209e-07 2.5 1.2
v 0.3 2.5 1.2
v 1 2.5 1.2
v 1.1 2.5 1.2
v 1.2 2.5 1.2
v 1.1 2.5 1.1
v 1.2 2.5 1.1
v -1.4 2.5 1
v -1.3 2.5 1
v -1.4 2.5 0.9
v -1.2 2.5 0.9
v -1.4 2.5 0.6
v -1.2 2.5 0.6
v -1.4 2.5 0.5
v -1.2 2.5 0.5
v -1.7 2.5 0
v -1.6 2.5 0
v 0.3 2.5 -0.2
v 0.4 2.5 -0.2
v -1.7 2.5 -0.3
v -1.6 2.5 -0.3
v 0.0999999 2.5 -0.3
v 0.3 2.5 -0.3
v -0.6 2.5 -0.4
v -0.5 2.5 -0.4
v -0.4 2.5 -0.4
v -0.1 2.5 -0.4
v 0.0999999 2.5 -0.4
v 0.4 2.5 -0.4
v 0.5 2.5 -0.4
v 1 2.5 -0.4
v 1.1 2.5 -0.4
v -0.1 2.5 -0.5
v 0.0999999 2.5 -0.5
v 0.3 2.5 -0.5
v 1 2.5 -0.5
v 1.1 2.5 -0.5
v 0.3 2.5 -0.6
v 0.4 2.5 -0.6
v 0.5 2.5 -0.6
v 0.6 2.5 -0.6
v 0.0999999 2.5 -0.7
v 0.2 2.5 -0.7
v 0.4 2.5 -0.7
v 0.5 2.5 -0.7
v 0.6 2.5 -0.7
v 0.7 2.5 -0.7
v 0.3 2.5 -0.8
v 0.5 2.5 -0.8
v 0.6 2.5 -0.8
v 0.7 2.5 -0.8
v 0.8 2.5 -0.8
v -0.7 2.5 -0.9
v -0.6 2.5 -0.9
v 0.0999999 2.5 -0.9
v 0.2 2.5 -0.9
v 0.3 2.5 -0.9
v 0.6 2.5 -0.9
v 0.7 2.5 -0.9
v 0.8 2.5 -0.9
v 0.9 2.5 -0.9
v 0.7 2.5 -1
v 0.8 2.5 -1
v -0.7 2.5 -1.1
v -0.6 2.5 -1.1
v -0.1 2.5 -1.1
v -1.19209e-07 2.5 -1.1
v 0.0999999 2.5 -1.1
v 0.2 2.5 -1.1
v 0.5 2.5 -1.1
v 0.8 2.5 -1.1
v 0.9 2.5 -1.1
v -0.6 2.5 -1.2
v -0.1 2.5 -1.2
v -1.19209e-07 2.5 -1.2
v 0.2 2.5 -1.2
v 0.5 2.6 1.4
v 0.6 2.6 1.4
v 0.3 2.6 1.3
v 0.5 2.6 1.3
v 0.6 2.6 1.3
v 1 2.6 1.3
v -1.4 2.6 1.2
v -1.3 2.6 1.2
v 0.3 2.6 1.2
v 1 2.6 1.2
v -1.6 2.6 1.1
v -1.4 2.6 1.1
v -1.2 2.6 1.1
v -0.5 2.6 1.1
v 1.1 2.6 1.1
v 1.2 2.6 1.1
v -1.4 2.6 1
v -1.3 2.6 1
v -0.5 2.6 1
v -0.2 2.6 1
v 1.2 2.6 1
v 1.4 2.6 1
v -1.6 2.6 0.9
v -1.4 2.6 0.9
v -1.2 2.6 0.9
v -0.4 2.6 0.9
v -0.2 2.6 0.9
v 1.1 2.6 0.9
v 1.3 2.6 0.9
v 1.4 2.6 0.9
v 1.5 2.6 0.9
v 1.3 2.6 0.8
v 1.4 2.6 0.8
v 1.4 2.6 0.7
v 1.5 2.6 0.7
v -1.7 2.6 0.1
v -1.6 2.6 0.1
v -1.7 2.6 0
v -1.6 2.6 0
v 1.5 2.6 0
v 1.6 2.6 0
v 1.5 2.6 -0.1
v 1.6 2.6 -0.1
v 0.5 2.6 -0.4
v 1 2.6 -0.4
v 1 2.6 -0.5
v 0.5 2.6 -0.6
v 0.6 2.6 -0.6
v 0.6 2.6 -0.7
v 0.7 2.6 -0.7
v 0.5 2.6 -0.8
v 0.6 2.6 -0.8
v 0.7 2.6 -0.8
v 0.8 2.6 -0.8
v 0.6 2.6 -0.9
v 0.7 2.6 -0.9
v 0.8 2.6 -0.9
v 0.9 2.6 -0.9
v 0.5 2.6 -1
v 0.7 2.6 -1
v -0.1 2.6 -1.1
v -1.19209e-07 2.6 -1.1
v 0.8 2.6 -1.1
v 0.9 2.6 -1.1
v -0.1 2.6 -1.2
v -1.19209e-07 2.6 -1.2
v 0.0999999 2.6 -1.2
v 0.8 2.6 -1.2
v 1 2.6 -1.2
v -1.19209e-07 2.6 -1.3
v 0.0999999 2.6 -1.3
v 0.2 2.7 1.3
v 0.3 2.7 1.3
v -1.2 2.7 1.2
v -1 2.7 1.2
v 0.2 2.7 1.2
v 0.3 2.7 1.2
v 1.2 2.7 1.2
v 1.5 2.7 1.2
v -1.2 2.7 1.1
v -1 2.7 1.1
v 1.2 2.7 1
v 1.4 2.7 1
v -1 2.7 0.9
v -0.4 2.7 0.9
v 1.1 2.7 0.9
v 1.3 2.7 0.9
v 1.4 2.7 0.9
v 1.5 2.7 0.9
v -1 2.7 0.8
v -0.6 2.7 0.8
v -0.4 2.7 0.8
v 1.3 2.7 0.8
v 1.4 2.7 0.8
v 1.5 2.7 0.8
v 1.6 2.7 0.8
v -1.1 2.7 0.7
v -1 2.7 0.7
v 1.4 2.7 0.7
v 1.5 2.7 0.7
v -1.1 2.7 0.6
v -1 2.7 0.6
v -0.9 2.7 0.6
v -1 2.7 0.5
v -0.9 2.7 0.5
v 1.5 2.7 0.5
v 1.6 2.7 0.5
v 1.1 2.7 0.2
v 1.5 2.7 0.2
v 1.5 2.7 0.1
v 1.6 2.7 0.1
v 1.5 2.7 0
v 1.6 2.7 0
v 1 2.7 -0.8
v 1.1 2.7 -0.8
v -0.7 2.7 -0.9
v -0.6 2.7 -0.9
v 1 2.7 -0.9
v 1.1 2.7 -0.9
v -0.7 2.7 -1
v -0.6 2.7 -1
v 0.0999999 2.7 -1.1
v 0.2 2.7 -1.1
v 0.0999999 2.7 -1.2
v 0.2 2.7 -1.2
v -0.8 2.8 1.5
v -0.7 2.8 1.5
v 0.6 2.8 1.5
v 0.7 2.8 1.5
v -0.3 2.8 1.4
v -0.2 2.8 1.4
v 0.6 2.8 1.4
v 0.7 2.8 1.4
v -0.2 2.8 1.3
v 0.2 2.8 1.3
v -1 2.8 1.2
v -0.8 2.8 1.2
v -0.3 2.8 1.2
v 0.2 2.8 1.2
v -1 2.8 1.1
v -0.7 2.8 1.1
v 1.5 2.8 1
v 1.6 2.8 1
v -1.6 2.8 0.9
v -1 2.8 0.9
v -1 2.8 0.8
v -0.6 2.8 0.8
v 1.5 2.8 0.8
v 1.6 2.8 0.8
v -1.1 2.8 0.7
v -1 2.8 0.7
v -0.7 2.8 0.7
v -0.6 2.8 0.7
v -1 2.8 0.6
v -0.9 2.8 0.6
v -1.6 2.8 0.5
v -1.1 2.8 0.5
v -0.9 2.8 0.5
v -0.8 2.8 0.5
v -0.7 2.8 0.5
v -1.7 2.8 0.2
v -1.6 2.8 0.2
v 1.5 2.8 0.2
v 1.6 2.8 0.2
v -1.7 2.8 0.1
v -1.6 2.8 0.1
v 1.5 2.8 0.1
v 1.6 2.8 0.1
v 1 2.8 -0.5
v 1.1 2.8 -0.5
v 1 2.8 -0.8
v 1.1 2.8 -0.8
v 0.2 2.8 -1.1
v 0.3 2.8 -1.1
v 0.2 2.8 -1.2
v 0.3 2.8 -1.2
v -0.9 2.9 1.8
v -0.5 2.9 1.8
v -0.5 2.9 1.7
v 0.6 2.9 1.7
v -1 2.9 1.6
v -0.9 2.9 1.6
v 0.6 2.9 1.6
v 0.7 2.9 1.6
v -1 2.9 1.5
v -0.9 2.9 1.5
v -0.8 2.9 1.5
v -0.7 2.9 1.5
v 0.6 2.9 1.5
v 0.7 2.9 1.5
v -0.3 2.9 1.4
v -0.2 2.9 1.4
v 0.5 2.9 1.4
v 0.6 2.9 1.4
v -0.2 2.9 1.3
v 0.2 2.9 1.3
v 0.6 2.9 1.3
v 0.7 2.9 1.3
v -1.4 2.9 1.2
v -1.2 2.9 1.2
v -0.9 2.9 1.2
v -0.8 2.9 1.2
v -0.5 2.9 1.2
v -0.3 2.9 1.2
v 0.2 2.9 1.2
v 0.5 2.9 1.2
v 0.6 2.9 1.2
v 0.7 2.9 1.2
v -1.4 2.9 1.1
v -1.2 2.9 1.1
v -0.7 2.9 1.1
v -0.5 2.9 1.1
v 1.5 2.9 1.1
v 1.6 2.9 1.1
v 1.5 2.9 1
v 1.6 2.9 1
v 1.5 2.9 0.7
v 1.6 2.9 0.7
v 1.5 2.9 0.5
v 1.6 2.9 0.5
v 1.5 2.9 0.3
v 1.6 2.9 0.3
v 1.5 2.9 0.2
v 1.6 2.9 0.2
v -0.7 2.9 -1
v -0.6 2.9 -1
v -0.7 2.9 -1.1
v -0.6 2.9 -1.1
v -0.5 2.9 -1.1
v 0.3 2.9 -1.1
v 0.4 2.9 -1.1
v -0.6 2.9 -1.2
v -0.5 2.9 -1.2
v 0.3 2.9 -1.2
v 0.4 2.9 -1.2
v -0.5 3 1.8
v -0.3 3 1.8
v -0.5 3 1.7
v -0.3 3 1.7
v 1.5 3 1.2
v 1.6 3 1.2
v 0.6 3 1.1
v 0.7 3 1.1
v 1.5 3 1.1
v 1.6 3 1.1
v 0.6 3 1
v 0.7 3 1
v 1.5 3 0.5
v 1.6 3 0.5
v 1.5 3 0.4
v 1.6 3 0.4
v -0.9 3 -0.8
v -0.7 3 -0.8
v -0.9 3 -0.9
v -0.7 3 -0.9
v 0.5 3 -1
v 0.8 3 -1
v -0.5 3 -1.1
v -1.19209e-07 3 -1.1
v 0.0999999 3 -1.1
v 0.2 3 -1.1
v 0.4 3 -1.1
v 0.5 3 -1.1
v 0.8 3 -1.1
v -0.5 3 -1.2
v -1.19209e-07 3 -1.2
v 0.0999999 3 -1.2
v 0.2 3 -1.2
v 0.3 3 -1.2
v 0.4 3 -1.2
v 0.5 3 -1.2
v 0.3 3 -1.3
v 0.4 3 -1.3
v 0.6 3.1 1.7
v 0.7 3.1 1.7
v 0.6 3.1 1.6
v 0.7 3.1 1.6
v -1 3.1 1.3
v -0.9 3.1 1.3
v 1.4 3.1 1.3
v 1.5 3.1 1.3
v -1.5 3.1 1.2
v -1.4 3.1 1.2
v 0.7 3.1 1.2
v 0.8 3.1 1.2
v 1.4 3.1 1.2
v 1.5 3.1 1.2
v -1.5 3.1 1.1
v -1.4 3.1 1.1
v -1 3.1 1.1
v -0.9 3.1 1.1
v 0.7 3.1 1.1
v 0.8 3.1 1.1
v 0.9 3.1 1.1
v 0.2 3.1 1
v 0.6 3.1 1
v 0.7 3.1 1
v 0.9 3.1 1
v 0.2 3.1 0.9
v 0.6 3.1 0.9
v -1.6 3.1 0.8
v -1.5 3.1 0.8
v -1.6 3.1 0.5
v -1.5 3.1 0.5
v 1.5 3.1 0.4
v 1.6 3.1 0.4
v 1.7 3.1 0.4
v -1.7 3.1 0.3
v -1.6 3.1 0.3
v 1.5 3.1 0.3
v 1.6 3.1 0.3
v -1.7 3.1 0.2
v -1.6 3.1 0.2
v 1.6 3.1 0.2
v 1.7 3.1 0.2
v -0.6 3.1 -0.3
v -0.4 3.1 -0.3
v -1.7 3.1 -0.4
v -1.6 3.1 -0.4
v -0.6 3.1 -0.4
v -0.4 3.1 -0.4
v 1 3.1 -0.4
v 1.1 3.1 -0.4
v -1.7 3.1 -0.5
v -1.6 3.1 -0.5
v 1 3.1 -0.5
v 1.1 3.1 -0.5
v 1.2 3.1 -0.5
v 1 3.1 -0.6
v 1.1 3.1 -0.6
v 1.2 3.1 -0.6
v 1.5 3.1 -0.6
v 1.3 3.1 -0.7
v 1.4 3.1 -0.7
v -1 3.1 -0.8
v -0.9 3.1 -0.8
v -0.7 3.1 -0.8
v -0.6 3.1 -0.8
v 1 3.1 -0.8
v 1.1 3.1 -0.8
v 1.4 3.1 -0.8
v 1.5 3.1 -0.8
v -1 3.1 -0.9
v -0.9 3.1 -0.9
v -0.7 3.1 -0.9
v 1.2 3.1 -0.9
v 1.3 3.1 -0.9
v -0.9 3.1 -1.1
v -0.8 3.1 -1.1
v -0.6 3.1 -1.1
v -0.5 3.1 -1.1
v -0.8 3.1 -1.2
v -0.5 3.1 -1.2
v -0.3 3.1 -1.2
v -0.5 3.1 -1.3
v -0.3 3.1 -1.3
v 0.4 3.2 1.8
v 0.6 3.2 1.8
v 0.4 3.2 1.7
v 0.6 3.2 1.7
v -1 3.2 1.4
v -0.9 3.2 1.4
v -1 3.2 1.3
v -0.9 3.2 1.3
v 0.9 3.2 1.3
v 1 3.2 1.3
v 1.2 3.2 1.3
v 1.4 3.2 1.3
v -1.3 3.2 1.2
v -1 3.2 1.2
v 0.8 3.2 1.2
v 0.9 3.2 1.2
v 1 3.2 1.2
v 1.2 3.2 1.2
v 1.4 3.2 1.2
v -1.3 3.2 1.1
v -1 3.2 1.1
v 0.8 3.2 1.1
v 0.9 3.2 1.1
v -1.7 3.2 0.4
v -1.6 3.2 0.4
v -1.7 3.2 0.3
v -1.6 3.2 0.3
v 1.5 3.2 0.2
v 1.6 3.2 0.2
v 1.5 3.2 -0.1
v 1.6 3.2 -0.1
v 1.1 3.2 -0.4
v 1.5 3.2 -0.4
v 1.6 3.2 -0.4
v -1.7 3.2 -0.5
v -1.6 3.2 -0.5
v 1 3.2 -0.5
v 1.1 3.2 -0.5
v 1.2 3.2 -0.5
v -1.7 3.2 -0.6
v -1.6 3.2 -0.6
v 1 3.2 -0.6
v 1.1 3.2 -0.6
v 1.2 3.2 -0.6
v 1.5 3.2 -0.6
v 1.3 3.2 -0.7
v 1.4 3.2 -0.7
v 1 3.2 -0.8
v 1.1 3.2 -0.8
v 1.4 3.2 -0.8
v 1.5 3.2 -0.8
v 1.6 3.2 -0.8
v 1.2 3.2 -0.9
v 1.3 3.2 -0.9
v 0.5 3.2 -1
v 1 3.2 -1
v -0.3 3.2 -1.1
v -1.19209e-07 3.2 -1.1
v 0.5 3.2 -1.1
v 1.5 3.2 -1.1
v -0.3 3.2 -1.2
v -1.19209e-07 3.2 -1.2
v -0.9 3.3 1.8
v 0.4 3.3 1.8
v -0.9 3.3 1.7
v 0.4 3.3 1.7
v -1 3.3 1.5
v -0.9 3.3 1.5
v -1 3.3 1.4
v -0.9 3.3 1.4
v 1.1 3.3 1.4
v 1.3 3.3 1.4
v 1 3.3 1.3
v 1.1 3.3 1.3
v 1.2 3.3 1.3
v 1.3 3.3 1.3
v 1 3.3 1.2
v 1.2 3.3 1.2
v -1.6 3.3 0.9
v -1.5 3.3 0.9
v -1.6 3.3 0.8
v -1.5 3.3 0.8
v -1.7 3.3 -0.6
v -1.6 3.3 -0.6
v -1.7 3.3 -0.7
v -1.6 3.3 -0.7
v -1.19209e-07 3.3 -1.1
v 0.0999999 3.3 -1.1
v -0.1 3.3 -1.2
v -1.19209e-07 3.3 -1.2
v 0.0999999 3.3 -1.2
v -0.1 3.3 -1.3
v -1.19209e-07 3.3 -1.3
v -0.4 3.4 1.9
v -0.2 3.4 1.9
v 0.4 3.4 1.9
v 0.5 3.4 1.9
v -0.4 3.4 1.8
v -0.2 3.4 1.8
v 0.4 3.4 1.8
v 0.5 3.4 1.8
v 0.6 3.4 1.8
v 0.5 3.4 1.7
v 0.6 3.4 1.7
v -1 3.4 1.6
v -0.9 3.4 1.6
v 0.6 3.4 1.6
v 0.7 3.4 1.6
v -1 3.4 1.5
v -0.9 3.4 1.5
v 0.6 3.4 1.1
v 0.7 3.4 1.1
v -1.7 3.4 0.8
v -1.6 3.4 0.8
v 1.5 3.4 0.7
v 1.6 3.4 0.7
v -1.7 3.4 0.6
v -1.6 3.4 0.6
v 1.5 3.4 0.6
v 1.6 3.4 0.6
v -1.7 3.4 -0.7
v -1.6 3.4 -0.7
v 1.5 3.4 -0.7
v 1.6 3.4 -0.7
v -1.7 3.4 -0.8
v -1.6 3.4 -0.8
v 0.0999999 3.4 -1.1
v 0.2 3.4 -1.1
v 0.5 3.4 -1.1
v 0.8 3.4 -1.1
v 1.2 3.4 -1.1
v 1.5 3.4 -1.1
v 1.6 3.4 -1.1
v -1.19209e-07 3.4 -1.2
v 0.0999999 3.4 -1.2
v 0.5 3.4 -1.2
v 0.8 3.4 -1.2
v 1.2 3.4 -1.2
v 1.5 3.4 -1.2
v -1.19209e-07 3.4 -1.3
v 0.2 3.4 -1.3
v -0.9 3.5 1.8
v -0.7 3.5 1.8
v -0.1 3.5 1.8
v 0.0999999 3.5 1.8
v 0.3 3.5 1.8
v 0.4 3.5 1.8
v -1 3.5 1.7
v -0.9 3.5 1.7
v -0.7 3.5 1.7
v -0.1 3.5 1.7
v 0.0999999 3.5 1.7
v 0.3 3.5 1.7
v 0.4 3.5 1.7
v -1 3.5 1.6
v -0.9 3.5 1.6
v 0.7 3.5 1.2
v 0.8 3.5 1.2
v 0.7 3.5 1.1
v 0.8 3.5 1.1
v 1.5 3.5 0.8
v 1.6 3.5 0.8
v 1.5 3.5 0.7
v 1.6 3.5 0.7
v -1.7 3.5 0.6
v -1.6 3.5 0.6
v -1.7 3.5 0.4
v -1.6 3.5 0.4
v 1.5 3.5 0.1
v 1.6 3.5 0.1
v 1.5 3.5 0
v 1.6 3.5 0
v 1.1 3.5 -0.1
v 1.5 3.5 -0.1
v 1.1 3.5 -0.2
v 1.5 3.5 -0.2
v -1.6 3.5 -0.8
v -1.5 3.5 -0.8
v -1.1 3.5 -0.8
v -1 3.5 -0.8
v -1.6 3.5 -0.9
v -1.5 3.5 -0.9
v -1.1 3.5 -0.9
v -1 3.5 -0.9
v 0.3 3.5 -1.1
v 0.4 3.5 -1.1
v 0.8 3.5 -1.1
v 1.2 3.5 -1.1
v 0.3 3.5 -1.2
v 0.4 3.5 -1.2
v 0.8 3.5 -1.2
v 1.2 3.5 -1.2
v -1 3.6 1.8
v -0.9 3.6 1.8
v 0.2 3.6 1.8
v 0.3 3.6 1.8
v -1 3.6 1.7
v -0.9 3.6 1.7
v 0.2 3.6 1.7
v 0.3 3.6 1.7
v 1.2 3.6 1.4
v 1.3 3.6 1.4
v 0.8 3.6 1.3
v 1.1 3.6 1.3
v 1.2 3.6 1.3
v 1.3 3.6 1.3
v 1.6 3.6 1.3
v 0.8 3.6 1.2
v 0.9 3.6 1.2
v 1.1 3.6 1.2
v 1.2 3.6 1.2
v 1.5 3.6 1.2
v 0.8 3.6 1.1
v 0.9 3.6 1.1
v -1.6 3.6 1
v -1.5 3.6 1
v -1.6 3.6 0.9
v -1.5 3.6 0.9
v 1.5 3.6 0.8
v 1.6 3.6 0.8
v 1.8 3.6 0.8
v 1.5 3.6 0.6
v 1.6 3.6 0.6
v 1.8 3.6 0.6
v 1.5 3.6 0.4
v 1.6 3.6 0.4
v 1.5 3.6 -0.1
v 1.6 3.6 -0.1
v 1.5 3.6 -0.2
v 1.6 3.6 -0.2
v 1.5 3.6 -0.7
v 1.6 3.6 -0.7
v 1.5 3.6 -0.8
v 1.6 3.6 -0.8
v 0.2 3.6 -1.1
v 0.3 3.6 -1.1
v 0.5 3.6 -1.1
v 0.6 3.6 -1.1
v 0.2 3.6 -1.2
v 0.3 3.6 -1.2
v 0.4 3.6 -1.2
v 0.5 3.6 -1.2
v 0.6 3.6 -1.2
v 0.3 3.6 -1.3
v 0.4 3.6 -1.3
v -1 3.7 1.5
v -0.9 3.7 1.5
v -1 3.7 1.2
v -0.9 3.7 1.2
v 0.6 3.7 1.2
v 0.7 3.7 1.2
v 0.6 3.7 1.1
v 0.7 3.7 1.1
v 1.6 3.7 1
v 1.7 3.7 1
v 1.6 3.7 0.8
v 1.7 3.7 0.8
v -1.7 3.7 0.3
v -1.6 3.7 0.3
v -1.7 3.7 0
v -1.6 3.7 0
v -1.2 3.7 -0.5
v -1.1 3.7 -0.5
v -1.2 3.7 -0.6
v -1.1 3.7 -0.6
v 1.5 3.7 -0.8
v 1.6 3.7 -0.8
v 1.5 3.7 -1
v 1.6 3.7 -1
v 0.4 3.7 -1.1
v 0.5 3.7 -1.1
v 0.6 3.7 -1.1
v 0.7 3.7 -1.1
v 0.4 3.7 -1.2
v 0.5 3.7 -1.2
v 0.6 3.7 -1.2
v 0.7 3.7 -1.2
v 0.9 3.8 1.4
v 1 3.8 1.4
v 0.9 3.8 1.3
v 1 3.8 1.3
v -1.6 3.8 0.9
v -1.5 3.8 0.9
v -1.6 3.8 0.8
v -1.5 3.8 0.8
v -1.7 3.8 0
v -1.6 3.8 0
v -1.7 3.8 -0.1
v -1.6 3.8 -0.1
v 1.5 3.8 -0.2
v 1.6 3.8 -0.2
v 1.5 3.8 -0.3
v 1.6 3.8 -0.3
v 1.5 3.8 -1
v 1.6 3.8 -1
v 0.5 3.8 -1.1
v 0.6 3.8 -1.1
v 1.4 3.8 -1.1
v 1.5 3.8 -1.1
v 1.6 3.8 -1.1
v 0.5 3.8 -1.2
v 0.6 3.8 -1.2
v 1.4 3.8 -1.2
v 1.5 3.8 -1.2
v -0.5 3.9 1.6
v -0.4 3.9 1.6
v -0.5 3.9 1.5
v -0.4 3.9 1.5
v -0.3 3.9 1.1
v -0.2 3.9 1.1
v 0.2 3.9 1.1
v 0.4 3.9 1.1
v -0.3 3.9 1
v -0.2 3.9 1
v 0.2 3.9 1
v 0.4 3.9 1
v 1.1 3.9 0.4
v 1.6 3.9 0.4
v 1.6 3.9 0.2
v 1.7 3.9 0.2
v 1.6 3.9 0.1
v 1.7 3.9 0.1
v -1.7 3.9 -0.1
v -1.6 3.9 -0.1
v 1.1 3.9 -0.1
v 1.6 3.9 -0.1
v -1.7 3.9 -0.2
v -1.6 3.9 -0.2
v 1.6 3.9 -0.2
v 1.7 3.9 -0.2
v 1.5 3.9 -0.3
v 1.6 3.9 -0.3
v 1.7 3.9 -0.3
v 1.5 3.9 -0.4
v 1.6 3.9 -0.4
v 0.6 3.9 -1.1
v 0.8 3.9 -1.1
v 1.3 3.9 -1.1
v 1.4 3.9 -1.1
v 0.6 3.9 -1.2
v 0.8 3.9 -1.2
v 1.3 3.9 -1.2
v 1.4 3.9 -1.2
v -0.7 4 1.4
v -0.6 4 1.4
v -0.3 4 1.2
v -1.19209e-07 4 1.2
v -0.7 4 1.1
v -0.6 4 1.1
v -0.4 4 1.1
v -0.3 4 1.1
v -0.1 4 1.1
v -1.19209e-07 4 1.1
v 0.2 4 1.1
v -0.4 4 1
v -0.3 4 1
v -0.1 4 1
v 0.2 4 1
v -1.7 4 0.5
v -1.6 4 0.5
v -1.7 4 0.2
v -1.6 4 0.2
v -1.7 4 -0.2
v -1.6 4 -0.2
v -1.7 4 -0.4
v -1.6 4 -0.4
v 0.8 4 -1.1
v 0.9 4 -1.1
v 0.8 4 -1.2
v 0.9 4 -1.2
v -1.1 4.1 1.1
v -0.9 4.1 1.1
v -0.5 4.1 1.1
v -0.4 4.1 1.1
v -1.1 4.1 1
v -0.9 4.1 1
v -0.5 4.1 1
v -0.4 4.1 1
v 0.8 4.1 1
v 0.9 4.1 1
v -1.6 4.1 0.9
v -1.5 4.1 0.9
v 0.8 4.1 0.9
v 0.9 4.1 0.9
v -1.6 4.1 0.8
v -1.5 4.1 0.8
v -1.7 4.1 0.7
v -1.6 4.1 0.7
v -1.7 4.1 0.5
v -1.6 4.1 0.5
v -1.19209e-07 4.1 -0.6
v 0.0999999 4.1 -0.6
v -1.19209e-07 4.1 -0.7
v 0.0999999 4.1 -0.7
v -0.4 4.2 1.2
v -0.2 4.2 1.2
v -0.4 4.2 1.1
v -0.3 4.2 1.1
v -0.2 4.2 1.1
v -0.1 4.2 1.1
v -0.4 4.2 1
v -0.3 4.2 1
v -0.2 4.2 1
v -0.1 4.2 1
v 0.5 4.2 1
v 0.6 4.2 1
v 0.5 4.2 0.9
v 0.6 4.2 0.9
v 1.1 4.2 0.8
v 1.2 4.2 0.8
v 1.1 4.2 0.4
v 1.2 4.2 0.4
v -0.9 4.2 -0.3
v -0.8 4.2 -0.3
v -0.9 4.2 -0.4
v -0.8 4.2 -0.4
v -0.7 4.3 1.1
v -0.4 4.3 1.1
v -0.7 4.3 1
v -0.4 4.3 1
v 1.2 4.3 0.5
v 1.3 4.3 0.5
v 1.2 4.3 0.4
v 1.3 4.3 0.4
v 0.0999999 4.3 -0.6
v 0.2 4.3 -0.6
v 0.0999999 4.3 -0.7
v 0.2 4.3 -0.7
v -0.9 4.4 1.1
v -0.7 4.4 1.1
v -0.9 4.4 1
v -0.7 4.4 1
v -1.2 4.4 0.8
v -1.1 4.4 0.8
v -1.2 4.4 0.5
v -1.1 4.4 0.5
v -1.1 4.5 1.1
v -0.9 4.5 1.1
v -0.7 4.5 1.1
v -0.6 4.5 1.1
v -0.1 4.5 1.1
v -1.19209e-07 4.5 1.1
v -1.2 4.5 1
v -1.1 4.5 1
v -0.9 4.5 1
v -0.7 4.5 1
v -0.6 4.5 1
v -0.1 4.5 1
v -1.19209e-07 4.5 1
v -1.2 4.5 0.8
v -1.1 4.5 0.8
v -1.19209e-07 4.5 0
v 0.0999999 4.5 0
v -1.19209e-07 4.5 -0.1
v 0.0999999 4.5 -0.1
v -0.8 4.6 -0.2
v -0.7 4.6 -0.2
v -0.8 4.6 -0.3
v -0.7 4.6 -0.3
v -0.3 4.7 1.1
v -0.1 4.7 1.1
v -0.3 4.7 1
v -0.1 4.7 1
v -1.2 4.7 0.2
v -1.1 4.7 0.2
v -1.2 4.7 0.1
v -1.1 4.7 0.1
v -1.8 0.1 1.9
v 1.5 0.1 1.9
v -1.5 0.1 1.6
v 1.2 0.1 1.6
v -1.5 0.1 -1.1
v 1.2 0.1 -1.1
v -1.8 0.1 -1.4
v 1.5 0.1 -1.4
v -1.5 0.2 1.6
v 1.2 0.2 1.6
v 0.8 0.2 1.4
v 0.9 0.2 1.4
v -1.2 0.2 1.3
v -1 0.2 1.3
v -0.6 0.2 1.3
v -0.5 0.2 1.3
v 0.6 0.2 1.3
v 0.8 0.2 1.3
v -1.2 0.2 1.2
v -1.1 0.2 1.2
v -0.5 0.2 1.2
v -0.4 0.2 1.2
v -0.3 0.2 1.2
v -0.2 0.2 1.2
v 0.8 0.2 1.2
v 0.9 0.2 1.2
v -0.6 0.2 1.1
v -0.5 0.2 1.1
v 0.4 0.2 1.1
v 0.6 0.2 1.1
v 0.7 0.2 1.1
v 0.8 0.2 1.1
v -1.1 0.2 1
v -1 0.2 1
v -0.9 0.2 1
v -1.19209e-07 0.2 1
v 0.4 0.2 1
v 0.5 0.2 1
v 0.7 0.2 1
v -1.2 0.2 0.9
v -1 0.2 0.9
v -0.9 0.2 0.9
v -0.8 0.2 0.9
v -0.4 0.2 0.9
v -0.3 0.2 0.9
v -0.2 0.2 0.9
v -1.19209e-07 0.2 0.9
v -1 0.2 0.8
v -0.9 0.2 0.8
v -0.8 0.2 0.8
v -0.7 0.2 0.8
v -0.6 0.2 0.8
v -0.5 0.2 0.8
v -1.2 0.2 0.7
v -1.1 0.2 0.7
v -1 0.2 0.7
v -0.9 0.2 0.7
v -0.7 0.2 0.7
v -0.6 0.2 0.7
v 0.5 0.2 0.7
v 0.8 0.2 0.7
v 0.7 0.2 0.6
v 0.8 0.2 0.6
v -1.1 0.2 0.5
v -1 0.2 0.5
v -0.9 0.2 0.3
v -0.8 0.2 0.3
v -1 0.2 0.2
v -0.9 0.2 0.2
v -0.8 0.2 0.2
v 0.5 0.2 0.2
v 0.6 0.2 0.2
v 0.7 0.2 0.2
v 0.8 0.2 0.2
v 0.5 0.2 0.1
v 0.6 0.2 0.1
v 0.8 0.2 0.1
v 0.9 0.2 0.1
v 0.4 0.2 0
v 0.6 0.2 0
v 0.7 0.2 0
v 0.8 0.2 0
v -1 0.2 -0.1
v -0.9 0.2 -0.1
v -0.8 0.2 -0.1
v -0.7 0.2 -0.1
v 0.4 0.2 -0.1
v 0.6 0.2 -0.1
v 0.7 0.2 -0.1
v 0.8 0.2 -0.1
v 0.9 0.2 -0.1
v 1 0.2 -0.1
v -1.1 0.2 -0.2
v -1 0.2 -0.2
v -0.8 0.2 -0.2
v -0.7 0.2 -0.2
v 0.4 0.2 -0.2
v 0.5 0.2 -0.2
v 0.7 0.2 -0.2
v 0.8 0.2 -0.2
v 0.9 0.2 -0.2
v 1 0.2 -0.2
v -1.1 0.2 -0.3
v -1 0.2 -0.3
v 0.0999999 0.2 -0.3
v 0.2 0.2 -0.3
v 0.6 0.2 -0.3
v 0.7 0.2 -0.3
v -0.5 0.2 -0.4
v -0.4 0.2 -0.4
v -0.3 0.2 -0.4
v 0.0999999 0.2 -0.4
v 0.2 0.2 -0.4
v 0.3 0.2 -0.4
v -1.1 0.2 -0.5
v -1 0.2 -0.5
v -0.4 0.2 -0.5
v -0.3 0.2 -0.5
v 0.4 0.2 -0.5
v 0.5 0.2 -0.5
v 0.6 0.2 -0.5
v 0.7 0.2 -0.5
v 0.3 0.2 -0.6
v 0.4 0.2 -0.6
v 0.5 0.2 -0.6
v 0.6 0.2 -0.6
v 0.7 0.2 -0.6
v 0.8 0.2 -0.6
v -1.2 0.2 -0.7
v -1.1 0.2 -0.7
v -0.8 0.2 -0.7
v -0.5 0.2 -0.7
v 0.6 0.2 -0.7
v 0.7 0.2 -0.7
v 0.8 0.2 -0.7
v 0.9 0.2 -0.7
v 0.7 0.2 -0.8
v 0.8 0.2 -0.8
v -1 0.2 -0.9
v -0.8 0.2 -0.9
v 0.4 0.2 -0.9
v 0.5 0.2 -0.9
v 0.8 0.2 -0.9
v 0.9 0.2 -0.9
v -1.2 0.2 -1
v -1 0.2 -1
v -1.5 0.2 -1.1
v 1.2 0.2 -1.1
v 0.8 0.3 1.4
v 0.9 0.3 1.4
v -1.2 0.3 1.3
v -1 0.3 1.3
v 0.7 0.3 1.3
v 0.8 0.3 1.3
v -1.2 0.3 1.2
v -1.1 0.3 1.2
v -1 0.3 1.2
v -0.3 0.3 1.2
v -0.2 0.3 1.2
v 0.7 0.3 1.2
v 0.8 0.3 1.2
v 0.9 0.3 1.2
v -0.3 0.3 1
v -0.2 0.3 1
v 0.2 0.3 1
v 0.3 0.3 1
v 0.4 0.3 1
v 0.5 0.3 1
v -1.2 0.3 0.9
v -1 0.3 0.9
v 0.2 0.3 0.9
v 0.3 0.3 0.9
v 0.4 0.3 0.9
v 0.5 0.3 0.9
v -1 0.3 0.8
v -1.2 0.3 0.7
v -1.1 0.3 0.7
v -1 0.3 0.7
v -0.9 0.3 0.7
v -0.8 0.3 0.7
v 0.7 0.3 0.7
v 0.8 0.3 0.7
v -1 0.3 0.6
v -0.9 0.3 0.6
v -0.8 0.3 0.6
v 0.6 0.3 0.6
v 0.7 0.3 0.6
v 0.8 0.3 0.6
v -1.1 0.3 0.5
v -1 0.3 0.5
v 0.5 0.3 0.3
v 0.6 0.3 0.3
v -1 0.3 0.2
v -0.9 0.3 0.2
v -0.8 0.3 0.2
v 0.5 0.3 0.2
v 0.6 0.3 0.2
v 0.7 0.3 0.2
v 0.8 0.3 0.2
v -0.9 0.3 0.1
v -0.8 0.3 0.1
v 0.8 0.3 0.1
v 0.9 0.3 0.1
v 0.7 0.3 0
v 0.8 0.3 0
v -1 0.3 -0.1
v -0.9 0.3 -0.1
v 0.5 0.3 -0.1
v 0.6 0.3 -0.1
v 0.7 0.3 -0.1
v 0.8 0.3 -0.1
v 0.9 0.3 -0.1
v -1 0.3 -0.2
v -0.9 0.3 -0.2
v -0.8 0.3 -0.2
v 0.5 0.3 -0.2
v 0.7 0.3 -0.2
v 0.8 0.3 -0.2
v -1 0.3 -0.3
v -0.5 0.3 -0.3
v -0.4 0.3 -0.3
v 0.3 0.3 -0.3
v 0.4 0.3 -0.3
v 0.6 0.3 -0.3
v 0.7 0.3 -0.3
v -0.9 0.3 -0.4
v -0.8 0.3 -0.4
v -0.6 0.3 -0.4
v -0.5 0.3 -0.4
v -0.4 0.3 -0.4
v 0.3 0.3 -0.4
v 0.5 0.3 -0.4
v 0.6 0.3 -0.4
v -1 0.3 -0.5
v -0.9 0.3 -0.5
v -0.7 0.3 -0.5
v -0.6 0.3 -0.5
v 0.4 0.3 -0.5
v 0.5 0.3 -0.5
v 0.6 0.3 -0.5
v 0.7 0.3 -0.5
v -0.7 0.3 -0.6
v -0.6 0.3 -0.6
v 0.3 0.3 -0.6
v 0.4 0.3 -0.6
v 0.5 0.3 -0.6
v 0.6 0.3 -0.6
v 0.7 0.3 -0.6
v 0.8 0.3 -0.6
v -1.2 0.3 -0.7
v -1.1 0.3 -0.7
v -1 0.3 -0.7
v -0.9 0.3 -0.7
v -0.6 0.3 -0.7
v -0.5 0.3 -0.7
v 0.6 0.3 -0.7
v 0.7 0.3 -0.7
v 0.8 0.3 -0.7
v 0.9 0.3 -0.7
v -1.2 0.3 -0.8
v -1.1 0.3 -0.8
v -1 0.3 -0.8
v -0.9 0.3 -0.8
v -0.8 0.3 -0.8
v 0.7 0.3 -0.8
v 0.8 0.3 -0.8
v -1.2 0.3 -0.9
v -1.1 0.3 -0.9
v -1 0.3 -0.9
v -0.9 0.3 -0.9
v -0.8 0.3 -0.9
v 0.4 0.3 -0.9
v 0.5 0.3 -0.9
v 0.8 0.3 -0.9
v 0.9 0.3 -0.9
v -1.2 0.3 -1
v -1 0.3 -1
v -0.6 0.4 1.3
v -0.5 0.4 1.3
v 0.6 0.4 1.3
v 0.7 0.4 1.3
v -0.5 0.4 1.2
v -0.4 0.4 1.2
v 0.6 0.4 1.2
v 0.7 0.4 1.2
v -0.6 0.4 1.1
v -0.5 0.4 1.1
v 0.4 0.4 1.1
v 0.6 0.4 1.1
v -1 0.4 1
v -0.9 0.4 1
v -0.5 0.4 1
v -0.4 0.4 1
v -0.3 0.4 1
v -0.2 0.4 1
v 0.3 0.4 1
v 0.4 0.4 1
v 0.6 0.4 1
v -0.9 0.4 0.9
v -0.8 0.4 0.9
v -0.5 0.4 0.9
v -0.4 0.4 0.9
v -0.3 0.4 0.9
v -0.2 0.4 0.9
v 0.3 0.4 0.9
v 0.4 0.4 0.9
v 0.5 0.4 0.9
v -1 0.4 0.8
v -0.9 0.4 0.8
v -0.8 0.4 0.8
v -0.5 0.4 0.8
v -0.4 0.4 0.8
v 0.3 0.4 0.8
v 0.5 0.4 0.8
v 0.6 0.4 0.8
v -1 0.4 0.7
v -0.9 0.4 0.7
v -0.8 0.4 0.7
v 0.6 0.4 0.7
v 0.7 0.4 0.7
v -1 0.4 0.6
v -0.9 0.4 0.6
v 0.5 0.4 0.6
v 0.6 0.4 0.6
v 0.7 0.4 0.6
v -0.9 0.4 0.3
v -0.8 0.4 0.3
v -0.9 0.4 0.2
v -0.8 0.4 0.2
v 0.6 0.4 0.2
v 0.7 0.4 0.2
v 0.5 0.4 0.1
v 0.6 0.4 0.1
v 0.5 0.4 0
v 0.6 0.4 0
v -0.9 0.4 -0.1
v -0.8 0.4 -0.1
v 0.6 0.4 -0.1
v 0.7 0.4 -0.1
v -1.1 0.4 -0.2
v -1 0.4 -0.2
v -0.9 0.4 -0.2
v -0.8 0.4 -0.2
v -0.7 0.4 -0.2
v -0.6 0.4 -0.2
v 0.9 0.4 -0.2
v 1 0.4 -0.2
v -1.1 0.4 -0.3
v -1 0.4 -0.3
v 0.9 0.4 -0.3
v 1 0.4 -0.3
v -0.9 0.4 -0.4
v -0.8 0.4 -0.4
v -0.6 0.4 -0.4
v -0.4 0.4 -0.4
v -0.2 0.4 -0.4
v 0.5 0.4 -0.4
v 0.6 0.4 -0.4
v -1.1 0.4 -0.5
v -0.9 0.4 -0.5
v -0.7 0.4 -0.5
v -0.6 0.4 -0.5
v -0.4 0.4 -0.5
v -0.2 0.4 -0.5
v -1.1 0.4 -0.6
v -1 0.4 -0.6
v -0.7 0.4 -0.6
v -0.6 0.4 -0.6
v 0.5 0.4 -0.6
v 0.6 0.4 -0.6
v -1 0.4 -0.7
v -0.9 0.4 -0.7
v -0.8 0.4 -0.7
v -0.6 0.4 -0.7
v -1 0.4 -0.8
v -0.9 0.4 -0.8
v -0.8 0.4 -0.8
v -1 0.4 -0.9
v -0.9 0.4 -0.9
v -1.1 0.5 1.2
v -1 0.5 1.2
v 0.6 0.5 1.2
v 0.8 0.5 1.2
v 0.7 0.5 1.1
v 0.8 0.5 1.1
v -1.1 0.5 1
v -1 0.5 1
v -1.19209e-07 0.5 1
v 0.0999999 0.5 1
v 0.6 0.5 1
v 0.7 0.5 1
v -1.19209e-07 0.5 0.9
v 0.0999999 0.5 0.9
v 0.4 0.5 0.7
v 0.5 0.5 0.7
v 0.4 0.5 0.6
v 0.5 0.5 0.6
v -1.1 0.5 0.5
v -0.9 0.5 0.5
v -1.1 0.5 0.4
v -0.9 0.5 0.4
v -0.8 0.5 0.4
v 0.5 0.5 0.4
v 0.6 0.5 0.4
v -0.9 0.5 0.3
v -0.8 0.5 0.3
v 0.5 0.5 0.3
v 0.6 0.5 0.3
v -1 0.5 0.1
v -0.9 0.5 0.1
v -1 0.5 0
v -0.9 0.5 0
v -0.7 0.5 0
v 0.4 0.5 0
v 0.5 0.5 0
v -0.9 0.5 -0.1
v -0.7 0.5 -0.1
v 0.9 0.5 -0.1
v 1 0.5 -0.1
v 0.4 0.5 -0.2
v 0.5 0.5 -0.2
v 0.9 0.5 -0.2
v 1 0.5 -0.2
v -0.2 0.5 -0.5
v -0.1 0.5 -0.5
v -1.1 0.5 -0.6
v -1 0.5 -0.6
v -0.2 0.5 -0.6
v -0.1 0.5 -0.6
v -1.2 0.5 -0.8
v -1.1 0.5 -0.8
v -1 0.5 -0.8
v -1.2 0.5 -0.9
v -1.1 0.5 -0.9
v -0.5 0.6 1
v -0.4 0.6 1
v -0.1 0.6 1
v -1.19209e-07 0.6 1
v -0.7 0.6 0.9
v -0.5 0.6 0.9
v -0.4 0.6 0.9
v -0.1 0.6 0.9
v -1.19209e-07 0.6 0.9
v -0.7 0.6 0.8
v -0.5 0.6 0.8
v -0.9 0.6 0.6
v -0.7 0.6 0.6
v -0.9 0.6 0.5
v -0.7 0.6 0.5
v 0.5 0.6 0.5
v 0.6 0.6 0.5
v 0.5 0.6 0.4
v 0.6 0.6 0.4
v -0.9 0.6 0.2
v -0.8 0.6 0.2
v -0.9 0.6 0
v -0.8 0.6 0
v -0.6 0.6 -0.3
v -0.5 0.6 -0.3
v 0.2 0.6 -0.3
v 0.3 0.6 -0.3
v -0.6 0.6 -0.4
v -0.5 0.6 -0.4
v 0.2 0.6 -0.4
v 0.3 0.6 -0.4
v -0.2 0.7 1
v -0.1 0.7 1
v -0.2 0.7 0.9
v -0.1 0.7 0.9
v 0.3 0.7 0.9
v 0.4 0.7 0.9
v -0.8 0.7 0.8
v -0.7 0.7 0.8
v 0.3 0.7 0.8
v 0.4 0.7 0.8
v -0.9 0.7 0.7
v -0.8 0.7 0.7
v -0.7 0.7 0.7
v -0.9 0.7 0.6
v -0.8 0.7 0.6
v -0.9 0.7 0.4
v -0.8 0.7 0.4
v -0.9 0.7 0.2
v -0.8 0.7 0.2
v 0.5 0.7 0.1
v 0.6 0.7 0.1
v 0.5 0.7 0
v 0.6 0.7 0
v -0.4 0.8 1.1
v -0.3 0.8 1.1
v -0.5 0.8 1
v -0.4 0.8 1
v -0.3 0.8 1
v -0.5 0.8 0.9
v -0.4 0.8 0.9
v 0.2 0.8 0.9
v 0.3 0.8 0.9
v 0.4 0.8 0.9
v 0.5 0.8 0.9
v 0.2 0.8 0.8
v 0.3 0.8 0.8
v 0.4 0.8 0.8
v 0.5 0.8 0.8
v 0.5 0.8 0.6
v 0.6 0.8 0.6
v 0.5 0.8 0.5
v 0.6 0.8 0.5
v 0.5 0.8 0.2
v 0.6 0.8 0.2
v 0.5 0.8 0.1
v 0.6 0.8 0.1
v 0.4 0.8 -0.1
v 0.5 0.8 -0.1
v 0.3 0.8 -0.2
v 0.4 0.8 -0.2
v 0.5 0.8 -0.2
v 0.3 0.8 -0.3
v 0.4 0.8 -0.3
v -0.1 0.8 -0.4
v -1.19209e-07 0.8 -0.4
v -0.1 0.8 -0.5
v -1.19209e-07 0.8 -0.5
v -0.4 0.9 1
v -0.3 0.9 1
v -0.4 0.9 0.9
v -0.3 0.9 0.9
v 0.3 0.9 0.8
v 0.5 0.9 0.8
v -0.8 0.9 0.7
v -0.7 0.9 0.7
v 0.3 0.9 0.7
v 0.4 0.9 0.7
v -0.9 0.9 0.5
v -0.8 0.9 0.5
v -0.7 0.9 0.5
v 0.4 0.9 0.5
v 0.5 0.9 0.5
v -0.9 0.9 0.4
v -0.8 0.9 0.4
v 0.0999999 1 1
v 0.2 1 1
v -0.8 1 0.8
v -0.7 1 0.8
v 0.0999999 1 0.8
v 0.2 1 0.8
v -0.8 1 0.7
v -0.7 1 0.7
v 0.5 1 0.5
v 0.6 1 0.5
v 0.6 1 0.4
v 0.7 1 0.4
v 0.5 1 0.3
v 0.6 1 0.3
v 0.7 1 0.3
v 0.0999999 1 -0.3
v 0.2 1 -0.3
v -1.19209e-07 1 -0.4
v 0.0999999 1 -0.4
v 0.2 1 -0.4
v -1.19209e-07 1 -0.5
v 0.0999999 1 -0.5
v -1.19209e-07 1.1 1
v 0.0999999 1.1 1
v -0.8 1.1 0.9
v -0.7 1.1 0.9
v -1.19209e-07 1.1 0.9
v 0.0999999 1.1 0.9
v -0.8 1.1 0.8
v -0.7 1.1 0.8
v 0.5 1.1 0.3
v 0.6 1.1 0.3
v 0.5 1.1 0.2
v 0.6 1.1 0.2
v -0.3 1.2 1
v -0.2 1.2 1
v -0.3 1.2 0.9
v -0.2 1.2 0.9
v -0.2 1.2 -0.4
v -0.1 1.2 -0.4
v -0.2 1.2 -0.5
v -0.1 1.2 -0.5
v -0.7 1.3 0.9
v -0.6 1.3 0.9
v -0.5 1.3 0.9
v -0.4 1.3 0.9
v -0.7 1.3 0.8
v -0.6 1.3 0.8
v -0.5 1.3 0.8
v -0.4 1.3 0.8
v 0.5 1.3 0.2
v 0.6 1.3 0.2
v 0.5 1.3 0.1
v 0.6 1.3 0.1
v -0.5 1.3 -0.3
v -0.4 1.3 -0.3
v -0.5 1.3 -0.4
v -0.4 1.3 -0.4
v -0.2 1.4 1.1
v -0.1 1.4 1.1
v -0.4 1.4 1
v -0.3 1.4 1
v -0.2 1.4 1
v -0.1 1.4 1
v -0.6 1.4 0.9
v -0.5 1.4 0.9
v -0.4 1.4 0.9
v -0.3 1.4 0.9
v -0.6 1.4 0.8
v -0.5 1.4 0.8
v -0.3 1.5 1
v -0.1 1.5 1
v -0.3 1.5 0.9
v -0.1 1.5 0.9
v 0.5 1.5 0.1
v 0.6 1.5 0.1
v 0.5 1.5 0
v 0.6 1.5 0
v -0.1 1.6 1
v 0.0999999 1.6 1
v -0.1 1.6 0.9
v 0.0999999 1.6 0.9
v -0.7 1.6 0.8
v -0.6 1.6 0.8
v -0.7 1.6 0.7
v -0.6 1.6 0.7
v -0.6 1.6 -0.3
v -0.5 1.6 -0.3
v -0.6 1.6 -0.4
v -0.5 1.6 -0.4
v -0.1 1.6 -0.4
v -1.19209e-07 1.6 -0.4
v -0.1 1.6 -0.5
v -1.19209e-07 1.6 -0.5
v 0.0999999 1.7 0.9
v 0.3 1.7 0.9
v 0.0999999 1.7 0.8
v 0.3 1.7 0.8
v 0.4 1.7 0.8
v -0.8 1.7 0.7
v -0.7 1.7 0.7
v 0.3 1.7 0.7
v 0.4 1.7 0.7
v 0.5 1.7 0.7
v 0.4 1.7 0.6
v 0.5 1.7 0.6
v -0.8 1.7 0.5
v -0.7 1.7 0.5
v -0.4 1.7 -0.4
v -0.3 1.7 -0.4
v -0.4 1.7 -0.5
v -0.3 1.7 -0.5
v 0.4 1.8 0.6
v 0.5 1.8 0.6
v -0.9 1.8 0.5
v -0.8 1.8 0.5
v 0.4 1.8 0.5
v 0.5 1.8 0.5
v 0.6 1.8 0.5
v -0.9 1.8 0.3
v -0.8 1.8 0.3
v 0.5 1.8 0.2
v 0.6 1.8 0.2
v 0.5 1.8 0.1
v 0.6 1.8 0.1
v 0.4 1.8 0
v 0.5 1.8 0
v 0.6 1.8 0
v 0.4 1.8 -0.1
v 0.5 1.8 -0.1
v -0.9 1.9 0.3
v -0.8 1.9 0.3
v -0.9 1.9 0.2
v -0.8 1.9 0.2
v -0.9 2 0.2
v -0.8 2 0.2
v -0.9 2 0.1
v -0.8 2 0.1
v -0.7 2 -0.2
v -0.6 2 -0.2
v -0.7 2 -0.3
v -0.6 2 -0.3
v 0.5 2.1 0.2
v 0.6 2.1 0.2
v -0.9 2.1 0.1
v -0.8 2.1 0.1
v 0.5 2.1 0.1
v 0.6 2.1 0.1
v -0.9 2.1 -0.2
v -0.8 2.1 -0.2
v -1.19209e-07 2.1 -0.4
v 0.0999999 2.1 -0.4
v -1.19209e-07 2.1 -0.5
v 0.0999999 2.1 -0.5
v 0.5 2.2 0.1
v 0.6 2.2 0.1
v -0.8 2.2 0
v -0.7 2.2 0
v 0.5 2.2 0
v 0.6 2.2 0
v -0.8 2.2 -0.2
v -0.7 2.2 -0.2
v -0.6 2.2 -0.2
v -0.7 2.2 -0.3
v -0.6 2.2 -0.3
v 0.2 2.2 -0.3
v 0.3 2.2 -0.3
v 0.2 2.2 -0.4
v 0.3 2.2 -0.4
v 0.4 2.3 0
v 0.5 2.3 0
v 0.4 2.3 -0.1
v 0.5 2.3 -0.1
v -0.6 2.4 0.9
v -0.4 2.4 0.9
v -0.7 2.4 0.8
v -0.6 2.4 0.8
v -0.4 2.4 0.8
v -0.7 2.4 0.7
v -0.6 2.4 0.7
v -0.8 2.4 0.6
v -0.7 2.4 0.6
v -0.8 2.4 0.5
v -0.7 2.4 0.5
v -0.6 2.4 -0.3
v -0.5 2.4 -0.3
v 0.0999999 2.4 -0.3
v 0.2 2.4 -0.3
v -0.6 2.4 -0.4
v -0.5 2.4 -0.4
v -0.4 2.4 -0.4
v -0.1 2.4 -0.4
v 0.0999999 2.4 -0.4
v 0.2 2.4 -0.4
v -0.5 2.4 -0.5
v -0.3 2.4 -0.5
v -0.1 2.4 -0.5
v -1.19209e-07 2.4 -0.5
v -0.3 2.4 -0.6
v -1.19209e-07 2.4 -0.6
v -0.4 2.5 1
v -0.3 2.5 1
v -0.4 2.5 0.9
v -0.3 2.5 0.9
v -1.6 2.5 0.6
v -1.5 2.5 0.6
v -1.6 2.5 0.5
v -1.5 2.5 0.5
v -1.7 2.5 0.4
v -1.6 2.5 0.4
v -1.7 2.5 0.3
v -1.6 2.5 0.3
v -1.7 2.5 -0.3
v -1.6 2.5 -0.3
v -0.5 2.5 -0.3
v -0.4 2.5 -0.3
v -0.5 2.5 -0.4
v -0.4 2.5 -0.4
v -1.7 2.5 -0.8
v -1.6 2.5 -0.8
v -1 2.5 -0.8
v -1.6 2.5 -0.9
v -1 2.5 -0.9
v -0.1 2.6 1.3
v 0.3 2.6 1.3
v -0.1 2.6 1.2
v 0.3 2.6 1.2
v -1.5 2.6 0.6
v -1.3 2.6 0.6
v -1.5 2.6 0.5
v -1.3 2.6 0.5
v -1.7 2.6 -0.1
v -1.6 2.6 -0.1
v -1.7 2.6 -0.3
v -1.6 2.6 -0.3
v -1 2.6 -0.8
v -0.8 2.6 -0.8
v -1 2.6 -0.9
v -0.8 2.6 -0.9
v -0.7 2.6 -0.9
v -0.6 2.6 -0.9
v -0.7 2.6 -1.1
v -0.6 2.6 -1.1
v -0.2 2.6 -1.1
v 0.0999999 2.6 -1.1
v 0.2 2.6 -1.1
v -0.6 2.6 -1.2
v -0.2 2.6 -1.2
v 0.0999999 2.6 -1.2
v 0.2 2.6 -1.2
v 0.6 2.7 1.3
v 1.1 2.7 1.3
v -1.4 2.7 1.2
v -1.3 2.7 1.2
v 0.6 2.7 1.2
v 1.1 2.7 1.2
v -1.4 2.7 1.1
v -1.3 2.7 1.1
v -1.3 2.7 0.6
v -1.1 2.7 0.6
v -1.3 2.7 0.5
v -1.1 2.7 0.5
v -1.7 2.7 0
v -1.6 2.7 0
v -1.7 2.7 -0.1
v -1.6 2.7 -0.1
v -0.8 2.7 -0.8
v -0.7 2.7 -0.8
v -0.8 2.7 -0.9
v -0.7 2.7 -0.9
v 0.8 2.7 -1
v 1 2.7 -1
v -0.2 2.7 -1.1
v -1.19209e-07 2.7 -1.1
v -0.2 2.7 -1.2
v -1.19209e-07 2.7 -1.2
v 0.8 2.7 -1.2
v 1 2.7 -1.2
v 0.2 2.8 1.3
v 0.5 2.8 1.3
v -1.3 2.8 1.2
v -1 2.8 1.2
v 0.2 2.8 1.2
v 0.5 2.8 1.2
v -1.3 2.8 1.1
v -1 2.8 1.1
v 1.5 2.8 0.7
v 1.6 2.8 0.7
v 1.5 2.8 0.5
v 1.6 2.8 0.5
v -1.7 2.8 0.1
v -1.6 2.8 0.1
v -1.7 2.8 0
v -1.6 2.8 0
v 1.5 2.8 0
v 1.6 2.8 0
v 1.5 2.8 -0.1
v 1.6 2.8 -0.1
v 1 2.8 -0.4
v 1.1 2.8 -0.4
v 1 2.8 -0.5
v 1.1 2.8 -0.5
v -0.7 2.8 -0.8
v -0.6 2.8 -0.8
v -0.7 2.8 -0.9
v -0.6 2.8 -0.9
v -1.19209e-07 2.8 -1.2
v 0.0999999 2.8 -1.2
v -1.19209e-07 2.8 -1.3
v 0.0999999 2.8 -1.3
v -1 2.9 1.2
v -0.9 2.9 1.2
v 0.6 2.9 1.2
v 0.7 2.9 1.2
v 0.9 2.9 1.2
v -1 2.9 1.1
v -0.9 2.9 1.1
v 0.2 2.9 1
v 0.5 2.9 1
v 0.6 2.9 1
v 0.9 2.9 1
v -1.6 2.9 0.9
v -1.5 2.9 0.9
v 0.2 2.9 0.9
v 0.5 2.9 0.9
v 1.5 2.9 0.9
v 1.6 2.9 0.9
v 1.5 2.9 0.8
v 1.6 2.9 0.8
v -1.6 2.9 0.6
v -1.5 2.9 0.6
v 1.5 2.9 0.1
v 1.6 2.9 0.1
v 1.5 2.9 0
v 1.6 2.9 0
v 1 2.9 -0.8
v 1.1 2.9 -0.8
v -0.7 2.9 -0.9
v -0.6 2.9 -0.9
v 1 2.9 -0.9
v 1.1 2.9 -0.9
v -0.7 2.9 -1
v -0.6 2.9 -1
v 0.0999999 2.9 -1.1
v 0.2 2.9 -1.1
v 0.0999999 2.9 -1.2
v 0.2 2.9 -1.2
v -0.9 3 1.8
v -0.5 3 1.8
v -0.9 3 1.7
v -0.5 3 1.7
v -1 3 1.6
v -0.9 3 1.6
v -1 3 1.5
v -0.9 3 1.5
v 0.6 3 1.5
v 0.7 3 1.5
v 0.6 3 1.4
v 0.7 3 1.4
v 0.6 3 1.3
v 0.7 3 1.3
v -1.3 3 1.2
v -1.2 3 1.2
v 0.6 3 1.2
v 0.7 3 1.2
v -1.3 3 1.1
v -1.2 3 1.1
v 1.5 3 1.1
v 1.6 3 1.1
v 0.5 3 1
v 0.6 3 1
v 0.5 3 0.9
v 0.6 3 0.9
v 1.5 3 0.9
v 1.6 3 0.9
v 1.5 3 0.8
v 1.6 3 0.8
v -1.6 3 0.6
v -1.5 3 0.6
v 1.5 3 0.6
v 1.6 3 0.6
v -1.6 3 0.5
v -1.5 3 0.5
v 1.5 3 0.2
v 1.6 3 0.2
v 1.5 3 0.1
v 1.6 3 0.1
v 1 3 -0.6
v 1.1 3 -0.6
v 1 3 -0.8
v 1.1 3 -0.8
v -0.7 3 -1
v -0.6 3 -1
v -0.7 3 -1.1
v -0.6 3 -1.1
v -0.5 3 -1.1
v -0.6 3 -1.2
v -0.5 3 -1.2
v -0.5 3.1 1.8
v -0.3 3.1 1.8
v -0.5 3.1 1.7
v -0.3 3.1 1.7
v 0.6 3.1 1.6
v 0.7 3.1 1.6
v 0.6 3.1 1.5
v 0.7 3.1 1.5
v 1 3.1 -0.5
v 1.1 3.1 -0.5
v 1 3.1 -0.6
v 1.1 3.1 -0.6
v 0.5 3.1 -1
v 0.8 3.1 -1
v -0.3 3.1 -1.1
v 0.5 3.1 -1.1
v 0.8 3.1 -1.1
v -0.3 3.1 -1.2
v 0.3 3.1 -1.2
v 0.4 3.1 -1.2
v 0.5 3.1 -1.2
v 0.3 3.1 -1.3
v 0.4 3.1 -1.3
v 0.6 3.2 1.7
v 0.7 3.2 1.7
v 0.6 3.2 1.6
v 0.7 3.2 1.6
v -1 3.2 1.3
v -0.9 3.2 1.3
v 1.4 3.2 1.3
v 1.5 3.2 1.3
v -1 3.2 1.2
v 1.4 3.2 1.2
v 1.5 3.2 1.2
v 1.6 3.2 1.2
v -1 3.2 1.1
v -0.9 3.2 1.1
v 1.5 3.2 1.1
v 1.6 3.2 1.1
v 1.6 3.2 0.4
v 1.7 3.2 0.4
v -1.7 3.2 0.3
v -1.6 3.2 0.3
v 1.6 3.2 0.2
v 1.7 3.2 0.2
v -1.7 3.2 0.1
v -1.6 3.2 0.1
v -0.9 3.2 -0.8
v -0.8 3.2 -0.8
v -0.9 3.2 -0.9
v -0.9 3.2 -1.1
v -0.8 3.2 -1.1
v -0.3 3.2 -1.1
v -0.8 3.2 -1.2
v -0.5 3.2 -1.2
v -0.3 3.2 -1.2
v -0.5 3.2 -1.3
v -0.3 3.2 -1.3
v 0.5 3.3 1.8
v 0.6 3.3 1.8
v 0.5 3.3 1.7
v 0.6 3.3 1.7
v -1 3.3 1.4
v -0.9 3.3 1.4
v -1 3.3 1.3
v -0.9 3.3 1.3
v 1.3 3.3 1.3
v 1.4 3.3 1.3
v -1.4 3.3 1.2
v -1 3.3 1.2
v 0.7 3.3 1.2
v 0.9 3.3 1.2
v 1.3 3.3 1.2
v 1.4 3.3 1.2
v -1.6 3.3 1.1
v -1.5 3.3 1.1
v -1.4 3.3 1.1
v -1.3 3.3 1.1
v -1 3.3 1.1
v -0.9 3.3 1.1
v 0.7 3.3 1.1
v 0.9 3.3 1.1
v -1.6 3.3 1
v -1.5 3.3 1
v -1.3 3.3 1
v -0.9 3.3 1
v 1.5 3.3 0.4
v 1.6 3.3 0.4
v 1.5 3.3 0.3
v 1.6 3.3 0.3
v 1.5 3.3 0.1
v 1.6 3.3 0.1
v 1.5 3.3 0
v 1.6 3.3 0
v 1.1 3.3 -0.1
v 1.5 3.3 -0.1
v 1.1 3.3 -0.2
v 1.5 3.3 -0.2
v -1.7 3.3 -0.4
v -1.6 3.3 -0.4
v -1.7 3.3 -0.5
v -1.6 3.3 -0.5
v 1.5 3.3 -0.7
v 1.6 3.3 -0.7
v 1.5 3.3 -0.8
v 1.6 3.3 -0.8
v -0.3 3.3 -1.1
v -0.2 3.3 -1.1
v -0.3 3.3 -1.2
v -0.2 3.3 -1.2
v -0.9 3.4 1.8
v -0.7 3.4 1.8
v -0.1 3.4 1.8
v 0.4 3.4 1.8
v -0.9 3.4 1.7
v -0.7 3.4 1.7
v -0.1 3.4 1.7
v 0.4 3.4 1.7
v 1.2 3.4 1.4
v 1.3 3.4 1.4
v 0.9 3.4 1.3
v 1.1 3.4 1.3
v -1.5 3.4 1.2
v -1.4 3.4 1.2
v 0.9 3.4 1.2
v 1.1 3.4 1.2
v 1.2 3.4 1.2
v 1.3 3.4 1.2
v -1.5 3.4 1.1
v -1.4 3.4 1.1
v -1.3 3.4 1.1
v -1.6 3.4 1
v -1.5 3.4 1
v -1.4 3.4 1
v -1.3 3.4 1
v -1.6 3.4 0.8
v -1.5 3.4 0.8
v 1.5 3.4 0.5
v 1.6 3.4 0.5
v 1.5 3.4 0.4
v 1.6 3.4 0.4
v 1.5 3.4 0.3
v 1.6 3.4 0.3
v 1.5 3.4 0.2
v 1.6 3.4 0.2
v -1.7 3.4 -0.5
v -1.6 3.4 -0.5
v -1.7 3.4 -0.6
v -1.6 3.4 -0.6
v -0.2 3.4 -1.1
v -1.19209e-07 3.4 -1.1
v -0.2 3.4 -1.2
v -0.1 3.4 -1.2
v -0.1 3.4 -1.3
v -1.19209e-07 3.4 -1.3
v -0.4 3.5 1.9
v -0.2 3.5 1.9
v 0.4 3.5 1.9
v 0.5 3.5 1.9
v -0.6 3.5 1.8
v -0.4 3.5 1.8
v -0.3 3.5 1.8
v -0.2 3.5 1.8
v 0.4 3.5 1.8
v 0.5 3.5 1.8
v 0.6 3.5 1.8
v -0.6 3.5 1.7
v -0.3 3.5 1.7
v 0.4 3.5 1.7
v 0.6 3.5 1.7
v 0.6 3.5 1.6
v 0.7 3.5 1.6
v -1 3.5 1.5
v -0.9 3.5 1.5
v -1 3.5 1.4
v -0.9 3.5 1.4
v 1.1 3.5 1.4
v 1.2 3.5 1.4
v 1.1 3.5 1.3
v 1.2 3.5 1.3
v 0.6 3.5 1.2
v 0.7 3.5 1.2
v -1.7 3.5 0.8
v -1.6 3.5 0.8
v -1.7 3.5 0.6
v -1.6 3.5 0.6
v 1.5 3.5 0.6
v 1.6 3.5 0.6
v 1.5 3.5 0.5
v 1.6 3.5 0.5
v 1.5 3.5 -0.4
v 1.6 3.5 -0.4
v 1.5 3.5 -0.5
v 1.6 3.5 -0.5
v -1.7 3.5 -0.6
v -1.6 3.5 -0.6
v -1.7 3.5 -0.7
v -1.6 3.5 -0.7
v 1.5 3.5 -0.7
v 1.6 3.5 -0.7
v -1.19209e-07 3.5 -1.1
v 0.0999999 3.5 -1.1
v 0.5 3.5 -1.1
v 0.8 3.5 -1.1
v 1.2 3.5 -1.1
v 1.5 3.5 -1.1
v 1.6 3.5 -1.1
v 0.5 3.5 -1.2
v 0.8 3.5 -1.2
v 1.2 3.5 -1.2
v 1.5 3.5 -1.2
v -1.19209e-07 3.5 -1.3
v 0.0999999 3.5 -1.3
v -0.8 3.6 1.8
v -0.6 3.6 1.8
v -0.3 3.6 1.8
v -1.19209e-07 3.6 1.8
v -0.8 3.6 1.7
v -0.6 3.6 1.7
v -0.3 3.6 1.7
v -1.19209e-07 3.6 1.7
v 0.6 3.6 1.2
v 0.7 3.6 1.2
v 0.6 3.6 1.1
v 0.7 3.6 1.1
v -1.7 3.6 0.6
v -1.6 3.6 0.6
v -1.7 3.6 0.5
v -1.6 3.6 0.5
v -1.6 3.6 -0.5
v -1.1 3.6 -0.5
v -1 3.6 -0.5
v -0.9 3.6 -0.5
v 1.5 3.6 -0.5
v 1.6 3.6 -0.5
v -1.2 3.6 -0.6
v -1.1 3.6 -0.6
v -1 3.6 -0.6
v -0.9 3.6 -0.6
v -1.7 3.6 -0.7
v -1.6 3.6 -0.7
v -1.2 3.6 -0.7
v -1.1 3.6 -0.7
v -1 3.6 -0.7
v -0.9 3.6 -0.7
v 1.5 3.6 -0.7
v 1.6 3.6 -0.7
v -1.7 3.6 -0.8
v -1.6 3.6 -0.8
v -1.5 3.6 -0.8
v -1.2 3.6 -0.8
v -1.1 3.6 -0.8
v -1 3.6 -0.8
v -0.9 3.6 -0.8
v -1.6 3.6 -0.9
v -1.5 3.6 -0.9
v -1.1 3.6 -0.9
v -0.9 3.6 -0.9
v 0.0999999 3.6 -1.1
v 0.2 3.6 -1.1
v 0.8 3.6 -1.1
v 1.2 3.6 -1.1
v 0.2 3.6 -1.2
v 0.8 3.6 -1.2
v 1.2 3.6 -1.2
v 0.0999999 3.6 -1.3
v 0.2 3.6 -1.3
v -0.9 3.7 1.8
v -0.8 3.7 1.8
v 0.3 3.7 1.8
v 0.4 3.7 1.8
v -0.9 3.7 1.7
v -0.8 3.7 1.7
v 0.3 3.7 1.7
v 0.4 3.7 1.7
v -1 3.7 1.6
v -0.9 3.7 1.6
v -1 3.7 1.5
v -0.9 3.7 1.5
v 0.7 3.7 1.2
v 0.8 3.7 1.2
v -1.5 3.7 1.1
v -1.4 3.7 1.1
v 0.7 3.7 1.1
v 0.8 3.7 1.1
v -1.5 3.7 1
v -1.4 3.7 1
v 1.6 3.7 0.7
v 1.8 3.7 0.7
v 1.6 3.7 0.6
v 1.8 3.7 0.6
v -1.7 3.7 0.5
v -1.6 3.7 0.5
v 1.1 3.7 0.4
v 1.5 3.7 0.4
v -1.7 3.7 0.3
v -1.6 3.7 0.3
v 1.5 3.7 0.2
v 1.6 3.7 0.2
v 1.4 3.7 0.1
v 1.5 3.7 0.1
v 1.2 3.7 0
v 1.4 3.7 0
v 1.5 3.7 0
v 1.1 3.7 -0.1
v 1.2 3.7 -0.1
v 1.4 3.7 -0.1
v 1.6 3.7 -0.1
v -1.2 3.7 -0.6
v -1 3.7 -0.6
v -0.9 3.7 -0.6
v -0.8 3.7 -0.6
v -1.6 3.7 -0.7
v -1.2 3.7 -0.7
v -1.1 3.7 -0.7
v -1 3.7 -0.7
v -0.9 3.7 -0.7
v 1.5 3.7 -0.7
v 1.6 3.7 -0.7
v -1.6 3.7 -0.8
v -1.2 3.7 -0.8
v -1.1 3.7 -0.8
v -1 3.7 -0.8
v -0.9 3.7 -0.8
v -0.8 3.7 -0.8
v 1.5 3.7 -0.8
v 1.6 3.7 -0.8
v 0.2 3.7 -1.1
v 0.3 3.7 -1.1
v 0.5 3.7 -1.1
v 0.6 3.7 -1.1
v 0.2 3.7 -1.2
v 0.3 3.7 -1.2
v 0.4 3.7 -1.2
v 0.5 3.7 -1.2
v 0.6 3.7 -1.2
v 0.3 3.7 -1.3
v 0.4 3.7 -1.3
v -1 3.8 1.8
v -0.9 3.8 1.8
v -1.19209e-07 3.8 1.8
v 0.0999999 3.8 1.8
v 0.2 3.8 1.8
v 0.3 3.8 1.8
v -0.9 3.8 1.7
v -0.6 3.8 1.7
v -0.5 3.8 1.7
v -1.19209e-07 3.8 1.7
v 0.0999999 3.8 1.7
v 0.2 3.8 1.7
v 0.3 3.8 1.7
v 0.6 3.8 1.7
v -1 3.8 1.6
v -0.9 3.8 1.6
v -0.8 3.8 1.6
v -0.6 3.8 1.6
v -1.19209e-07 3.8 1.6
v 0.0999999 3.8 1.6
v -1 3.8 1.5
v -0.9 3.8 1.5
v -0.8 3.8 1.5
v -0.7 3.8 1.5
v -0.5 3.8 1.5
v -0.4 3.8 1.5
v 0.0999999 3.8 1.5
v 0.2 3.8 1.5
v 0.3 3.8 1.5
v 0.4 3.8 1.5
v -0.7 3.8 1.4
v -0.6 3.8 1.4
v 0.2 3.8 1.4
v 0.3 3.8 1.4
v 0.8 3.8 1.3
v 0.9 3.8 1.3
v -1 3.8 1.2
v -0.9 3.8 1.2
v -0.8 3.8 1.2
v -0.5 3.8 1.2
v -0.4 3.8 1.2
v -0.3 3.8 1.2
v -0.2 3.8 1.2
v -0.1 3.8 1.2
v -1.19209e-07 3.8 1.2
v 0.3 3.8 1.2
v 0.4 3.8 1.2
v 0.6 3.8 1.2
v 0.7 3.8 1.2
v -0.8 3.8 1.1
v -0.6 3.8 1.1
v -0.5 3.8 1.1
v -0.4 3.8 1.1
v -0.3 3.8 1.1
v -0.2 3.8 1.1
v -0.1 3.8 1.1
v -1.19209e-07 3.8 1.1
v 0.6 3.8 1.1
v 0.7 3.8 1.1
v 0.8 3.8 1.1
v 0.9 3.8 1.1
v -0.4 3.8 1
v -0.2 3.8 1
v -0.1 3.8 1
v 0.4 3.8 1
v 0.5 3.8 1
v 0.6 3.8 1
v 0.7 3.8 1
v 0.9 3.8 1
v 1.6 3.8 1
v 1.7 3.8 1
v 0.5 3.8 0.9
v 0.6 3.8 0.9
v 0.7 3.8 0.9
v 0.9 3.8 0.9
v 1.6 3.8 0.8
v 1.7 3.8 0.8
v 1.8 3.8 0.8
v 1.7 3.8 0.7
v 1.8 3.8 0.7
v -1.7 3.8 0.3
v -1.6 3.8 0.3
v 1.4 3.8 0.1
v 1.5 3.8 0.1
v -1.7 3.8 0
v -1.6 3.8 0
v 1.2 3.8 0
v 1.4 3.8 0
v 1.5 3.8 0
v 1.2 3.8 -0.1
v 1.4 3.8 -0.1
v -1.1 3.8 -0.5
v -1 3.8 -0.5
v -1.1 3.8 -0.6
v -1 3.8 -0.6
v -0.9 3.8 -0.6
v -1 3.8 -0.7
v -0.9 3.8 -0.7
v 1.5 3.8 -0.8
v 1.6 3.8 -0.8
v 1.5 3.8 -1
v 1.6 3.8 -1
v 0.3 3.8 -1.1
v 0.4 3.8 -1.1
v 0.6 3.8 -1.1
v 0.7 3.8 -1.1
v 0.3 3.8 -1.2
v 0.4 3.8 -1.2
v 0.6 3.8 -1.2
v 0.7 3.8 -1.2
v -1.19209e-07 3.9 1.7
v 0.3 3.9 1.7
v -0.8 3.9 1.6
v -0.6 3.9 1.6
v -1.19209e-07 3.9 1.6
v 0.0999999 3.9 1.6
v 0.2 3.9 1.6
v -0.8 3.9 1.5
v -0.7 3.9 1.5
v -0.6 3.9 1.5
v -0.5 3.9 1.5
v -0.4 3.9 1.5
v 0.2 3.9 1.5
v 0.3 3.9 1.5
v 0.4 3.9 1.5
v 0.2 3.9 1.4
v 0.3 3.9 1.4
v -0.9 3.9 1.2
v -0.8 3.9 1.2
v -0.5 3.9 1.2
v -0.4 3.9 1.2
v -0.3 3.9 1.2
v -0.2 3.9 1.2
v -0.1 3.9 1.2
v -1.19209e-07 3.9 1.2
v 0.3 3.9 1.2
v 0.4 3.9 1.2
v 0.6 3.9 1.2
v -0.9 3.9 1.1
v -0.8 3.9 1.1
v -0.5 3.9 1.1
v -0.4 3.9 1.1
v -0.3 3.9 1.1
v -0.2 3.9 1.1
v -0.1 3.9 1.1
v -1.19209e-07 3.9 1.1
v 0.4 3.9 1.1
v 0.5 3.9 1.1
v 0.6 3.9 1.1
v 0.9 3.9 1.1
v -1.6 3.9 1
v -1.5 3.9 1
v -0.5 3.9 1
v -0.4 3.9 1
v 0.5 3.9 1
v 0.6 3.9 1
v 0.7 3.9 1
v 0.9 3.9 1
v -1.6 3.9 0.8
v -1.5 3.9 0.8
v -1.7 3.9 0
v -1.6 3.9 0
v -1.7 3.9 -0.1
v -1.6 3.9 -0.1
v -0.8 3.9 -0.7
v -0.6 3.9 -0.7
v 1.5 3.9 -1
v 1.6 3.9 -1
v -0.8 3.9 -1.1
v -0.6 3.9 -1.1
v 0.4 3.9 -1.1
v 0.6 3.9 -1.1
v 1.5 3.9 -1.1
v 1.6 3.9 -1.1
v 0.4 3.9 -1.2
v 0.6 3.9 -1.2
v -0.5 4 1.6
v -0.4 4 1.6
v 0.0999999 4 1.6
v 0.2 4 1.6
v -0.7 4 1.5
v -0.6 4 1.5
v -0.5 4 1.5
v -0.4 4 1.5
v 0.0999999 4 1.5
v 0.2 4 1.5
v -0.7 4 1.4
v -0.6 4 1.4
v 0.3 4 1.1
v 0.5 4 1.1
v 0.3 4 1
v 0.5 4 1
v -1.7 4 -0.1
v -1.6 4 -0.1
v -1.7 4 -0.2
v -1.6 4 -0.2
v -1.19209e-07 4 -0.6
v 0.0999999 4 -0.6
v -0.6 4 -0.7
v -0.3 4 -0.7
v -0.5 4 -0.9
v -0.3 4 -0.9
v -0.5 4 -1
v -0.4 4 -1
v -0.6 4 -1.1
v -0.4 4 -1.1
v -1.19209e-07 4 -1.1
v 0.0999999 4 -1.1
v 0.6 4 -1.1
v 0.7 4 -1.1
v 1.4 4 -1.1
v 1.5 4 -1.1
v 0.6 4 -1.2
v 0.7 4 -1.2
v 1.4 4 -1.2
v 1.5 4 -1.2
v -0.6 4.1 1.7
v -0.5 4.1 1.7
v -0.7 4.1 1.4
v -0.6 4.1 1.4
v 0.9 4.1 1.4
v 1 4.1 1.4
v 1.2 4.1 1.4
v 1.3 4.1 1.4
v 1 4.1 1.3
v 1.1 4.1 1.3
v 1.2 4.1 1.3
v 1.3 4.1 1.3
v 1.6 4.1 1.3
v -0.3 4.1 1.2
v -1.19209e-07 4.1 1.2
v 0.9 4.1 1.2
v 1 4.1 1.2
v 1.2 4.1 1.2
v 1.3 4.1 1.2
v -0.7 4.1 1.1
v -0.5 4.1 1.1
v -0.4 4.1 1.1
v -0.3 4.1 1.1
v -0.2 4.1 1.1
v -0.1 4.1 1.1
v -1.19209e-07 4.1 1.1
v 0.2 4.1 1.1
v 0.3 4.1 1.1
v 1 4.1 1.1
v 1.1 4.1 1.1
v 1.2 4.1 1.1
v -1.5 4.1 1
v -1.1 4.1 1
v -0.4 4.1 1
v -0.3 4.1 1
v -0.2 4.1 1
v -0.1 4.1 1
v 0.2 4.1 1
v 0.3 4.1 1
v -1.5 4.1 0.9
v -1.1 4.1 0.9
v 1.3 4.1 0.8
v 1.6 4.1 0.8
v 1.7 4.1 0.8
v 1.3 4.1 0.7
v 1.6 4.1 0.7
v 1.7 4.1 0.7
v -1.7 4.1 0.4
v -1.6 4.1 0.4
v 1.1 4.1 0.4
v 1.6 4.1 0.4
v -1.7 4.1 0.2
v -1.6 4.1 0.2
v -1.7 4.1 -0.2
v -1.6 4.1 -0.2
v -0.8 4.1 -0.2
v -0.7 4.1 -0.2
v -1.5 4.1 -0.3
v -0.8 4.1 -0.3
v -0.7 4.1 -0.3
v -1.7 4.1 -0.4
v -1.6 4.1 -0.4
v -1.5 4.1 -0.4
v -1.3 4.1 -0.4
v -0.9 4.1 -0.4
v -0.8 4.1 -0.4
v 0.2 4.1 -0.4
v 0.3 4.1 -0.4
v -1.6 4.1 -0.5
v -1.5 4.1 -0.5
v -1.3 4.1 -0.5
v -1.2 4.1 -0.5
v -1.1 4.1 -0.5
v -0.9 4.1 -0.5
v -0.2 4.1 -0.6
v -1.19209e-07 4.1 -0.6
v 0.0999999 4.1 -0.6
v 0.2 4.1 -0.6
v 0.3 4.1 -0.6
v 0.5 4.1 -0.6
v 0.6 4.1 -0.6
v 0.9 4.1 -0.6
v 1 4.1 -0.6
v 1.1 4.1 -0.6
v 1.2 4.1 -0.6
v 1.5 4.1 -0.6
v -0.3 4.1 -0.7
v -0.2 4.1 -0.7
v -1.19209e-07 4.1 -0.7
v 0.0999999 4.1 -0.7
v 0.6 4.1 -0.7
v 0.7 4.1 -0.7
v 0.8 4.1 -0.7
v 0.9 4.1 -0.7
v 1 4.1 -0.7
v 1.1 4.1 -0.7
v 0.5 4.1 -0.8
v 0.7 4.1 -0.8
v -0.5 4.1 -0.9
v -0.3 4.1 -0.9
v 1 4.1 -0.9
v 1.1 4.1 -0.9
v 1.2 4.1 -0.9
v 1.3 4.1 -0.9
v -0.5 4.1 -1
v -0.4 4.1 -1
v 1.1 4.1 -1
v 1.2 4.1 -1
v -0.4 4.1 -1.1
v -1.19209e-07 4.1 -1.1
v 0.0999999 4.1 -1.1
v 0.7 4.1 -1.1
v 0.8 4.1 -1.1
v 0.9 4.1 -1.1
v 1.2 4.1 -1.1
v 1.3 4.1 -1.1
v 1.4 4.1 -1.1
v 1.5 4.1 -1.1
v 0.7 4.1 -1.2
v 0.9 4.1 -1.2
v 1.3 4.1 -1.2
v 1.4 4.1 -1.2
v 1.1 4.2 1.3
v 1.3 4.2 1.3
v 0.9 4.2 1.2
v 1 4.2 1.2
v 1.2 4.2 1.2
v 1.3 4.2 1.2
v -1.1 4.2 1.1
v -0.4 4.2 1.1
v -0.1 4.2 1.1
v 0.2 4.2 1.1
v 0.9 4.2 1.1
v 1 4.2 1.1
v 1.1 4.2 1.1
v 1.2 4.2 1.1
v -1.1 4.2 1
v -0.4 4.2 1
v -0.1 4.2 1
v 0.2 4.2 1
v 1 4.2 1
v 1.1 4.2 1
v -1.6 4.2 0.9
v -1.1 4.2 0.9
v -1.6 4.2 0.8
v -1.1 4.2 0.8
v 1.3 4.2 0.8
v 1.6 4.2 0.8
v -1.7 4.2 0.7
v -1.6 4.2 0.7
v 1.3 4.2 0.7
v 1.6 4.2 0.7
v -1.7 4.2 0.4
v -1.6 4.2 0.4
v -1.6 4.2 -0.1
v -1.1 4.2 -0.1
v 0.2 4.2 -0.1
v 0.3 4.2 -0.1
v -1.1 4.2 -0.2
v -0.8 4.2 -0.2
v 0.2 4.2 -0.2
v 0.3 4.2 -0.2
v 1.6 4.2 -0.2
v 1.7 4.2 -0.2
v -1.5 4.2 -0.3
v -0.9 4.2 -0.3
v -0.8 4.2 -0.3
v 0.2 4.2 -0.3
v 0.3 4.2 -0.3
v 1.6 4.2 -0.3
v 1.7 4.2 -0.3
v -1.6 4.2 -0.4
v -1.5 4.2 -0.4
v -1.3 4.2 -0.4
v -0.9 4.2 -0.4
v -0.8 4.2 -0.4
v 0.2 4.2 -0.4
v 0.3 4.2 -0.4
v -1.5 4.2 -0.5
v -1.3 4.2 -0.5
v -1.2 4.2 -0.5
v -1.1 4.2 -0.5
v 0.3 4.2 -0.5
v 0.5 4.2 -0.5
v 0.7 4.2 -0.5
v 1.2 4.2 -0.5
v 1.3 4.2 -0.5
v 1.5 4.2 -0.5
v -1.2 4.2 -0.6
v -1.1 4.2 -0.6
v -0.9 4.2 -0.6
v -0.8 4.2 -0.6
v 0.3 4.2 -0.6
v 0.5 4.2 -0.6
v 0.6 4.2 -0.6
v 0.7 4.2 -0.6
v 0.9 4.2 -0.6
v 1 4.2 -0.6
v 1.1 4.2 -0.6
v 1.2 4.2 -0.6
v 1.3 4.2 -0.6
v 1.5 4.2 -0.6
v 0.6 4.2 -0.7
v 0.7 4.2 -0.7
v 0.8 4.2 -0.7
v 0.9 4.2 -0.7
v 1 4.2 -0.7
v 1.1 4.2 -0.7
v 0.5 4.2 -0.8
v 0.7 4.2 -0.8
v 1 4.2 -0.9
v 1.1 4.2 -0.9
v 1.2 4.2 -0.9
v 1.3 4.2 -0.9
v 1.1 4.2 -1
v 1.2 4.2 -1
v 0.8 4.2 -1.1
v 0.9 4.2 -1.1
v 1.2 4.2 -1.1
v 1.3 4.2 -1.1
v -0.4 4.3 1.2
v -0.2 4.3 1.2
v -0.4 4.3 1.1
v -0.3 4.3 1.1
v -0.2 4.3 1.1
v -0.1 4.3 1.1
v 0.9 4.3 1.1
v 1 4.3 1.1
v -0.3 4.3 1
v -0.1 4.3 1
v -1.19209e-07 4.3 1
v 0.4 4.3 1
v 0.6 4.3 1
v 0.7 4.3 1
v 0.9 4.3 1
v 1 4.3 1
v 1.1 4.3 1
v -1.19209e-07 4.3 0.9
v 0.4 4.3 0.9
v 0.6 4.3 0.9
v 0.7 4.3 0.9
v 0.9 4.3 0.9
v 1.1 4.3 0.9
v -1.6 4.3 0.8
v -1.1 4.3 0.8
v 1.1 4.3 0.8
v 1.2 4.3 0.8
v -1.2 4.3 0.5
v -1.1 4.3 0.5
v 1.2 4.3 0.5
v -1.3 4.3 0.4
v -1.2 4.3 0.4
v -1.1 4.3 0.4
v 1.1 4.3 0.4
v 1.2 4.3 0.4
v -1.4 4.3 0.3
v -1.3 4.3 0.3
v -1.2 4.3 0.3
v -1.4 4.3 0.1
v -1.3 4.3 0.1
v -1.6 4.3 -0.1
v -1.1 4.3 -0.1
v 0.3 4.3 -0.1
v 0.4 4.3 -0.1
v 0.5 4.3 -0.1
v 1 4.3 -0.1
v 0.2 4.3 -0.2
v 0.3 4.3 -0.2
v 0.4 4.3 -0.2
v 0.5 4.3 -0.2
v 0.6 4.3 -0.2
v -0.9 4.3 -0.3
v -0.8 4.3 -0.3
v -0.7 4.3 -0.3
v -0.4 4.3 -0.3
v 0.2 4.3 -0.3
v 0.3 4.3 -0.3
v 0.6 4.3 -0.3
v 0.7 4.3 -0.3
v -0.9 4.3 -0.4
v -0.8 4.3 -0.4
v -0.7 4.3 -0.4
v -0.4 4.3 -0.4
v -0.3 4.3 -0.4
v 0.5 4.3 -0.4
v 0.6 4.3 -0.4
v 1 4.3 -0.4
v 1.3 4.3 -0.4
v 1.4 4.3 -0.4
v 1.5 4.3 -0.4
v 0.3 4.3 -0.5
v 0.5 4.3 -0.5
v 0.6 4.3 -0.5
v 0.7 4.3 -0.5
v 1.2 4.3 -0.5
v 1.3 4.3 -0.5
v 1.4 4.3 -0.5
v 1.5 4.3 -0.5
v -0.3 4.3 -0.6
v -0.2 4.3 -0.6
v 0.5 4.3 -0.6
v 0.7 4.3 -0.6
v 1.2 4.3 -0.6
v 1.3 4.3 -0.6
v -0.8 4.3 -0.7
v -0.2 4.3 -0.7
v -0.7 4.4 1.1
v -0.6 4.4 1.1
v -0.4 4.4 1.1
v -0.3 4.4 1.1
v -0.7 4.4 1
v -0.6 4.4 1
v -0.4 4.4 1
v -0.3 4.4 1
v 0.8 4.4 1
v 0.9 4.4 1
v -1.19209e-07 4.4 0.9
v 0.2 4.4 0.9
v 0.4 4.4 0.9
v 0.6 4.4 0.9
v 0.7 4.4 0.9
v 0.8 4.4 0.9
v 0.9 4.4 0.9
v 1.1 4.4 0.9
v 0.3 4.4 0.8
v 0.4 4.4 0.8
v 0.6 4.4 0.8
v 0.7 4.4 0.8
v 0.8 4.4 0.8
v 0.9 4.4 0.8
v 0.2 4.4 0.7
v 0.3 4.4 0.7
v 0.7 4.4 0.6
v 0.8 4.4 0.6
v 0.9 4.4 0.6
v -1.2 4.4 0.5
v -1.1 4.4 0.5
v 0.9 4.4 0.5
v 1 4.4 0.5
v -1.3 4.4 0.4
v -1.2 4.4 0.4
v -1.1 4.4 0.4
v 0.8 4.4 0.4
v 1 4.4 0.4
v 1.1 4.4 0.4
v -1.4 4.4 0.3
v -1.3 4.4 0.3
v -1.2 4.4 0.3
v 0.0999999 4.4 0.3
v 0.9 4.4 0.3
v -1.19209e-07 4.4 0.2
v 0.0999999 4.4 0.2
v 0.4 4.4 0.2
v 0.9 4.4 0.2
v -1.4 4.4 0.1
v -1.3 4.4 0.1
v 0.0999999 4.4 0.1
v 0.3 4.4 0.1
v 0.4 4.4 0.1
v 0.5 4.4 0.1
v -1.19209e-07 4.4 0
v 0.0999999 4.4 0
v 0.3 4.4 0
v 0.4 4.4 0
v 0.2 4.4 -0.1
v 0.4 4.4 -0.1
v 0.5 4.4 -0.1
v 1 4.4 -0.1
v -0.6 4.4 -0.2
v -1.19209e-07 4.4 -0.2
v 0.4 4.4 -0.2
v 0.5 4.4 -0.2
v 0.6 4.4 -0.2
v -0.8 4.4 -0.3
v -0.7 4.4 -0.3
v -0.6 4.4 -0.3
v -0.4 4.4 -0.3
v 0.6 4.4 -0.3
v 0.7 4.4 -0.3
v -0.8 4.4 -0.4
v -0.7 4.4 -0.4
v -0.4 4.4 -0.4
v -0.3 4.4 -0.4
v 0.5 4.4 -0.4
v 0.6 4.4 -0.4
v 1.3 4.4 -0.4
v 1.4 4.4 -0.4
v 0.0999999 4.4 -0.5
v 0.2 4.4 -0.5
v 0.6 4.4 -0.5
v 0.7 4.4 -0.5
v 1.3 4.4 -0.5
v 1.4 4.4 -0.5
v -0.3 4.4 -0.6
v -1.19209e-07 4.4 -0.6
v -1.19209e-07 4.4 -0.7
v 0.0999999 4.4 -0.7
v -0.9 4.5 1.1
v -0.8 4.5 1.1
v -0.5 4.5 1.1
v -0.4 4.5 1.1
v -0.9 4.5 1
v -0.8 4.5 1
v -0.5 4.5 1
v -0.4 4.5 1
v 0.4 4.5 1
v 0.6 4.5 1
v 0.2 4.5 0.9
v 0.4 4.5 0.9
v 0.6 4.5 0.9
v 0.7 4.5 0.9
v 0.8 4.5 0.9
v 0.9 4.5 0.9
v -1.2 4.5 0.8
v -1.1 4.5 0.8
v 0.3 4.5 0.8
v 0.4 4.5 0.8
v 0.6 4.5 0.8
v 0.7 4.5 0.8
v 0.8 4.5 0.8
v 0.9 4.5 0.8
v 0.2 4.5 0.7
v 0.3 4.5 0.7
v 0.7 4.5 0.7
v 0.8 4.5 0.7
v 0.7 4.5 0.6
v 0.8 4.5 0.6
v 0.9 4.5 0.6
v -1.2 4.5 0.5
v -1.1 4.5 0.5
v 0.9 4.5 0.5
v 1 4.5 0.5
v 1.2 4.5 0.5
v 1.3 4.5 0.5
v 0.8 4.5 0.4
v 1 4.5 0.4
v 1.2 4.5 0.4
v 1.3 4.5 0.4
v 1.6 4.5 0.4
v 0.0999999 4.5 0.3
v 0.2 4.5 0.3
v 0.4 4.5 0.3
v 0.9 4.5 0.3
v 1 4.5 0.3
v 1.1 4.5 0.3
v -1.19209e-07 4.5 0.2
v 0.0999999 4.5 0.2
v 0.2 4.5 0.2
v 0.4 4.5 0.2
v 0.9 4.5 0.2
v 1 4.5 0.2
v 1.1 4.5 0.2
v 1.2 4.5 0.2
v 1.6 4.5 0.2
v 1.7 4.5 0.2
v 0.0999999 4.5 0.1
v 0.3 4.5 0.1
v 0.4 4.5 0.1
v 0.5 4.5 0.1
v 1 4.5 0.1
v 1.2 4.5 0.1
v 1.4 4.5 0.1
v 1.6 4.5 0.1
v 1.7 4.5 0.1
v -1.19209e-07 4.5 0
v 0.0999999 4.5 0
v 0.3 4.5 0
v 0.4 4.5 0
v 1.2 4.5 0
v 1.3 4.5 0
v 0.4 4.5 -0.1
v 0.5 4.5 -0.1
v 1.3 4.5 -0.2
v 1.4 4.5 -0.2
v 1.5 4.5 -0.2
v 1.5 4.5 -0.3
v 1.6 4.5 -0.3
v 1 4.5 -0.4
v 1.4 4.5 -0.4
v 0.0999999 4.5 -0.5
v 0.2 4.5 -0.5
v 0.0999999 4.5 -0.7
v 0.2 4.5 -0.7
v -1.1 4.6 1.1
v -0.9 4.6 1.1
v -0.6 4.6 1.1
v -0.5 4.6 1.1
v -1.2 4.6 1
v -1.1 4.6 1
v -0.9 4.6 1
v -0.6 4.6 1
v -0.5 4.6 1
v -1.2 4.6 0.8
v -1.1 4.6 0.8
v 0.7 4.6 0.8
v 0.8 4.6 0.8
v 0.7 4.6 0.7
v 0.8 4.6 0.7
v 1 4.6 0.4
v 1.2 4.6 0.4
v 0.2 4.6 0.3
v 0.4 4.6 0.3
v 1 4.6 0.3
v 1.1 4.6 0.3
v 0.2 4.6 0.2
v 0.4 4.6 0.2
v 1 4.6 0.2
v 1.1 4.6 0.2
v 1.2 4.6 0.2
v 1.4 4.6 0.2
v 1.6 4.6 0.2
v 1 4.6 0.1
v 1.2 4.6 0.1
v 1.4 4.6 0.1
v 1.6 4.6 0.1
v 1.2 4.6 0
v 1.3 4.6 0
v 1.3 4.6 -0.2
v 1.4 4.6 -0.2
v 1.5 4.6 -0.2
v 1.5 4.6 -0.3
v 1.6 4.6 -0.3
v 1.4 4.6 -0.4
v 1.6 4.6 -0.4
v -0.8 4.7 1.1
v -0.6 4.7 1.1
v -0.1 4.7 1.1
v -1.19209e-07 4.7 1.1
v -0.8 4.7 1
v -0.6 4.7 1
v -0.1 4.7 1
v -1.19209e-07 4.7 1
v 1.2 4.7 0.2
v 1.4 4.7 0.2
v 1.2 4.7 0.1
v 1.4 4.7 0.1
v -1.19209e-07 4.7 0
v 0.0999999 4.7 0
v -1.19209e-07 4.7 -0.1
v 0.0999999 4.7 -0.1
v -0.7 4.7 -0.2
v -0.6 4.7 -0.2
v -0.7 4.7 -0.3
v -0.6 4.7 -0.3
v -0.3 4.8 1.1
v -0.1 4.8 1.1
v -1.1 4.8 1
v -0.4 4.8 1
v -0.3 4.8 1
v -0.1 4.8 1
v -1.19209e-07 4.8 1
v -0.5 4.8 0.9
v -0.4 4.8 0.9
v -0.3 4.8 0.9
v -0.6 4.8 0.8
v -0.5 4.8 0.8
v -0.4 4.8 0.8
v -0.7 4.8 0.6
v -0.6 4.8 0.6
v -0.5 4.8 0.6
v -0.9 4.8 0.5
v -0.7 4.8 0.5
v -0.6 4.8 0.5
v -1 4.8 0.4
v -0.9 4.8 0.4
v -0.7 4.8 0.4
v -1.1 4.8 0.3
v -1 4.8 0.3
v -0.9 4.8 0.3
v -1.2 4.8 0.2
v -1.1 4.8 0.2
v -1.2 4.8 0.1
v -1.1 4.8 0.1
v -1 4.8 0.1
v -0.6 4.8 0.1
v -0.5 4.8 0.1
v -0.7 4.8 0
v -0.6 4.8 0
v -0.5 4.8 0
v -0.8 4.8 -0.1
v -0.7 4.8 -0.1
v -0.6 4.8 -0.1
v -1.1 4.8 -0.2
v -0.8 4.8 -0.2
v -0.7 4.8 -0.2
v -1.19209e-07 4.8 -0.2
v -0.8 4.8 -0.3
v -0.7 4.8 -0.3
v -0.4 4.9 1
v -0.3 4.9 1
v -0.5 4.9 0.9
v -0.4 4.9 0.9
v -0.3 4.9 0.9
v -0.6 4.9 0.8
v -0.5 4.9 0.8
v -0.4 4.9 0.8
v -0.7 4.9 0.6
v -0.6 4.9 0.6
v -0.5 4.9 0.6
v -0.9 4.9 0.5
v -0.7 4.9 0.5
v -0.6 4.9 0.5
v -1 4.9 0.4
v -0.9 4.9 0.4
v -0.7 4.9 0.4
v -1.1 4.9 0.3
v -1 4.9 0.3
v -0.9 4.9 0.3
v -1.1 4.9 0.1
v -1 4.9 0.1
v -0.6 4.9 0.1
v -0.5 4.9 0.1
v -0.7 4.9 0
v -0.6 4.9 0
v -0.5 4.9 0
v -0.8 4.9 -0.1
v -0.7 4.9 -0.1
v -0.6 4.9 -0.1
v -0.8 4.9 -0.2
v -0.7 4.9 -0.2

# faces
f 3/1/1 2/1/1 1/1/1
f 4/1/1 2/1/1 3/1/1
f 9/4/1 6/4/1 5/4/1
f 10/4/1 6/4/1 9/4/1
f 12/4/1 8/4/1 7/4/1
f 13/4/1 8/4/1 12/4/1
f 15/4/1 12/4/1 11/4/1
f 16/4/1 12/4/1 15/4/1
f 17/4/1 12/4/1 16/4/1
f 18/4/1 15/4/1 14/4/1
f 18/4/1 16/4/1 15/4/1
f 19/4/1 16/4/1 18/4/1
f 21/4/1 18/4/1 14/4/1
f 22/4/1 18/4/1 21/4/1
f 24/4/1 21/4/1 20/4/1
f 28/4/1 24/4/1 23/4/1
f 29/4/1 21/4/1 24/4/1
f 29/4/1 24/4/1 28/4/1
f 30/4/1 26/4/1 25/4/1
f 32/4/1 31/4/1 30/4/1
f 32/4/1 30/4/1 25/4/1
f 33/4/1 31/4/1 32/4/1
f 34/4/1 31/4/1 33/4/1
f 38/4/1 35/4/1 34/4/1
f 38/4/1 34/4/1 33/4/1
f 39/4/1 35/4/1 38/4/1
f 40/4/1 35/4/1 39/4/1
f 42/4/1 37/4/1 36/4/1
f 43/4/1 37/4/1 42/4/1
f 44/4/1 28/4/1 27/4/1
f 45/4/1 41/4/1 40/4/1
f 45/4/1 40/4/1 39/4/1
f 46/4/1 41/4/1 45/4/1
f 47/4/1 44/4/1 43/4/1
f 48/4/1 44/4/1 47/4/1
f 49/4/1 41/4/1 46/4/1
f 50/4/1 41/4/1 49/4/1
f 51/4/1 44/4/1 48/4/1
f 52/4/1 28/4/1 44/4/1
f 52/4/1 44/4/1 51/4/1
f 54/4/1 53/4/1 52/4/1
f 55/4/1 53/4/1 54/4/1
f 57/4/1 56/4/1 55/4/1
f 58/4/1 56/4/1 57/4/1
f 62/4/1 59/4/1 58/4/1
f 63/4/1 59/4/1 62/4/1
f 66/4/1 61/4/1 60/4/1
f 67/4/1 61/4/1 66/4/1
f 68/4/1 61/4/1 67/4/1
f 69/4/1 64/4/1 63/4/1
f 70/4/1 64/4/1 69/4/1
f 71/4/1 66/4/1 65/4/1
f 71/4/1 67/4/1 66/4/1
f 72/4/1 67/4/1 71/4/1
f 77/4/1 74/4/1 73/4/1
f 78/4/1 74/4/1 77/4/1
f 82/4/1 76/4/1 75/4/1
f 83/4/1 76/4/1 82/4/1
f 84/4/1 76/4/1 83/4/1
f 85/4/1 78/4/1 77/4/1
f 85/4/1 79/4/1 78/4/1
f 86/4/1 79/4/1 85/4/1
f 87/4/1 79/4/1 86/4/1
f 88/4/1 81/4/1 80/4/1
f 89/4/1 81/4/1 88/4/1
f 92/4/1 84/4/1 83/4/1
f 92/4/1 85/4/1 84/4/1
f 92/4/1 86/4/1 85/4/1
f 93/4/1 86/4/1 92/4/1
f 95/4/1 88/4/1 87/4/1
f 97/4/1 95/4/1 94/4/1
f 98/4/1 91/4/1 90/4/1
f 99/4/1 92/4/1 83/4/1
f 100/4/1 92/4/1 99/4/1
f 101/4/1 92/4/1 100/4/1
f 102/4/1 97/4/1 96/4/1
f 103/4/1 98/4/1 90/4/1
f 103/4/1 99/4/1 98/4/1
f 103/4/1 100/4/1 99/4/1
f 104/4/1 100/4/1 103/4/1
f 105/4/1 100/4/1 104/4/1
f 106/4/1 100/4/1 105/4/1
f 108/4/1 100/4/1 106/4/1
f 109/4/1 100/4/1 108/4/1
f 110/4/1 100/4/1 109/4/1
f 111/4/1 102/4/1 101/4/1
f 111/4/1 88/4/1 95/4/1
f 111/4/1 97/4/1 102/4/1
f 111/4/1 95/4/1 97/4/1
f 112/4/1 88/4/1 111/4/1
f 113/4/1 109/4/1 108/4/1
f 113/4/1 108/4/1 107/4/1
f 114/4/1 109/4/1 113/4/1
f 115/4/1 111/4/1 101/4/1
f 116/4/1 88/4/1 112/4/1
f 117/4/1 88/4/1 116/4/1
f 118/4/1 103/4/1 90/4/1
f 119/4/1 103/4/1 118/4/1
f 120/4/1 103/4/1 119/4/1
f 121/4/1 113/4/1 107/4/1
f 122/4/1 115/4/1 114/4/1
f 122/4/1 111/4/1 115/4/1
f 124/4/1 88/4/1 117/4/1
f 125/4/1 88/4/1 124/4/1
f 126/4/1 121/4/1 120/4/1
f 126/4/1 120/4/1 119/4/1
f 127/4/1 113/4/1 121/4/1
f 127/4/1 121/4/1 126/4/1
f 128/4/1 113/4/1 127/4/1
f 129/4/1 123/4/1 122/4/1
f 131/4/1 88/4/1 125/4/1
f 132/4/1 88/4/1 131/4/1
f 134/4/1 113/4/1 128/4/1
f 135/4/1 113/4/1 134/4/1
f 136/4/1 130/4/1 129/4/1
f 142/4/1 134/4/1 133/4/1
f 144/4/1 129/4/1 122/4/1
f 144/4/1 137/4/1 136/4/1
f 144/4/1 136/4/1 129/4/1
f 145/4/1 137/4/1 144/4/1
f 146/4/1 139/4/1 138/4/1
f 147/4/1 139/4/1 146/4/1
f 148/4/1 143/4/1 142/4/1
f 149/4/1 122/4/1 114/4/1
f 149/4/1 144/4/1 122/4/1
f 150/4/1 144/4/1 149/4/1
f 151/4/1 146/4/1 145/4/1
f 152/4/1 146/4/1 151/4/1
f 153/4/1 141/4/1 140/4/1
f 154/4/1 148/4/1 142/4/1
f 154/4/1 142/4/1 133/4/1
f 154/4/1 149/4/1 148/4/1
f 155/4/1 149/4/1 154/4/1
f 156/4/1 144/4/1 150/4/1
f 157/4/1 144/4/1 156/4/1
f 158/4/1 155/4/1 154/4/1
f 158/4/1 153/4/1 140/4/1
f 158/4/1 156/4/1 155/4/1
f 158/4/1 154/4/1 153/4/1
f 159/4/1 156/4/1 158/4/1
f 160/4/1 156/4/1 159/4/1
f 161/4/1 144/4/1 157/4/1
f 162/4/1 144/4/1 161/4/1
f 163/4/1 160/4/1 159/4/1
f 163/4/1 161/4/1 160/4/1
f 164/4/1 161/4/1 163/4/1
f 165/4/1 161/4/1 164/4/1
f 166/4/1 144/4/1 162/4/1
f 167/4/1 144/4/1 166/4/1
f 169/4/1 163/4/1 159/4/1
f 170/4/1 163/4/1 169/4/1
f 171/4/1 163/4/1 170/4/1
f 173/4/1 165/4/1 164/4/1
f 173/4/1 166/4/1 165/4/1
f 174/4/1 166/4/1 173/4/1
f 175/4/1 144/4/1 167/4/1
f 176/4/1 144/4/1 175/4/1
f 177/4/1 170/4/1 169/4/1
f 177/4/1 169/4/1 168/4/1
f 178/4/1 170/4/1 177/4/1
f 179/4/1 170/4/1 178/4/1
f 180/4/1 175/4/1 174/4/1
f 180/4/1 174/4/1 173/4/1
f 180/4/1 173/4/1 172/4/1
f 181/4/1 175/4/1 180/4/1
f 182/4/1 175/4/1 181/4/1
f 183/4/1 179/4/1 178/4/1
f 183/4/1 181/4/1 180/4/1
f 183/4/1 180/4/1 179/4/1
f 184/4/1 181/4/1 183/4/1
f 187/3/1 186/3/1 185/3/1
f 188/3/1 186/3/1 187/3/1
f 191/4/1 190/4/1 189/4/1
f 192/4/1 190/4/1 191/4/1
f 195/4/1 194/4/1 193/4/1
f 196/4/1 194/4/1 195/4/1
f 199/4/1 198/4/1 197/4/1
f 203/4/1 199/4/1 197/4/1
f 203/4/1 200/4/1 199/4/1
f 204/4/1 200/4/1 203/4/1
f 205/4/1 202/4/1 201/4/1
f 207/4/1 203/4/1 197/4/1
f 208/4/1 203/4/1 207/4/1
f 209/4/1 206/4/1 205/4/1
f 209/4/1 205/4/1 201/4/1
f 210/4/1 206/4/1 209/4/1
f 211/4/1 206/4/1 210/4/1
f 213/4/1 212/4/1 211/4/1
f 213/4/1 211/4/1 210/4/1
f 214/4/1 212/4/1 213/4/1
f 215/4/1 213/4/1 210/4/1
f 216/4/1 213/4/1 215/4/1
f 217/4/1 212/4/1 214/4/1
f 218/4/1 212/4/1 217/4/1
f 221/4/1 220/4/1 219/4/1
f 222/4/1 220/4/1 221/4/1
f 223/4/1 220/4/1 222/4/1
f 226/4/1 225/4/1 224/4/1
f 227/4/1 225/4/1 226/4/1
f 230/4/1 229/4/1 228/4/1
f 231/4/1 229/4/1 230/4/1
f 236/4/1 233/4/1 232/4/1
f 237/4/1 233/4/1 236/4/1
f 238/4/1 235/4/1 234/4/1
f 239/4/1 235/4/1 238/4/1
f 242/4/1 241/4/1 240/4/1
f 243/4/1 241/4/1 242/4/1
f 246/4/1 245/4/1 244/4/1
f 247/4/1 245/4/1 246/4/1
f 250/4/1 249/4/1 248/4/1
f 251/4/1 249/4/1 250/4/1
f 254/4/1 253/4/1 252/4/1
f 255/4/1 253/4/1 254/4/1
f 260/4/1 257/4/1 256/4/1
f 261/4/1 257/4/1 260/4/1
f 262/4/1 259/4/1 258/4/1
f 263/4/1 259/4/1 262/4/1
f 266/4/1 265/4/1 264/4/1
f 267/4/1 265/4/1 266/4/1
f 274/2/1 269/2/1 268/2/1
f 275/2/1 269/2/1 274/2/1
f 276/2/1 271/2/1 270/2/1
f 277/2/1 271/2/1 276/2/1
f 278/2/1 273/2/1 272/2/1
f 279/2/1 273/2/1 278/2/1
f 280/2/1 273/2/1 279/2/1
f 281/2/1 273/2/1 280/2/1
f 282/2/1 280/2/1 279/2/1
f 283/2/1 280/2/1 282/2/1
f 288/4/1 285/4/1 284/4/1
f 289/4/1 285/4/1 288/4/1
f 290/4/1 287/4/1 286/4/1
f 291/4/1 287/4/1 290/4/1
f 295/4/1 293/4/1 292/4/1
f 296/4/1 293/4/1 295/4/1
f 297/4/1 295/4/1 294/4/1
f 298/4/1 295/4/1 297/4/1
f 299/4/1 295/4/1 298/4/1
f 303/4/1 301/4/1 300/4/1
f 304/4/1 301/4/1 303/4/1
f 306/4/1 303/4/1 302/4/1
f 307/4/1 303/4/1 306/4/1
f 308/4/1 306/4/1 305/4/1
f 309/4/1 306/4/1 308/4/1
f 312/4/1 311/4/1 310/4/1
f 313/4/1 311/4/1 312/4/1
f 322/2/1 315/2/1 314/2/1
f 323/2/1 317/2/1 316/2/1
f 324/2/1 317/2/1 323/2/1
f 325/2/1 321/2/1 320/2/1
f 329/2/1 319/2/1 318/2/1
f 330/2/1 319/2/1 329/2/1
f 331/2/1 326/2/1 325/2/1
f 331/2/1 325/2/1 320/2/1
f 332/2/1 326/2/1 331/2/1
f 333/2/1 315/2/1 322/2/1
f 334/2/1 315/2/1 333/2/1
f 335/2/1 328/2/1 327/2/1
f 336/2/1 328/2/1 335/2/1
f 337/2/1 326/2/1 332/2/1
f 338/2/1 326/2/1 337/2/1
f 345/4/1 340/4/1 339/4/1
f 346/4/1 340/4/1 345/4/1
f 347/4/1 342/4/1 341/4/1
f 348/4/1 342/4/1 347/4/1
f 349/4/1 344/4/1 343/4/1
f 350/4/1 344/4/1 349/4/1
f 354/4/1 352/4/1 351/4/1
f 354/4/1 353/4/1 352/4/1
f 355/4/1 353/4/1 354/4/1
f 361/4/1 357/4/1 356/4/1
f 362/4/1 357/4/1 361/4/1
f 363/4/1 359/4/1 358/4/1
f 364/4/1 359/4/1 363/4/1
f 365/4/1 361/4/1 360/4/1
f 366/4/1 361/4/1 365/4/1
f 370/4/1 368/4/1 367/4/1
f 370/4/1 369/4/1 368/4/1
f 371/4/1 369/4/1 370/4/1
f 372/4/1 369/4/1 371/4/1
f 376/4/1 372/4/1 371/4/1
f 376/4/1 373/4/1 372/4/1
f 379/4/1 375/4/1 374/4/1
f 380/4/1 377/4/1 376/4/1
f 380/4/1 376/4/1 371/4/1
f 381/4/1 377/4/1 380/4/1
f 382/4/1 379/4/1 378/4/1
f 384/4/1 380/4/1 371/4/1
f 385/4/1 380/4/1 384/4/1
f 386/4/1 382/4/1 381/4/1
f 387/4/1 384/4/1 383/4/1
f 388/4/1 384/4/1 387/4/1
f 389/4/1 386/4/1 385/4/1
f 390/4/1 389/4/1 388/4/1
f 390/4/1 386/4/1 389/4/1
f 390/4/1 379/4/1 382/4/1
f 390/4/1 382/4/1 386/4/1
f 391/4/1 379/4/1 390/4/1
f 392/4/1 390/4/1 388/4/1
f 393/4/1 390/4/1 392/4/1
f 394/4/1 390/4/1 393/4/1
f 395/4/1 379/4/1 391/4/1
f 396/4/1 375/4/1 379/4/1
f 396/4/1 379/4/1 395/4/1
f 397/4/1 395/4/1 394/4/1
f 397/4/1 394/4/1 393/4/1
f 398/4/1 395/4/1 397/4/1
f 407/2/1 400/2/1 399/2/1
f 411/2/1 402/2/1 401/2/1
f 412/2/1 402/2/1 411/2/1
f 413/2/1 404/2/1 403/2/1
f 414/2/1 404/2/1 413/2/1
f 415/2/1 406/2/1 405/2/1
f 416/2/1 406/2/1 415/2/1
f 419/2/1 407/2/1 399/2/1
f 419/2/1 408/2/1 407/2/1
f 420/2/1 408/2/1 419/2/1
f 421/2/1 410/2/1 409/2/1
f 422/2/1 410/2/1 421/2/1
f 425/2/1 418/2/1 417/2/1
f 426/2/1 418/2/1 425/2/1
f 427/2/1 424/2/1 423/2/1
f 428/2/1 424/2/1 427/2/1
f 432/4/1 430/4/1 429/4/1
f 433/4/1 430/4/1 432/4/1
f 435/4/1 432/4/1 431/4/1
f 435/4/1 434/4/1 433/4/1
f 435/4/1 433/4/1 432/4/1
f 436/4/1 434/4/1 435/4/1
f 439/4/1 438/4/1 437/4/1
f 440/4/1 438/4/1 439/4/1
f 445/4/1 442/4/1 441/4/1
f 446/4/1 442/4/1 445/4/1
f 449/4/1 444/4/1 443/4/1
f 450/4/1 444/4/1 449/4/1
f 451/4/1 448/4/1 447/4/1
f 452/4/1 448/4/1 451/4/1
f 458/4/1 454/4/1 453/4/1
f 459/4/1 454/4/1 458/4/1
f 460/4/1 454/4/1 459/4/1
f 462/4/1 458/4/1 457/4/1
f 463/4/1 458/4/1 462/4/1
f 465/4/1 462/4/1 461/4/1
f 467/4/1 465/4/1 464/4/1
f 468/4/1 462/4/1 465/4/1
f 468/4/1 465/4/1 467/4/1
f 469/4/1 462/4/1 468/4/1
f 470/4/1 456/4/1 455/4/1
f 471/4/1 456/4/1 470/4/1
f 473/4/1 468/4/1 467/4/1
f 473/4/1 467/4/1 466/4/1
f 474/4/1 468/4/1 473/4/1
f 474/4/1 473/4/1 472/4/1
f 475/4/1 468/4/1 474/4/1
f 479/4/1 474/4/1 472/4/1
f 480/4/1 474/4/1 479/4/1
f 481/4/1 476/4/1 475/4/1
f 482/4/1 476/4/1 481/4/1
f 483/4/1 478/4/1 477/4/1
f 484/4/1 478/4/1 483/4/1
f 487/4/1 486/4/1 485/4/1
f 488/4/1 486/4/1 487/4/1
f 494/2/1 492/2/1 491/2/1
f 495/2/1 492/2/1 494/2/1
f 496/2/1 492/2/1 495/2/1
f 502/2/1 490/2/1 489/2/1
f 503/2/1 490/2/1 502/2/1
f 504/2/1 494/2/1 493/2/1
f 505/2/1 494/2/1 504/2/1
f 506/2/1 494/2/1 505/2/1
f 507/2/1 494/2/1 506/2/1
f 508/2/1 494/2/1 507/2/1
f 509/2/1 496/2/1 495/2/1
f 509/2/1 497/2/1 496/2/1
f 510/2/1 497/2/1 509/2/1
f 511/2/1 497/2/1 510/2/1
f 512/2/1 497/2/1 511/2/1
f 513/2/1 499/2/1 498/2/1
f 514/2/1 499/2/1 513/2/1
f 515/2/1 501/2/1 500/2/1
f 516/2/1 501/2/1 515/2/1
f 517/2/1 504/2/1 503/2/1
f 517/2/1 505/2/1 504/2/1
f 518/2/1 507/2/1 506/2/1
f 519/2/1 507/2/1 518/2/1
f 520/2/1 509/2/1 508/2/1
f 521/2/1 509/2/1 520/2/1
f 522/2/1 511/2/1 510/2/1
f 523/2/1 511/2/1 522/2/1
f 524/2/1 517/2/1 503/2/1
f 524/2/1 518/2/1 517/2/1
f 525/2/1 518/2/1 524/2/1
f 526/2/1 518/2/1 525/2/1
f 527/2/1 521/2/1 520/2/1
f 527/2/1 522/2/1 521/2/1
f 527/2/1 520/2/1 519/2/1
f 528/2/1 522/2/1 527/2/1
f 529/2/1 522/2/1 528/2/1
f 530/2/1 524/2/1 503/2/1
f 531/2/1 524/2/1 530/2/1
f 532/2/1 526/2/1 525/2/1
f 532/2/1 528/2/1 527/2/1
f 532/2/1 527/2/1 526/2/1
f 533/2/1 528/2/1 532/2/1
f 534/2/1 532/2/1 525/2/1
f 535/2/1 532/2/1 534/2/1
f 538/2/1 537/2/1 536/2/1
f 539/2/1 537/2/1 538/2/1
f 540/2/1 537/2/1 539/2/1
f 542/2/1 540/2/1 539/2/1
f 542/2/1 541/2/1 540/2/1
f 543/2/1 541/2/1 542/2/1
f 544/2/1 541/2/1 543/2/1
f 546/2/1 545/2/1 544/2/1
f 546/2/1 544/2/1 543/2/1
f 547/2/1 545/2/1 546/2/1
f 548/2/1 545/2/1 547/2/1
f 550/2/1 548/2/1 547/2/1
f 550/2/1 549/2/1 548/2/1
f 551/2/1 549/2/1 550/2/1
f 554/4/1 553/4/1 552/4/1
f 555/4/1 553/4/1 554/4/1
f 561/4/1 557/4/1 556/4/1
f 562/4/1 557/4/1 561/4/1
f 563/4/1 557/4/1 562/4/1
f 564/4/1 560/4/1 559/4/1
f 564/4/1 559/4/1 558/4/1
f 567/4/1 564/4/1 563/4/1
f 567/4/1 560/4/1 564/4/1
f 567/4/1 563/4/1 562/4/1
f 568/4/1 560/4/1 567/4/1
f 569/4/1 566/4/1 565/4/1
f 570/4/1 566/4/1 569/4/1
f 572/4/1 567/4/1 562/4/1
f 573/4/1 567/4/1 572/4/1
f 575/4/1 571/4/1 570/4/1
f 576/4/1 571/4/1 575/4/1
f 578/4/1 572/4/1 562/4/1
f 579/4/1 572/4/1 578/4/1
f 580/4/1 572/4/1 579/4/1
f 581/4/1 574/4/1 573/4/1
f 582/4/1 574/4/1 581/4/1
f 584/4/1 578/4/1 577/4/1
f 584/4/1 579/4/1 578/4/1
f 585/4/1 579/4/1 584/4/1
f 586/4/1 579/4/1 585/4/1
f 587/4/1 579/4/1 586/4/1
f 589/4/1 586/4/1 585/4/1
f 590/4/1 586/4/1 589/4/1
f 592/4/1 583/4/1 582/4/1
f 592/4/1 582/4/1 581/4/1
f 592/4/1 581/4/1 580/4/1
f 593/4/1 589/4/1 588/4/1
f 594/4/1 589/4/1 593/4/1
f 600/4/1 592/4/1 591/4/1
f 601/4/1 583/4/1 592/4/1
f 601/4/1 592/4/1 600/4/1
f 602/4/1 598/4/1 597/4/1
f 603/4/1 598/4/1 602/4/1
f 604/4/1 600/4/1 599/4/1
f 605/4/1 600/4/1 604/4/1
f 606/4/1 583/4/1 601/4/1
f 607/4/1 596/4/1 595/4/1
f 608/4/1 583/4/1 606/4/1
f 609/4/1 583/4/1 608/4/1
f 610/4/1 583/4/1 609/4/1
f 611/4/1 583/4/1 610/4/1
f 613/4/1 607/4/1 595/4/1
f 615/4/1 613/4/1 612/4/1
f 616/4/1 607/4/1 613/4/1
f 616/4/1 613/4/1 615/4/1
f 617/4/1 615/4/1 614/4/1
f 618/4/1 615/4/1 617/4/1
f 621/4/1 620/4/1 619/4/1
f 622/4/1 620/4/1 621/4/1
f 625/4/1 624/4/1 623/4/1
f 626/4/1 624/4/1 625/4/1
f 631/2/1 628/2/1 627/2/1
f 632/2/1 628/2/1 631/2/1
f 637/2/1 630/2/1 629/2/1
f 638/2/1 630/2/1 637/2/1
f 640/2/1 633/2/1 632/2/1
f 641/2/1 633/2/1 640/2/1
f 642/2/1 635/2/1 634/2/1
f 643/2/1 635/2/1 642/2/1
f 645/2/1 640/2/1 639/2/1
f 646/2/1 640/2/1 645/2/1
f 647/2/1 645/2/1 644/2/1
f 648/2/1 645/2/1 647/2/1
f 651/2/1 637/2/1 636/2/1
f 652/2/1 637/2/1 651/2/1
f 656/2/1 650/2/1 649/2/1
f 658/2/1 654/2/1 653/2/1
f 658/2/1 653/2/1 652/2/1
f 660/2/1 658/2/1 657/2/1
f 661/2/1 654/2/1 658/2/1
f 661/2/1 658/2/1 660/2/1
f 662/2/1 654/2/1 661/2/1
f 663/2/1 656/2/1 655/2/1
f 664/2/1 660/2/1 659/2/1
f 664/2/1 661/2/1 660/2/1
f 665/2/1 661/2/1 664/2/1
f 666/2/1 664/2/1 659/2/1
f 667/2/1 664/2/1 666/2/1
f 669/2/1 663/2/1 662/2/1
f 670/2/1 669/2/1 668/2/1
f 671/2/1 663/2/1 669/2/1
f 671/2/1 669/2/1 670/2/1
f 672/2/1 650/2/1 656/2/1
f 672/2/1 663/2/1 671/2/1
f 672/2/1 656/2/1 663/2/1
f 675/2/1 650/2/1 672/2/1
f 676/2/1 650/2/1 675/2/1
f 677/2/1 674/2/1 673/2/1
f 679/2/1 650/2/1 676/2/1
f 680/2/1 650/2/1 679/2/1
f 681/2/1 678/2/1 677/2/1
f 683/2/1 682/2/1 681/2/1
f 685/2/1 684/2/1 683/2/1
f 686/2/1 684/2/1 685/2/1
f 688/2/1 683/2/1 681/2/1
f 688/2/1 677/2/1 673/2/1
f 688/2/1 685/2/1 683/2/1
f 688/2/1 681/2/1 677/2/1
f 689/4/1 688/4/1 687/4/1
f 690/2/1 685/2/1 688/2/1
f 690/4/1 688/4/1 689/4/1
f 691/2/1 685/2/1 690/2/1
f 694/4/1 693/4/1 692/4/1
f 695/4/1 693/4/1 694/4/1
f 698/4/1 697/4/1 696/4/1
f 699/4/1 697/4/1 698/4/1
f 703/4/1 701/4/1 700/4/1
f 704/4/1 701/4/1 703/4/1
f 706/4/1 703/4/1 702/4/1
f 709/4/1 708/4/1 707/4/1
f 710/4/1 708/4/1 709/4/1
f 711/4/1 706/4/1 705/4/1
f 712/4/1 703/4/1 706/4/1
f 712/4/1 706/4/1 711/4/1
f 715/4/1 714/4/1 713/4/1
f 716/4/1 714/4/1 715/4/1
f 717/4/1 711/4/1 705/4/1
f 719/4/1 717/4/1 716/4/1
f 720/4/1 711/4/1 717/4/1
f 720/4/1 717/4/1 719/4/1
f 721/4/1 719/4/1 718/4/1
f 722/4/1 719/4/1 721/4/1
f 727/4/1 724/4/1 723/4/1
f 728/4/1 724/4/1 727/4/1
f 730/4/1 726/4/1 725/4/1
f 731/4/1 726/4/1 730/4/1
f 732/4/1 730/4/1 729/4/1
f 733/4/1 730/4/1 732/4/1
f 736/2/1 735/2/1 734/2/1
f 740/2/1 736/2/1 734/2/1
f 741/2/1 738/2/1 737/2/1
f 742/2/1 738/2/1 741/2/1
f 747/2/1 744/2/1 743/2/1
f 748/2/1 744/2/1 747/2/1
f 749/2/1 746/2/1 745/2/1
f 750/2/1 746/2/1 749/2/1
f 754/2/1 752/2/1 751/2/1
f 756/2/1 754/2/1 753/2/1
f 757/2/1 756/2/1 755/2/1
f 758/2/1 754/2/1 756/2/1
f 758/2/1 756/2/1 757/2/1
f 759/2/1 754/2/1 758/2/1
f 760/2/1 752/2/1 754/2/1
f 760/2/1 754/2/1 759/2/1
f 761/2/1 752/2/1 760/2/1
f 762/2/1 740/2/1 739/2/1
f 762/2/1 736/2/1 740/2/1
f 766/2/1 763/2/1 762/2/1
f 766/2/1 762/2/1 739/2/1
f 767/2/1 763/2/1 766/2/1
f 768/2/1 763/2/1 767/2/1
f 772/2/1 765/2/1 764/2/1
f 774/2/1 770/2/1 769/2/1
f 775/2/1 770/2/1 774/2/1
f 776/2/1 765/2/1 772/2/1
f 777/2/1 765/2/1 776/2/1
f 778/2/1 774/2/1 773/2/1
f 779/2/1 774/2/1 778/2/1
f 783/4/1 772/4/1 771/4/1
f 784/2/1 776/2/1 772/2/1
f 784/4/1 772/4/1 783/4/1
f 785/2/1 776/2/1 784/2/1
f 787/2/1 778/2/1 773/2/1
f 788/2/1 778/2/1 787/2/1
f 789/4/1 780/4/1 779/4/1
f 790/4/1 780/4/1 789/4/1
f 791/4/1 782/4/1 781/4/1
f 792/4/1 782/4/1 791/4/1
f 795/4/1 794/4/1 793/4/1
f 796/4/1 794/4/1 795/4/1
f 800/2/1 786/2/1 785/2/1
f 800/2/1 785/2/1 784/2/1
f 801/2/1 786/2/1 800/2/1
f 802/4/1 799/4/1 798/4/1
f 802/4/1 798/4/1 797/4/1
f 803/4/1 799/4/1 802/4/1
f 804/4/1 799/4/1 803/4/1
f 805/4/1 799/4/1 804/4/1
f 807/4/1 806/4/1 805/4/1
f 808/4/1 806/4/1 807/4/1
f 811/4/1 810/4/1 809/4/1
f 812/4/1 810/4/1 811/4/1
f 815/4/1 814/4/1 813/4/1
f 816/4/1 814/4/1 815/4/1
f 817/4/1 814/4/1 816/4/1
f 819/4/1 818/4/1 817/4/1
f 820/4/1 818/4/1 819/4/1
f 825/4/1 824/4/1 823/4/1
f 826/4/1 824/4/1 825/4/1
f 827/4/1 822/4/1 821/4/1
f 828/4/1 827/4/1 821/4/1
f 829/4/1 827/4/1 828/4/1
f 834/4/1 831/4/1 830/4/1
f 835/4/1 831/4/1 834/4/1
f 836/4/1 833/4/1 832/4/1
f 837/4/1 833/4/1 836/4/1
f 843/2/1 841/2/1 840/2/1
f 844/2/1 839/2/1 838/2/1
f 845/2/1 839/2/1 844/2/1
f 846/2/1 843/2/1 842/2/1
f 846/2/1 841/2/1 843/2/1
f 847/2/1 841/2/1 846/2/1
f 850/2/1 846/2/1 842/2/1
f 851/2/1 846/2/1 850/2/1
f 852/2/1 849/2/1 848/2/1
f 853/2/1 849/2/1 852/2/1
f 854/2/1 852/2/1 848/2/1
f 858/2/1 857/2/1 856/2/1
f 859/2/1 857/2/1 858/2/1
f 862/2/1 854/2/1 848/2/1
f 862/2/1 855/2/1 854/2/1
f 863/2/1 855/2/1 862/2/1
f 864/2/1 855/2/1 863/2/1
f 867/2/1 866/2/1 865/2/1
f 868/2/1 866/2/1 867/2/1
f 869/2/1 861/2/1 860/2/1
f 870/2/1 861/2/1 869/2/1
f 875/2/1 872/2/1 871/2/1
f 876/2/1 872/2/1 875/2/1
f 878/4/1 874/4/1 873/4/1
f 879/4/1 874/4/1 878/4/1
f 881/4/1 877/4/1 876/4/1
f 882/4/1 877/4/1 881/4/1
f 886/4/1 884/4/1 883/4/1
f 887/4/1 884/4/1 886/4/1
f 888/2/1 880/2/1 879/2/1
f 889/4/1 886/4/1 885/4/1
f 890/4/1 886/4/1 889/4/1
f 891/2/1 880/2/1 888/2/1
f 892/2/1 880/2/1 891/2/1
f 895/4/1 894/4/1 893/4/1
f 896/4/1 886/4/1 890/4/1
f 897/4/1 886/4/1 896/4/1
f 899/4/1 896/4/1 895/4/1
f 900/4/1 898/4/1 897/4/1
f 901/4/1 898/4/1 900/4/1
f 902/4/1 895/4/1 893/4/1
f 902/4/1 899/4/1 895/4/1
f 902/4/1 900/4/1 899/4/1
f 903/4/1 900/4/1 902/4/1
f 908/4/1 905/4/1 904/4/1
f 912/4/1 909/4/1 908/4/1
f 913/4/1 907/4/1 906/4/1
f 914/4/1 907/4/1 913/4/1
f 915/4/1 911/4/1 910/4/1
f 916/4/1 911/4/1 915/4/1
f 917/4/1 912/4/1 908/4/1
f 917/4/1 908/4/1 904/4/1
f 917/4/1 913/4/1 912/4/1
f 918/4/1 913/4/1 917/4/1
f 921/4/1 920/4/1 919/4/1
f 922/4/1 920/4/1 921/4/1
f 927/4/1 924/4/1 923/4/1
f 928/4/1 924/4/1 927/4/1
f 929/4/1 926/4/1 925/4/1
f 930/4/1 926/4/1 929/4/1
f 933/2/1 932/2/1 931/2/1
f 934/2/1 932/2/1 933/2/1
f 935/2/1 933/2/1 931/2/1
f 936/2/1 933/2/1 935/2/1
f 937/2/1 933/2/1 936/2/1
f 938/2/1 933/2/1 937/2/1
f 943/2/1 942/2/1 941/2/1
f 944/2/1 942/2/1 943/2/1
f 947/2/1 940/2/1 939/2/1
f 948/2/1 940/2/1 947/2/1
f 949/2/1 946/2/1 945/2/1
f 950/2/1 946/2/1 949/2/1
f 956/4/1 952/4/1 951/4/1
f 957/4/1 952/4/1 956/4/1
f 958/4/1 956/4/1 955/4/1
f 959/4/1 956/4/1 958/4/1
f 960/4/1 954/4/1 953/4/1
f 961/4/1 954/4/1 960/4/1
f 962/4/1 960/4/1 953/4/1
f 963/4/1 960/4/1 962/4/1
f 968/4/1 965/4/1 964/4/1
f 969/4/1 965/4/1 968/4/1
f 970/4/1 967/4/1 966/4/1
f 971/4/1 967/4/1 970/4/1
f 973/4/1 972/4/1 971/4/1
f 974/4/1 972/4/1 973/4/1
f 977/4/1 976/4/1 975/4/1
f 978/4/1 976/4/1 977/4/1
f 981/4/1 980/4/1 979/4/1
f 982/4/1 980/4/1 981/4/1
f 986/2/1 984/2/1 983/2/1
f 989/2/1 984/2/1 986/2/1
f 989/2/1 986/2/1 985/2/1
f 990/2/1 984/2/1 989/2/1
f 993/2/1 989/2/1 985/2/1
f 994/2/1 989/2/1 993/2/1
f 995/2/1 992/2/1 991/2/1
f 996/2/1 988/2/1 987/2/1
f 997/2/1 995/2/1 991/2/1
f 997/2/1 996/2/1 995/2/1
f 998/2/1 988/2/1 996/2/1
f 998/2/1 996/2/1 997/2/1
f 999/2/1 997/2/1 991/2/1
f 1000/2/1 997/2/1 999/2/1
f 1001/2/1 988/2/1 998/2/1
f 1002/2/1 1001/2/1 1000/2/1
f 1003/2/1 988/2/1 1001/2/1
f 1003/2/1 1001/2/1 1002/2/1
f 1004/2/1 988/2/1 1003/2/1
f 1011/2/1 1006/2/1 1005/2/1
f 1012/2/1 1009/2/1 1008/2/1
f 1012/2/1 1008/2/1 1007/2/1
f 1013/2/1 1009/2/1 1012/2/1
f 1014/2/1 1011/2/1 1010/2/1
f 1014/2/1 1006/2/1 1011/2/1
f 1015/2/1 1006/2/1 1014/2/1
f 1016/2/1 1014/2/1 1010/2/1
f 1019/2/1 1009/2/1 1013/2/1
f 1020/2/1 1009/2/1 1019/2/1
f 1021/2/1 1016/2/1 1010/2/1
f 1022/4/1 1017/4/1 1016/4/1
f 1022/2/1 1016/2/1 1021/2/1
f 1023/4/1 1017/4/1 1022/4/1
f 1024/4/1 1019/4/1 1018/4/1
f 1025/4/1 1019/4/1 1024/4/1
f 1027/4/1 1025/4/1 1024/4/1
f 1028/2/1 1026/2/1 1025/2/1
f 1028/4/1 1025/4/1 1027/4/1
f 1031/2/1 1026/2/1 1028/2/1
f 1032/2/1 1026/2/1 1031/2/1
f 1033/2/1 1026/2/1 1032/2/1
f 1034/2/1 1030/2/1 1029/2/1
f 1035/2/1 1030/2/1 1034/2/1
f 1038/4/1 1037/4/1 1036/4/1
f 1039/4/1 1037/4/1 1038/4/1
f 1044/4/1 1041/4/1 1040/4/1
f 1045/4/1 1041/4/1 1044/4/1
f 1046/4/1 1043/4/1 1042/4/1
f 1047/4/1 1043/4/1 1046/4/1
f 1051/4/1 1049/4/1 1048/4/1
f 1051/4/1 1050/4/1 1049/4/1
f 1052/4/1 1050/4/1 1051/4/1
f 1053/4/1 1050/4/1 1052/4/1
f 1056/4/1 1055/4/1 1054/4/1
f 1057/4/1 1055/4/1 1056/4/1
f 1060/4/1 1059/4/1 1058/4/1
f 1061/4/1 1059/4/1 1060/4/1
f 1064/2/1 1063/2/1 1062/2/1
f 1065/2/1 1063/2/1 1064/2/1
f 1066/2/1 1063/2/1 1065/2/1
f 1069/2/1 1068/2/1 1067/2/1
f 1070/2/1 1068/2/1 1069/2/1
f 1073/2/1 1072/2/1 1071/2/1
f 1074/2/1 1072/2/1 1073/2/1
f 1079/4/1 1076/4/1 1075/4/1
f 1080/4/1 1076/4/1 1079/4/1
f 1081/4/1 1078/4/1 1077/4/1
f 1082/4/1 1078/4/1 1081/4/1
f 1085/4/1 1084/4/1 1083/4/1
f 1086/4/1 1084/4/1 1085/4/1
f 1089/4/1 1088/4/1 1087/4/1
f 1090/4/1 1088/4/1 1089/4/1
f 1093/4/1 1092/4/1 1091/4/1
f 1094/4/1 1092/4/1 1093/4/1
f 1097/4/1 1096/4/1 1095/4/1
f 1098/4/1 1096/4/1 1097/4/1
f 1101/4/1 1099/4/1 1098/4/1
f 1102/4/1 1099/4/1 1101/4/1
f 1105/4/1 1101/4/1 1100/4/1
f 1106/4/1 1101/4/1 1105/4/1
f 1108/4/1 1104/4/1 1103/4/1
f 1109/4/1 1104/4/1 1108/4/1
f 1110/4/1 1107/4/1 1106/4/1
f 1111/4/1 1107/4/1 1110/4/1
f 1114/4/1 1113/4/1 1112/4/1
f 1115/4/1 1113/4/1 1114/4/1
f 1118/4/1 1117/4/1 1116/4/1
f 1119/4/1 1117/4/1 1118/4/1
f 1123/2/1 1121/2/1 1120/2/1
f 1126/2/1 1121/2/1 1123/2/1
f 1126/2/1 1123/2/1 1122/2/1
f 1127/2/1 1121/2/1 1126/2/1
f 1128/2/1 1125/2/1 1124/2/1
f 1129/2/1 1125/2/1 1128/2/1
f 1132/2/1 1126/2/1 1122/2/1
f 1133/2/1 1126/2/1 1132/2/1
f 1135/2/1 1131/2/1 1130/2/1
f 1136/2/1 1131/2/1 1135/2/1
f 1137/2/1 1135/2/1 1134/2/1
f 1138/2/1 1135/2/1 1137/2/1
f 1141/4/1 1140/4/1 1139/4/1
f 1142/4/1 1140/4/1 1141/4/1
f 1143/4/1 1140/4/1 1142/4/1
f 1146/4/1 1145/4/1 1144/4/1
f 1147/4/1 1145/4/1 1146/4/1
f 1150/4/1 1149/4/1 1148/4/1
f 1151/4/1 1149/4/1 1150/4/1
f 1154/4/1 1153/4/1 1152/4/1
f 1155/4/1 1153/4/1 1154/4/1
f 1158/2/1 1157/2/1 1156/2/1
f 1159/2/1 1157/2/1 1158/2/1
f 1164/2/1 1163/2/1 1162/2/1
f 1165/2/1 1163/2/1 1164/2/1
f 1166/2/1 1161/2/1 1160/2/1
f 1167/2/1 1161/2/1 1166/2/1
f 1170/4/1 1169/4/1 1168/4/1
f 1171/4/1 1169/4/1 1170/4/1
f 1176/4/1 1175/4/1 1174/4/1
f 1177/4/1 1175/4/1 1176/4/1
f 1178/4/1 1173/4/1 1172/4/1
f 1179/4/1 1173/4/1 1178/4/1
f 1182/4/1 1181/4/1 1180/4/1
f 1183/4/1 1181/4/1 1182/4/1
f 1186/4/1 1185/4/1 1184/4/1
f 1187/4/1 1185/4/1 1186/4/1
f 1190/4/1 1189/4/1 1188/4/1
f 1191/4/1 1189/4/1 1190/4/1
f 1194/4/1 1193/4/1 1192/4/1
f 1195/4/1 1193/4/1 1194/4/1
f 1198/2/1 1197/2/1 1196/2/1
f 1199/2/1 1197/2/1 1198/2/1
f 1204/2/1 1203/2/1 1202/2/1
f 1205/2/1 1203/2/1 1204/2/1
f 1206/2/1 1201/2/1 1200/2/1
f 1207/2/1 1201/2/1 1206/2/1
f 1210/2/1 1209/2/1 1208/2/1
f 1211/2/1 1209/2/1 1210/2/1
f 1214/4/1 1213/4/1 1212/4/1
f 1215/4/1 1213/4/1 1214/4/1
f 1218/4/1 1216/4/1 1215/4/1
f 1219/4/1 1216/4/1 1218/4/1
f 1219/4/1 1218/4/1 1217/4/1
f 1220/4/1 1216/4/1 1219/4/1
f 1221/4/1 1219/4/1 1217/4/1
f 1222/4/1 1219/4/1 1221/4/1
f 1225/4/1 1224/4/1 1223/4/1
f 1226/4/1 1224/4/1 1225/4/1
f 1229/4/1 1228/4/1 1227/4/1
f 1230/4/1 1228/4/1 1229/4/1
f 1232/4/1 1231/4/1 1230/4/1
f 1233/4/1 1231/4/1 1232/4/1
f 1236/4/1 1235/4/1 1234/4/1
f 1237/4/1 1235/4/1 1236/4/1
f 1240/2/1 1239/2/1 1238/2/1
f 1241/2/1 1239/2/1 1240/2/1
f 1246/4/1 1243/4/1 1242/4/1
f 1247/4/1 1243/4/1 1246/4/1
f 1248/4/1 1245/4/1 1244/4/1
f 1249/4/1 1245/4/1 1248/4/1
f 1252/4/1 1251/4/1 1250/4/1
f 1253/4/1 1251/4/1 1252/4/1
f 1256/4/1 1255/4/1 1254/4/1
f 1257/4/1 1255/4/1 1256/4/1
f 1258/4/1 1255/4/1 1257/4/1
f 1261/4/1 1260/4/1 1259/4/1
f 1262/4/1 1260/4/1 1261/4/1
f 1263/4/1 1260/4/1 1262/4/1
f 1268/4/1 1265/4/1 1264/4/1
f 1269/4/1 1265/4/1 1268/4/1
f 1270/4/1 1267/4/1 1266/4/1
f 1271/4/1 1267/4/1 1270/4/1
f 1274/2/1 1273/2/1 1272/2/1
f 1275/2/1 1273/2/1 1274/2/1
f 1278/4/1 1277/4/1 1276/4/1
f 1279/4/1 1277/4/1 1278/4/1
f 1280/4/1 1277/4/1 1279/4/1
f 1282/4/1 1281/4/1 1280/4/1
f 1282/4/1 1280/4/1 1279/4/1
f 1283/4/1 1281/4/1 1282/4/1
f 1286/4/1 1285/4/1 1284/4/1
f 1287/4/1 1285/4/1 1286/4/1
f 1290/4/1 1289/4/1 1288/4/1
f 1291/4/1 1289/4/1 1290/4/1
f 1296/4/1 1295/4/1 1294/4/1
f 1297/4/1 1295/4/1 1296/4/1
f 1298/4/1 1293/4/1 1292/4/1
f 1299/4/1 1293/4/1 1298/4/1
f 1302/4/1 1301/4/1 1300/4/1
f 1303/4/1 1301/4/1 1302/4/1
f 1306/4/1 1305/4/1 1304/4/1
f 1307/4/1 1305/4/1 1306/4/1
f 1310/4/1 1309/4/1 1308/4/1
f 1311/4/1 1309/4/1 1310/4/1
f 1314/4/1 1313/4/1 1312/4/1
f 1315/4/1 1313/4/1 1314/4/1
f 1320/2/1 1317/2/1 1316/2/1
f 1321/2/1 1317/2/1 1320/2/1
f 1322/2/1 1319/2/1 1318/2/1
f 1323/2/1 1319/2/1 1322/2/1
f 1326/4/1 1325/4/1 1324/4/1
f 1327/4/1 1325/4/1 1326/4/1
f 1330/4/1 1329/4/1 1328/4/1
f 1331/4/1 1329/4/1 1330/4/1
f 1336/4/1 1333/4/1 1332/4/1
f 1337/4/1 1333/4/1 1336/4/1
f 1338/4/1 1335/4/1 1334/4/1
f 1339/4/1 1335/4/1 1338/4/1
f 1342/4/1 1340/4/1 1339/4/1
f 1343/4/1 1340/4/1 1342/4/1
f 1346/4/1 1342/4/1 1341/4/1
f 1347/4/1 1342/4/1 1346/4/1
f 1348/4/1 1345/4/1 1344/4/1
f 1349/4/1 1345/4/1 1348/4/1
f 1355/4/1 1351/4/1 1350/4/1
f 1356/4/1 1351/4/1 1355/4/1
f 1357/4/1 1351/4/1 1356/4/1
f 1358/4/1 1353/4/1 1352/4/1
f 1359/4/1 1353/4/1 1358/4/1
f 1360/4/1 1355/4/1 1354/4/1
f 1360/4/1 1356/4/1 1355/4/1
f 1361/4/1 1356/4/1 1360/4/1
f 1364/4/1 1363/4/1 1362/4/1
f 1365/4/1 1363/4/1 1364/4/1
f 1370/2/1 1369/2/1 1368/2/1
f 1371/2/1 1369/2/1 1370/2/1
f 1372/2/1 1367/2/1 1366/2/1
f 1373/2/1 1367/2/1 1372/2/1
f 1376/2/1 1375/2/1 1374/2/1
f 1377/2/1 1375/2/1 1376/2/1
f 1380/4/1 1379/4/1 1378/4/1
f 1381/4/1 1379/4/1 1380/4/1
f 1384/4/1 1383/4/1 1382/4/1
f 1385/4/1 1383/4/1 1384/4/1
f 1389/4/1 1387/4/1 1386/4/1
f 1389/4/1 1388/4/1 1387/4/1
f 1390/4/1 1388/4/1 1389/4/1
f 1391/4/1 1388/4/1 1390/4/1
f 1396/4/1 1393/4/1 1392/4/1
f 1397/4/1 1393/4/1 1396/4/1
f 1398/4/1 1393/4/1 1397/4/1
f 1399/4/1 1395/4/1 1394/4/1
f 1400/4/1 1395/4/1 1399/4/1
f 1406/4/1 1404/4/1 1403/4/1
f 1407/4/1 1404/4/1 1406/4/1
f 1408/4/1 1402/4/1 1401/4/1
f 1409/4/1 1402/4/1 1408/4/1
f 1410/4/1 1406/4/1 1405/4/1
f 1411/4/1 1406/4/1 1410/4/1
f 1414/2/1 1413/2/1 1412/2/1
f 1415/2/1 1413/2/1 1414/2/1
f 1416/2/1 1413/2/1 1415/2/1
f 1418/2/1 1417/2/1 1416/2/1
f 1418/2/1 1416/2/1 1415/2/1
f 1419/2/1 1417/2/1 1418/2/1
f 1422/4/1 1421/4/1 1420/4/1
f 1423/4/1 1421/4/1 1422/4/1
f 1426/4/1 1425/4/1 1424/4/1
f 1428/4/1 1426/4/1 1424/4/1
f 1428/4/1 1427/4/1 1426/4/1
f 1429/4/1 1427/4/1 1428/4/1
f 1432/4/1 1431/4/1 1430/4/1
f 1433/4/1 1431/4/1 1432/4/1
f 1436/4/1 1435/4/1 1434/4/1
f 1437/4/1 1435/4/1 1436/4/1
f 1440/4/1 1439/4/1 1438/4/1
f 1441/4/1 1439/4/1 1440/4/1
f 1445/4/1 1443/4/1 1442/4/1
f 1446/4/1 1443/4/1 1445/4/1
f 1449/4/1 1445/4/1 1444/4/1
f 1450/4/1 1445/4/1 1449/4/1
f 1451/4/1 1448/4/1 1447/4/1
f 1452/4/1 1448/4/1 1451/4/1
f 1461/2/1 1456/2/1 1455/2/1
f 1462/2/1 1458/2/1 1457/2/1
f 1463/2/1 1460/2/1 1459/2/1
f 1464/2/1 1460/2/1 1463/2/1
f 1465/2/1 1454/2/1 1453/2/1
f 1466/2/1 1454/2/1 1465/2/1
f 1467/2/1 1454/2/1 1466/2/1
f 1469/2/1 1456/2/1 1461/2/1
f 1470/2/1 1456/2/1 1469/2/1
f 1471/2/1 1462/2/1 1457/2/1
f 1472/2/1 1462/2/1 1471/2/1
f 1473/2/1 1468/2/1 1467/2/1
f 1473/2/1 1467/2/1 1466/2/1
f 1474/2/1 1468/2/1 1473/2/1
f 1477/4/1 1476/4/1 1475/4/1
f 1478/4/1 1476/4/1 1477/4/1
f 1481/4/1 1480/4/1 1479/4/1
f 1482/4/1 1480/4/1 1481/4/1
f 1485/4/1 1484/4/1 1483/4/1
f 1486/4/1 1484/4/1 1485/4/1
f 1489/4/1 1488/4/1 1487/4/1
f 1490/4/1 1488/4/1 1489/4/1
f 1495/4/1 1492/4/1 1491/4/1
f 1496/4/1 1492/4/1 1495/4/1
f 1497/4/1 1494/4/1 1493/4/1
f 1500/4/1 1499/4/1 1498/4/1
f 1501/4/1 1499/4/1 1500/4/1
f 1502/4/1 1494/4/1 1497/4/1
f 1503/4/1 1494/4/1 1502/4/1
f 1508/4/1 1505/4/1 1504/4/1
f 1509/4/1 1505/4/1 1508/4/1
f 1510/4/1 1507/4/1 1506/4/1
f 1511/4/1 1507/4/1 1510/4/1
f 1514/2/1 1513/2/1 1512/2/1
f 1515/2/1 1513/2/1 1514/2/1
f 1518/4/1 1517/4/1 1516/4/1
f 1519/4/1 1517/4/1 1518/4/1
f 1522/4/1 1521/4/1 1520/4/1
f 1523/4/1 1521/4/1 1522/4/1
f 1526/4/1 1525/4/1 1524/4/1
f 1527/4/1 1525/4/1 1526/4/1
f 1530/4/1 1529/4/1 1528/4/1
f 1531/4/1 1529/4/1 1530/4/1
f 1534/4/1 1533/4/1 1532/4/1
f 1535/4/1 1533/4/1 1534/4/1
f 1538/4/1 1537/4/1 1536/4/1
f 1539/4/1 1537/4/1 1538/4/1
f 1542/4/1 1541/4/1 1540/4/1
f 1543/4/1 1541/4/1 1542/4/1
f 1544/4/1 1541/4/1 1543/4/1
f 1545/4/1 1543/4/1 1542/4/1
f 1546/4/1 1543/4/1 1545/4/1
f 1553/2/1 1548/2/1 1547/2/1
f 1554/2/1 1548/2/1 1553/2/1
f 1555/2/1 1550/2/1 1549/2/1
f 1556/2/1 1550/2/1 1555/2/1
f 1557/2/1 1552/2/1 1551/2/1
f 1558/2/1 1552/2/1 1557/2/1
f 1561/4/1 1560/4/1 1559/4/1
f 1562/4/1 1560/4/1 1561/4/1
f 1565/4/1 1564/4/1 1563/4/1
f 1566/4/1 1564/4/1 1565/4/1
f 1569/4/1 1568/4/1 1567/4/1
f 1571/4/1 1569/4/1 1567/4/1
f 1571/4/1 1570/4/1 1569/4/1
f 1572/4/1 1570/4/1 1571/4/1
f 1577/4/1 1574/4/1 1573/4/1
f 1578/4/1 1574/4/1 1577/4/1
f 1579/4/1 1576/4/1 1575/4/1
f 1581/4/1 1579/4/1 1575/4/1
f 1581/4/1 1580/4/1 1579/4/1
f 1582/4/1 1580/4/1 1581/4/1
f 1587/4/1 1586/4/1 1585/4/1
f 1588/4/1 1586/4/1 1587/4/1
f 1589/4/1 1584/4/1 1583/4/1
f 1590/4/1 1584/4/1 1589/4/1
f 1594/4/1 1591/4/1 1590/4/1
f 1595/4/1 1591/4/1 1594/4/1
f 1596/4/1 1593/4/1 1592/4/1
f 1597/4/1 1593/4/1 1596/4/1
f 1600/2/1 1599/2/1 1598/2/1
f 1601/2/1 1599/2/1 1600/2/1
f 1603/2/1 1601/2/1 1600/2/1
f 1603/2/1 1602/2/1 1601/2/1
f 1604/2/1 1602/2/1 1603/2/1
f 1605/2/1 1603/2/1 1600/2/1
f 1606/2/1 1603/2/1 1605/2/1
f 1609/4/1 1608/4/1 1607/4/1
f 1610/4/1 1608/4/1 1609/4/1
f 1613/4/1 1612/4/1 1611/4/1
f 1614/4/1 1612/4/1 1613/4/1
f 1617/4/1 1616/4/1 1615/4/1
f 1618/4/1 1616/4/1 1617/4/1
f 1620/4/1 1617/4/1 1615/4/1
f 1621/4/1 1617/4/1 1620/4/1
f 1622/4/1 1620/4/1 1619/4/1
f 1624/4/1 1622/4/1 1619/4/1
f 1624/4/1 1623/4/1 1622/4/1
f 1625/4/1 1623/4/1 1624/4/1
f 1626/4/1 1623/4/1 1625/4/1
f 1627/4/1 1623/4/1 1626/4/1
f 1633/4/1 1629/4/1 1628/4/1
f 1633/4/1 1630/4/1 1629/4/1
f 1634/4/1 1632/4/1 1631/4/1
f 1635/4/1 1633/4/1 1628/4/1
f 1635/4/1 1634/4/1 1633/4/1
f 1636/4/1 1634/4/1 1635/4/1
f 1637/4/1 1632/4/1 1634/4/1
f 1637/4/1 1634/4/1 1636/4/1
f 1638/4/1 1632/4/1 1637/4/1
f 1641/4/1 1637/4/1 1636/4/1
f 1642/4/1 1637/4/1 1641/4/1
f 1643/4/1 1640/4/1 1639/4/1
f 1644/4/1 1640/4/1 1643/4/1
f 1645/4/1 1637/4/1 1642/4/1
f 1646/4/1 1637/4/1 1645/4/1
f 1649/4/1 1648/4/1 1647/4/1
f 1650/4/1 1648/4/1 1649/4/1
f 1655/4/1 1652/4/1 1651/4/1
f 1656/4/1 1652/4/1 1655/4/1
f 1657/4/1 1654/4/1 1653/4/1
f 1658/4/1 1654/4/1 1657/4/1
f 1661/4/1 1660/4/1 1659/4/1
f 1662/4/1 1660/4/1 1661/4/1
f 1666/4/1 1664/4/1 1663/4/1
f 1667/4/1 1666/4/1 1665/4/1
f 1668/4/1 1666/4/1 1667/4/1
f 1669/4/1 1666/4/1 1668/4/1
f 1670/4/1 1666/4/1 1669/4/1
f 1671/4/1 1664/4/1 1666/4/1
f 1671/4/1 1666/4/1 1670/4/1
f 1672/4/1 1668/4/1 1667/4/1
f 1673/4/1 1668/4/1 1672/4/1
f 1674/4/1 1670/4/1 1669/4/1
f 1675/4/1 1670/4/1 1674/4/1
f 1678/4/1 1677/4/1 1676/4/1
f 1679/4/1 1677/4/1 1678/4/1
f 1682/4/1 1681/4/1 1680/4/1
f 1684/4/1 1682/4/1 1680/4/1
f 1684/4/1 1683/4/1 1682/4/1
f 1685/4/1 1683/4/1 1684/4/1
f 1686/4/1 1683/4/1 1685/4/1
f 1687/4/1 1683/4/1 1686/4/1
f 1694/4/1 1689/4/1 1688/4/1
f 1695/4/1 1689/4/1 1694/4/1
f 1696/4/1 1691/4/1 1690/4/1
f 1697/4/1 1691/4/1 1696/4/1
f 1698/4/1 1693/4/1 1692/4/1
f 1699/4/1 1693/4/1 1698/4/1
f 1702/4/1 1701/4/1 1700/4/1
f 1703/4/1 1701/4/1 1702/4/1
f 1708/4/1 1705/4/1 1704/4/1
f 1709/4/1 1705/4/1 1708/4/1
f 1710/4/1 1707/4/1 1706/4/1
f 1711/4/1 1707/4/1 1710/4/1
f 1714/4/1 1713/4/1 1712/4/1
f 1715/4/1 1713/4/1 1714/4/1
f 1720/4/1 1719/4/1 1718/4/1
f 1721/4/1 1719/4/1 1720/4/1
f 1722/4/1 1717/4/1 1716/4/1
f 1723/4/1 1717/4/1 1722/4/1
f 1728/4/1 1725/4/1 1724/4/1
f 1729/4/1 1725/4/1 1728/4/1
f 1732/4/1 1727/4/1 1726/4/1
f 1733/4/1 1727/4/1 1732/4/1
f 1734/4/1 1731/4/1 1730/4/1
f 1735/4/1 1731/4/1 1734/4/1
f 1739/4/1 1737/4/1 1736/4/1
f 1740/4/1 1737/4/1 1739/4/1
f 1741/4/1 1739/4/1 1738/4/1
f 1742/4/1 1739/4/1 1741/4/1
f 1745/4/1 1744/4/1 1743/4/1
f 1746/4/1 1744/4/1 1745/4/1
f 1751/4/1 1748/4/1 1747/4/1
f 1752/4/1 1748/4/1 1751/4/1
f 1753/4/1 1750/4/1 1749/4/1
f 1754/4/1 1750/4/1 1753/4/1
f 1757/4/1 1756/4/1 1755/4/1
f 1758/4/1 1756/4/1 1757/4/1
f 1761/4/1 1760/4/1 1759/4/1
f 1762/4/1 1760/4/1 1761/4/1
f 1765/4/1 1764/4/1 1763/4/1
f 1766/4/1 1764/4/1 1765/4/1
f 1771/4/1 1768/4/1 1767/4/1
f 1772/4/1 1768/4/1 1771/4/1
f 1773/4/1 1770/4/1 1769/4/1
f 1774/4/1 1770/4/1 1773/4/1
f 1777/4/1 1776/4/1 1775/4/1
f 1778/4/1 1776/4/1 1777/4/1
f 1781/4/1 1780/4/1 1779/4/1
f 1782/4/1 1780/4/1 1781/4/1
f 1785/4/1 1784/4/1 1783/4/1
f 1786/4/1 1784/4/1 1785/4/1
f 1787/4/2 1788/4/2 1789/4/2
f 1789/4/2 1788/4/2 1790/4/2
f 1791/4/2 1792/4/2 1793/4/2
f 1793/4/2 1792/4/2 1794/4/2
f 1795/4/2 1796/4/2 1797/4/2
f 1797/4/2 1796/4/2 1798/4/2
f 1799/4/2 1800/4/2 1803/4/2
f 1803/4/2 1800/4/2 1804/4/2
f 1801/4/2 1802/4/2 1805/4/2
f 1805/4/2 1802/4/2 1806/4/2
f 1807/4/2 1808/4/2 1809/4/2
f 1809/4/2 1808/4/2 1810/4/2
f 1810/4/2 1811/4/2 1812/4/2
f 1812/4/2 1811/4/2 1813/4/2
f 1814/4/2 1815/4/2 1816/4/2
f 1816/4/2 1815/4/2 1817/4/2
f 1818/4/2 1819/4/2 1820/4/2
f 1820/4/2 1819/4/2 1821/4/2
f 1822/4/2 1823/4/2 1824/4/2
f 1824/4/2 1823/4/2 1825/4/2
f 1826/4/2 1827/4/2 1828/4/2
f 1828/4/2 1827/4/2 1829/4/2
f 1830/4/2 1831/4/2 1832/4/2
f 1832/4/2 1831/4/2 1833/4/2
f 1834/4/2 1835/4/2 1836/4/2
f 1836/4/2 1835/4/2 1837/4/2
f 1838/4/2 1839/4/2 1840/4/2
f 1840/4/2 1839/4/2 1841/4/2
f 1838/4/2 1840/4/2 1842/4/2
f 1842/4/2 1840/4/2 1843/4/2
f 1844/4/2 1845/4/2 1846/4/2
f 1846/4/2 1845/4/2 1847/4/2
f 1848/4/2 1849/4/2 1850/4/2
f 1850/4/2 1849/4/2 1851/4/2
f 1852/4/2 1853/4/2 1854/4/2
f 1854/4/2 1853/4/2 1855/4/2
f 1856/2/2 1857/2/2 1858/2/2
f 1858/2/2 1857/2/2 1859/2/2
f 1860/4/2 1861/4/2 1862/4/2
f 1862/4/2 1861/4/2 1863/4/2
f 1864/4/2 1865/4/2 1866/4/2
f 1866/4/2 1865/4/2 1867/4/2
f 1867/4/2 1865/4/2 1868/4/2
f 1869/2/2 1870/2/2 1875/2/2
f 1875/2/2 1870/2/2 1876/2/2
f 1871/2/2 1872/2/2 1877/2/2
f 1877/2/2 1872/2/2 1878/2/2
f 1873/2/2 1874/2/2 1883/2/2
f 1883/2/2 1874/2/2 1884/2/2
f 1876/2/2 1870/2/2 1885/2/2
f 1879/2/2 1880/2/2 1886/2/2
f 1886/2/2 1880/2/2 1887/2/2
f 1881/2/2 1882/2/2 1889/2/2
f 1889/2/2 1882/2/2 1890/2/2
f 1876/2/2 1885/2/2 1891/2/2
f 1891/2/2 1885/2/2 1892/2/2
f 1889/2/2 1890/2/2 1893/2/2
f 1888/2/2 1889/2/2 1893/2/2
f 1893/2/2 1890/2/2 1894/2/2
f 1895/4/2 1896/4/2 1899/4/2
f 1899/4/2 1896/4/2 1900/4/2
f 1897/4/2 1898/4/2 1904/4/2
f 1904/4/2 1898/4/2 1905/4/2
f 1901/4/2 1902/4/2 1906/4/2
f 1906/4/2 1902/4/2 1907/4/2
f 1903/4/2 1904/4/2 1908/4/2
f 1908/4/2 1904/4/2 1909/4/2
f 1910/4/2 1911/4/2 1912/4/2
f 1912/4/2 1911/4/2 1913/4/2
f 1916/4/2 1917/4/2 1918/4/2
f 1918/4/2 1917/4/2 1919/4/2
f 1914/4/2 1915/4/2 1920/4/2
f 1920/4/2 1915/4/2 1921/4/2
f 1922/4/2 1923/4/2 1924/4/2
f 1924/4/2 1923/4/2 1925/4/2
f 1928/2/2 1929/2/2 1932/2/2
f 1932/2/2 1929/2/2 1933/2/2
f 1926/2/2 1927/2/2 1936/2/2
f 1936/2/2 1927/2/2 1937/2/2
f 1930/2/2 1931/2/2 1938/2/2
f 1938/2/2 1931/2/2 1939/2/2
f 1934/2/2 1935/2/2 1940/2/2
f 1940/2/2 1935/2/2 1941/2/2
f 1942/4/2 1943/4/2 1948/4/2
f 1948/4/2 1943/4/2 1949/4/2
f 1944/4/2 1945/4/2 1951/4/2
f 1951/4/2 1945/4/2 1952/4/2
f 1946/4/2 1947/4/2 1953/4/2
f 1953/4/2 1947/4/2 1954/4/2
f 1949/4/2 1950/4/2 1955/4/2
f 1948/4/2 1949/4/2 1955/4/2
f 1955/4/2 1950/4/2 1956/4/2
f 1957/4/2 1958/4/2 1959/4/2
f 1959/4/2 1958/4/2 1960/4/2
f 1961/4/2 1962/4/2 1963/4/2
f 1963/4/2 1962/4/2 1964/4/2
f 1965/4/2 1966/4/2 1969/4/2
f 1969/4/2 1966/4/2 1970/4/2
f 1967/4/2 1968/4/2 1971/4/2
f 1971/4/2 1968/4/2 1972/4/2
f 1973/4/2 1974/4/2 1975/4/2
f 1975/4/2 1974/4/2 1976/4/2
f 1977/4/2 1978/4/2 1979/4/2
f 1979/4/2 1978/4/2 1980/4/2
f 1985/2/2 1986/2/2 1987/2/2
f 1987/2/2 1986/2/2 1988/2/2
f 1981/2/2 1982/2/2 1989/2/2
f 1989/2/2 1982/2/2 1990/2/2
f 1983/2/2 1984/2/2 1991/2/2
f 1991/2/2 1984/2/2 1992/2/2
f 1985/2/2 1987/2/2 1993/2/2
f 1993/2/2 1987/2/2 1994/2/2
f 1995/4/2 1996/4/2 1997/4/2
f 1997/4/2 1996/4/2 1998/4/2
f 1999/4/2 2000/4/2 2001/4/2
f 2001/4/2 2000/4/2 2002/4/2
f 2003/4/2 2004/4/2 2005/4/2
f 2005/4/2 2004/4/2 2006/4/2
f 2007/4/2 2008/4/2 2009/4/2
f 2009/4/2 2008/4/2 2010/4/2
f 2011/2/2 2012/2/2 2015/2/2
f 2015/2/2 2012/2/2 2016/2/2
f 2013/2/2 2014/2/2 2017/2/2
f 2017/2/2 2014/2/2 2018/2/2
f 2019/4/2 2020/4/2 2021/4/2
f 2021/4/2 2020/4/2 2022/4/2
f 2023/4/2 2024/4/2 2025/4/2
f 2025/4/2 2024/4/2 2026/4/2
f 2027/4/2 2028/4/2 2031/4/2
f 2031/4/2 2028/4/2 2032/4/2
f 2029/4/2 2030/4/2 2033/4/2
f 2033/4/2 2030/4/2 2034/4/2
f 2035/4/2 2036/4/2 2040/4/2
f 2040/4/2 2036/4/2 2041/4/2
f 2037/4/2 2038/4/2 2042/4/2
f 2042/4/2 2038/4/2 2043/4/2
f 2039/4/2 2040/4/2 2044/4/2
f 2044/4/2 2040/4/2 2045/4/2
f 2046/2/2 2047/2/2 2050/2/2
f 2050/2/2 2047/2/2 2051/2/2
f 2048/2/2 2049/2/2 2052/2/2
f 2052/2/2 2049/2/2 2053/2/2
f 2054/2/2 2055/2/2 2056/2/2
f 2056/2/2 2055/2/2 2057/2/2
f 2058/4/2 2059/4/2 2061/4/2
f 2061/4/2 2059/4/2 2062/4/2
f 2060/4/2 2061/4/2 2064/4/2
f 2062/4/2 2063/4/2 2064/4/2
f 2061/4/2 2062/4/2 2064/4/2
f 2064/4/2 2063/4/2 2065/4/2
f 2060/4/2 2064/4/2 2066/4/2
f 2066/4/2 2064/4/2 2067/4/2
f 2068/4/2 2069/4/2 2070/4/2
f 2070/4/2 2069/4/2 2071/4/2
f 2074/4/2 2075/4/2 2076/4/2
f 2076/4/2 2075/4/2 2077/4/2
f 2072/4/2 2073/4/2 2078/4/2
f 2078/4/2 2073/4/2 2079/4/2
f 2080/4/2 2081/4/2 2084/4/2
f 2084/4/2 2081/4/2 2085/4/2
f 2082/4/2 2083/4/2 2086/4/2
f 2086/4/2 2083/4/2 2087/4/2
f 2090/2/2 2091/2/2 2093/2/2
f 2093/2/2 2091/2/2 2094/2/2
f 2088/2/2 2089/2/2 2095/2/2
f 2095/2/2 2089/2/2 2096/2/2
f 2092/2/2 2093/2/2 2099/2/2
f 2099/2/2 2093/2/2 2100/2/2
f 2097/2/2 2098/2/2 2101/2/2
f 2101/2/2 2098/2/2 2102/2/2
f 2103/2/2 2104/2/2 2107/2/2
f 2107/2/2 2104/2/2 2108/2/2
f 2105/2/2 2106/2/2 2109/2/2
f 2109/2/2 2106/2/2 2110/2/2
f 2111/4/2 2112/4/2 2115/4/2
f 2115/4/2 2112/4/2 2116/4/2
f 2113/4/2 2114/4/2 2117/4/2
f 2117/4/2 2114/4/2 2118/4/2
f 2119/4/2 2120/4/2 2123/4/2
f 2123/4/2 2120/4/2 2124/4/2
f 2121/4/2 2122/4/2 2125/4/2
f 2125/4/2 2122/4/2 2126/4/2
f 2119/4/2 2123/4/2 2128/4/2
f 2126/4/2 2127/4/2 2129/4/2
f 2125/4/2 2126/4/2 2129/4/2
f 2124/4/2 2125/4/2 2129/4/2
f 2119/4/2 2128/4/2 2130/4/2
f 2128/4/2 2129/4/2 2130/4/2
f 2129/4/2 2127/4/2 2131/4/2
f 2130/4/2 2129/4/2 2131/4/2
f 2131/4/2 2127/4/2 2132/4/2
f 2133/4/2 2134/4/2 2135/4/2
f 2135/4/2 2134/4/2 2136/4/2
f 2137/4/2 2138/4/2 2141/4/2
f 2141/4/2 2138/4/2 2142/4/2
f 2139/4/2 2140/4/2 2143/4/2
f 2143/4/2 2140/4/2 2144/4/2
f 2145/2/2 2146/2/2 2147/2/2
f 2147/2/2 2146/2/2 2148/2/2
f 2145/2/2 2147/2/2 2149/2/2
f 2149/2/2 2147/2/2 2150/2/2
f 2151/4/2 2152/4/2 2156/4/2
f 2156/4/2 2152/4/2 2157/4/2
f 2153/4/2 2154/4/2 2158/4/2
f 2158/4/2 2154/4/2 2159/4/2
f 2155/4/2 2156/4/2 2160/4/2
f 2160/4/2 2156/4/2 2161/4/2
f 2162/4/2 2163/4/2 2164/4/2
f 2164/4/2 2163/4/2 2165/4/2
f 2166/4/2 2167/4/2 2168/4/2
f 2168/4/2 2167/4/2 2169/4/2
f 2170/4/2 2171/4/2 2172/4/2
f 2172/4/2 2171/4/2 2173/4/2
f 2174/2/2 2175/2/2 2176/2/2
f 2176/2/2 2175/2/2 2177/2/2
f 2178/2/2 2179/2/2 2181/2/2
f 2181/2/2 2179/2/2 2182/2/2
f 2180/2/2 2181/2/2 2182/2/2
f 2182/2/2 2179/2/2 2183/2/2
f 2180/2/2 2182/2/2 2184/2/2
f 2184/2/2 2182/2/2 2185/2/2
f 2186/2/2 2187/2/2 2188/2/2
f 2188/2/2 2187/2/2 2189/2/2
f 2190/4/2 2191/4/2 2192/4/2
f 2192/4/2 2191/4/2 2193/4/2
f 2194/4/2 2195/4/2 2196/4/2
f 2196/4/2 2195/4/2 2197/4/2
f 2199/4/2 2200/4/2 2201/4/2
f 2198/4/2 2199/4/2 2201/4/2
f 2201/4/2 2200/4/2 2202/4/2
f 2202/4/2 2200/4/2 2203/4/2
f 2204/4/2 2205/4/2 2206/4/2
f 2206/4/2 2205/4/2 2207/4/2
f 2208/4/2 2209/4/2 2210/4/2
f 2210/4/2 2209/4/2 2211/4/2
f 2212/2/2 2213/2/2 2214/2/2
f 2214/2/2 2213/2/2 2215/2/2
f 2215/2/2 2213/2/2 2216/2/2
f 2216/2/2 2213/2/2 2217/2/2
f 2218/2/2 2219/2/2 2220/2/2
f 2220/2/2 2219/2/2 2221/2/2
f 2222/4/2 2223/4/2 2226/4/2
f 2226/4/2 2223/4/2 2227/4/2
f 2224/4/2 2225/4/2 2228/4/2
f 2228/4/2 2225/4/2 2229/4/2
f 2230/4/2 2231/4/2 2232/4/2
f 2232/4/2 2231/4/2 2233/4/2
f 2234/4/2 2235/4/2 2236/4/2
f 2236/4/2 2235/4/2 2237/4/2
f 2238/4/2 2239/4/2 2240/4/2
f 2240/4/2 2239/4/2 2241/4/2
f 2242/4/2 2243/4/2 2247/4/2
f 2247/4/2 2243/4/2 2248/4/2
f 2246/4/2 2247/4/2 2249/4/2
f 2249/4/2 2247/4/2 2250/4/2
f 2244/4/2 2245/4/2 2251/4/2
f 2251/4/2 2245/4/2 2252/4/2
f 2253/2/2 2254/2/2 2255/2/2
f 2255/2/2 2254/2/2 2256/2/2
f 2256/2/2 2254/2/2 2257/2/2
f 2257/2/2 2254/2/2 2258/2/2
f 2259/2/2 2260/2/2 2261/2/2
f 2261/2/2 2260/2/2 2262/2/2
f 2263/2/2 2264/2/2 2267/2/2
f 2267/2/2 2264/2/2 2268/2/2
f 2265/2/2 2266/2/2 2270/2/2
f 2269/2/2 2270/2/2 2271/2/2
f 2270/2/2 2266/2/2 2272/2/2
f 2271/2/2 2270/2/2 2272/2/2
f 2272/2/2 2266/2/2 2273/2/2
f 2273/2/2 2266/2/2 2274/2/2
f 2275/4/2 2276/4/2 2277/4/2
f 2277/4/2 2276/4/2 2278/4/2
f 2279/4/2 2280/4/2 2281/4/2
f 2281/4/2 2280/4/2 2282/4/2
f 2283/4/2 2284/4/2 2285/4/2
f 2285/4/2 2284/4/2 2286/4/2
f 2287/4/2 2288/4/2 2289/4/2
f 2289/4/2 2288/4/2 2290/4/2
f 2290/4/2 2288/4/2 2291/4/2
f 2292/4/2 2293/4/2 2294/4/2
f 2294/4/2 2293/4/2 2295/4/2
f 2296/4/2 2297/4/2 2298/4/2
f 2298/4/2 2297/4/2 2299/4/2
f 2302/2/2 2303/2/2 2304/2/2
f 2304/2/2 2303/2/2 2305/2/2
f 2300/2/2 2301/2/2 2306/2/2
f 2306/2/2 2301/2/2 2307/2/2
f 2308/2/2 2309/2/2 2310/2/2
f 2310/2/2 2309/2/2 2311/2/2
f 2312/4/2 2313/4/2 2316/4/2
f 2316/4/2 2313/4/2 2317/4/2
f 2314/4/2 2315/4/2 2318/4/2
f 2318/4/2 2315/4/2 2319/4/2
f 2320/4/2 2321/4/2 2322/4/2
f 2322/4/2 2321/4/2 2323/4/2
f 2323/4/2 2324/4/2 2325/4/2
f 2325/4/2 2324/4/2 2326/4/2
f 2327/4/2 2328/4/2 2329/4/2
f 2329/4/2 2328/4/2 2330/4/2
f 2331/4/2 2332/4/2 2335/4/2
f 2335/4/2 2332/4/2 2336/4/2
f 2333/4/2 2334/4/2 2337/4/2
f 2337/4/2 2334/4/2 2338/4/2
f 2338/4/2 2334/4/2 2339/4/2
f 2340/4/2 2341/4/2 2342/4/2
f 2340/4/2 2342/4/2 2347/4/2
f 2342/4/2 2343/4/2 2347/4/2
f 2347/4/2 2343/4/2 2348/4/2
f 2344/4/2 2345/4/2 2349/4/2
f 2349/4/2 2345/4/2 2350/4/2
f 2347/4/2 2348/4/2 2351/4/2
f 2346/4/2 2347/4/2 2351/4/2
f 2348/4/2 2349/4/2 2351/4/2
f 2351/4/2 2349/4/2 2352/4/2
f 2352/4/2 2349/4/2 2353/4/2
f 2350/4/2 2345/4/2 2354/4/2
f 2352/4/2 2353/4/2 2355/4/2
f 2353/4/2 2354/4/2 2355/4/2
f 2354/4/2 2345/4/2 2356/4/2
f 2355/4/2 2354/4/2 2356/4/2
f 2357/2/2 2358/2/2 2359/2/2
f 2359/2/2 2358/2/2 2360/2/2
f 2361/2/2 2362/2/2 2366/2/2
f 2366/2/2 2362/2/2 2367/2/2
f 2363/2/2 2364/2/2 2368/2/2
f 2368/2/2 2364/2/2 2369/2/2
f 2369/2/2 2364/2/2 2371/2/2
f 2371/2/2 2364/2/2 2372/2/2
f 2365/2/2 2366/2/2 2373/2/2
f 2370/2/2 2371/2/2 2375/2/2
f 2375/2/2 2371/2/2 2376/2/2
f 2373/2/2 2374/2/2 2379/2/2
f 2365/2/2 2373/2/2 2379/2/2
f 2379/2/2 2374/2/2 2380/2/2
f 2380/2/2 2374/2/2 2381/2/2
f 2381/2/2 2374/2/2 2382/2/2
f 2377/2/2 2378/2/2 2383/2/2
f 2383/2/2 2378/2/2 2384/2/2
f 2385/4/2 2386/4/2 2388/4/2
f 2388/4/2 2386/4/2 2389/4/2
f 2387/2/2 2388/2/2 2390/2/2
f 2388/4/2 2389/4/2 2391/4/2
f 2390/2/2 2388/2/2 2391/2/2
f 2391/4/2 2389/4/2 2392/4/2
f 2393/4/2 2394/4/2 2396/4/2
f 2394/4/2 2395/4/2 2396/4/2
f 2396/4/2 2395/4/2 2397/4/2
f 2397/4/2 2395/4/2 2398/4/2
f 2398/4/2 2395/4/2 2399/4/2
f 2400/4/2 2401/4/2 2402/4/2
f 2402/4/2 2401/4/2 2403/4/2
f 2404/4/2 2405/4/2 2406/4/2
f 2406/4/2 2405/4/2 2407/4/2
f 2408/4/2 2409/4/2 2410/4/2
f 2410/4/2 2409/4/2 2411/4/2
f 2412/4/2 2413/4/2 2414/4/2
f 2414/4/2 2413/4/2 2415/4/2
f 2416/4/2 2417/4/2 2418/4/2
f 2418/4/2 2417/4/2 2419/4/2
f 2419/4/2 2420/4/2 2421/4/2
f 2421/4/2 2420/4/2 2422/4/2
f 2423/2/2 2424/2/2 2427/2/2
f 2423/2/2 2427/2/2 2429/2/2
f 2427/2/2 2428/2/2 2429/2/2
f 2429/2/2 2428/2/2 2430/2/2
f 2425/2/2 2426/2/2 2431/2/2
f 2431/2/2 2426/2/2 2432/2/2
f 2433/2/2 2434/2/2 2435/2/2
f 2435/2/2 2434/2/2 2436/2/2
f 2437/2/2 2438/2/2 2439/2/2
f 2439/2/2 2438/2/2 2440/2/2
f 2441/2/2 2442/2/2 2443/2/2
f 2443/2/2 2442/2/2 2444/2/2
f 2445/4/2 2446/4/2 2447/4/2
f 2447/4/2 2446/4/2 2448/4/2
f 2448/4/2 2449/4/2 2450/4/2
f 2450/4/2 2449/4/2 2451/4/2
f 2452/4/2 2453/4/2 2456/4/2
f 2456/4/2 2453/4/2 2457/4/2
f 2454/4/2 2455/4/2 2458/4/2
f 2458/4/2 2455/4/2 2459/4/2
f 2460/4/2 2461/4/2 2462/4/2
f 2462/4/2 2461/4/2 2463/4/2
f 2464/4/2 2465/4/2 2466/4/2
f 2466/4/2 2465/4/2 2467/4/2
f 2467/4/2 2465/4/2 2468/4/2
f 2469/4/2 2470/4/2 2471/4/2
f 2471/4/2 2470/4/2 2472/4/2
f 2473/4/2 2474/4/2 2477/4/2
f 2477/4/2 2474/4/2 2478/4/2
f 2475/4/2 2476/4/2 2482/4/2
f 2479/4/2 2480/4/2 2483/4/2
f 2481/4/2 2482/4/2 2484/4/2
f 2482/4/2 2476/4/2 2485/4/2
f 2484/4/2 2482/4/2 2485/4/2
f 2479/4/2 2483/4/2 2487/4/2
f 2485/4/2 2486/4/2 2487/4/2
f 2484/4/2 2485/4/2 2487/4/2
f 2483/4/2 2484/4/2 2487/4/2
f 2487/4/2 2486/4/2 2488/4/2
f 2488/4/2 2486/4/2 2489/4/2
f 2489/4/2 2486/4/2 2490/4/2
f 2493/2/2 2494/2/2 2495/2/2
f 2495/2/2 2494/2/2 2496/2/2
f 2491/2/2 2492/2/2 2497/2/2
f 2497/2/2 2492/2/2 2498/2/2
f 2499/2/2 2500/2/2 2501/2/2
f 2501/2/2 2500/2/2 2502/2/2
f 2505/2/2 2506/2/2 2508/2/2
f 2508/2/2 2506/2/2 2509/2/2
f 2507/2/2 2508/2/2 2510/2/2
f 2510/2/2 2508/2/2 2511/2/2
f 2503/2/2 2504/2/2 2513/2/2
f 2511/2/2 2512/2/2 2515/2/2
f 2515/2/2 2512/2/2 2516/2/2
f 2513/2/2 2514/2/2 2517/2/2
f 2503/2/2 2513/2/2 2517/2/2
f 2517/2/2 2514/2/2 2518/2/2
f 2519/4/2 2520/4/2 2522/4/2
f 2522/4/2 2520/4/2 2523/4/2
f 2503/2/2 2517/2/2 2527/2/2
f 2527/2/2 2517/2/2 2528/2/2
f 2521/4/2 2522/4/2 2529/4/2
f 2529/4/2 2522/4/2 2530/4/2
f 2523/4/2 2524/4/2 2531/4/2
f 2531/4/2 2524/4/2 2532/4/2
f 2525/4/2 2526/4/2 2533/4/2
f 2533/4/2 2526/4/2 2534/4/2
f 2535/4/2 2536/4/2 2537/4/2
f 2537/4/2 2536/4/2 2538/4/2
f 2539/4/2 2540/4/2 2541/4/2
f 2541/4/2 2540/4/2 2542/4/2
f 2542/4/2 2543/4/2 2544/4/2
f 2544/4/2 2543/4/2 2545/4/2
f 2546/4/2 2547/4/2 2548/4/2
f 2548/4/2 2547/4/2 2549/4/2
f 2550/4/2 2551/4/2 2552/4/2
f 2552/4/2 2551/4/2 2553/4/2
f 2556/2/2 2557/2/2 2560/2/2
f 2560/2/2 2557/2/2 2561/2/2
f 2558/2/2 2559/2/2 2562/2/2
f 2562/2/2 2559/2/2 2563/2/2
f 2554/2/2 2555/2/2 2564/2/2
f 2564/2/2 2555/2/2 2565/2/2
f 2556/2/2 2560/2/2 2569/2/2
f 2566/2/2 2567/2/2 2572/2/2
f 2572/2/2 2567/2/2 2573/2/2
f 2570/2/2 2571/2/2 2574/2/2
f 2574/2/2 2571/2/2 2575/2/2
f 2568/2/2 2569/2/2 2576/2/2
f 2569/2/2 2560/2/2 2577/2/2
f 2576/2/2 2569/2/2 2577/2/2
f 2568/2/2 2576/2/2 2578/2/2
f 2577/2/2 2560/2/2 2579/2/2
f 2579/2/2 2560/2/2 2580/2/2
f 2568/2/2 2578/2/2 2583/2/2
f 2578/2/2 2579/2/2 2583/2/2
f 2583/2/2 2579/2/2 2584/2/2
f 2581/2/2 2582/2/2 2586/2/2
f 2586/2/2 2582/2/2 2587/2/2
f 2585/2/2 2586/2/2 2588/2/2
f 2588/2/2 2586/2/2 2589/2/2
f 2587/2/2 2582/2/2 2590/2/2
f 2590/2/2 2582/2/2 2591/2/2
f 2589/2/2 2590/2/2 2592/2/2
f 2584/2/2 2579/2/2 2595/2/2
f 2589/2/2 2592/2/2 2596/2/2
f 2592/2/2 2593/2/2 2596/2/2
f 2596/2/2 2593/2/2 2597/2/2
f 2594/2/2 2595/2/2 2598/2/2
f 2595/2/2 2579/2/2 2599/2/2
f 2598/2/2 2595/2/2 2599/2/2
f 2599/2/2 2579/2/2 2601/2/2
f 2600/2/2 2601/2/2 2602/2/2
f 2601/2/2 2579/2/2 2603/2/2
f 2602/2/2 2601/2/2 2603/2/2
f 2604/4/2 2605/4/2 2606/4/2
f 2606/4/2 2605/4/2 2607/4/2
f 2608/4/2 2609/4/2 2610/4/2
f 2610/4/2 2609/4/2 2611/4/2
f 2611/4/2 2612/4/2 2613/4/2
f 2613/4/2 2612/4/2 2614/4/2
f 2617/4/2 2618/4/2 2619/4/2
f 2615/4/2 2616/4/2 2621/4/2
f 2621/4/2 2616/4/2 2622/4/2
f 2619/4/2 2620/4/2 2623/4/2
f 2617/4/2 2619/4/2 2623/4/2
f 2623/4/2 2620/4/2 2624/4/2
f 2624/4/2 2620/4/2 2625/4/2
f 2626/4/2 2627/4/2 2628/4/2
f 2628/4/2 2627/4/2 2629/4/2
f 2630/4/2 2631/4/2 2634/4/2
f 2634/4/2 2631/4/2 2635/4/2
f 2632/4/2 2633/4/2 2637/4/2
f 2637/4/2 2633/4/2 2638/4/2
f 2636/4/2 2637/4/2 2639/4/2
f 2639/4/2 2637/4/2 2640/4/2
f 2641/2/2 2642/2/2 2647/2/2
f 2647/2/2 2642/2/2 2648/2/2
f 2648/2/2 2642/2/2 2649/2/2
f 2649/2/2 2642/2/2 2650/2/2
f 2643/2/2 2644/2/2 2652/2/2
f 2645/2/2 2646/2/2 2655/2/2
f 2655/2/2 2646/2/2 2656/2/2
f 2648/2/2 2649/2/2 2657/2/2
f 2657/2/2 2649/2/2 2658/2/2
f 2651/2/2 2652/2/2 2660/2/2
f 2652/2/2 2644/2/2 2660/2/2
f 2653/2/2 2654/2/2 2662/2/2
f 2658/2/2 2659/2/2 2663/2/2
f 2663/2/2 2659/2/2 2664/2/2
f 2660/2/2 2661/2/2 2666/2/2
f 2661/2/2 2662/2/2 2666/2/2
f 2651/2/2 2660/2/2 2666/2/2
f 2666/2/2 2662/2/2 2667/2/2
f 2667/2/2 2662/2/2 2668/2/2
f 2662/2/2 2654/2/2 2669/2/2
f 2668/2/2 2662/2/2 2669/2/2
f 2658/2/2 2663/2/2 2670/2/2
f 2666/2/2 2667/2/2 2673/2/2
f 2665/2/2 2666/2/2 2673/2/2
f 2673/2/2 2667/2/2 2674/2/2
f 2674/2/2 2667/2/2 2675/2/2
f 2670/2/2 2671/2/2 2677/2/2
f 2658/2/2 2670/2/2 2677/2/2
f 2673/2/2 2674/2/2 2678/2/2
f 2672/2/2 2673/2/2 2678/2/2
f 2678/2/2 2674/2/2 2679/2/2
f 2676/2/2 2677/2/2 2684/2/2
f 2677/2/2 2671/2/2 2685/2/2
f 2684/2/2 2677/2/2 2685/2/2
f 2685/2/2 2671/2/2 2686/2/2
f 2672/2/2 2678/2/2 2687/2/2
f 2687/2/2 2678/2/2 2688/2/2
f 2680/2/2 2681/2/2 2690/2/2
f 2682/2/2 2683/2/2 2691/2/2
f 2691/2/2 2683/2/2 2692/2/2
f 2685/2/2 2686/2/2 2693/2/2
f 2686/2/2 2687/2/2 2693/2/2
f 2693/2/2 2687/2/2 2694/2/2
f 2689/2/2 2690/2/2 2697/2/2
f 2690/2/2 2681/2/2 2698/2/2
f 2697/2/2 2690/2/2 2698/2/2
f 2695/2/2 2696/2/2 2699/2/2
f 2698/2/2 2681/2/2 2701/2/2
f 2701/2/2 2681/2/2 2702/2/2
f 2699/2/2 2700/2/2 2703/2/2
f 2703/2/2 2704/2/2 2705/2/2
f 2708/2/2 2709/2/2 2710/2/2
f 2710/2/2 2709/2/2 2711/2/2
f 2705/2/2 2706/2/2 2712/2/2
f 2695/2/2 2699/2/2 2712/2/2
f 2699/2/2 2703/2/2 2712/2/2
f 2706/2/2 2707/2/2 2712/2/2
f 2703/2/2 2705/2/2 2712/2/2
f 2712/2/2 2707/2/2 2713/2/2
f 2711/2/2 2712/2/2 2714/2/2
f 2714/2/2 2712/2/2 2715/2/2
f 2713/2/2 2707/2/2 2718/2/2
f 2718/2/2 2707/2/2 2719/2/2
f 2717/2/2 2718/2/2 2720/2/2
f 2720/2/2 2718/2/2 2721/2/2
f 2715/2/2 2716/2/2 2722/2/2
f 2722/2/2 2716/2/2 2723/2/2
f 2715/2/2 2722/2/2 2725/2/2
f 2725/2/2 2722/2/2 2726/2/2
f 2723/2/2 2724/2/2 2727/2/2
f 2727/2/2 2728/2/2 2730/2/2
f 2728/2/2 2729/2/2 2730/2/2
f 2730/2/2 2729/2/2 2731/2/2
f 2723/2/2 2727/2/2 2732/2/2
f 2727/2/2 2730/2/2 2732/2/2
f 2732/2/2 2730/2/2 2733/2/2
f 2734/4/2 2735/4/2 2738/4/2
f 2738/4/2 2735/4/2 2739/4/2
f 2736/4/2 2737/4/2 2741/4/2
f 2741/4/2 2737/4/2 2742/4/2
f 2739/4/2 2740/4/2 2743/4/2
f 2743/4/2 2740/4/2 2744/4/2
f 2744/4/2 2740/4/2 2745/4/2
f 2745/4/2 2740/4/2 2746/4/2
f 2746/4/2 2747/4/2 2749/4/2
f 2749/4/2 2747/4/2 2750/4/2
f 2748/4/2 2749/4/2 2751/4/2
f 2751/4/2 2749/4/2 2752/4/2
f 2753/4/2 2754/4/2 2756/4/2
f 2756/4/2 2754/4/2 2757/4/2
f 2755/4/2 2756/4/2 2758/4/2
f 2758/4/2 2756/4/2 2759/4/2
f 2760/4/2 2761/4/2 2764/4/2
f 2764/4/2 2761/4/2 2765/4/2
f 2762/4/2 2763/4/2 2767/4/2
f 2766/4/2 2767/4/2 2768/4/2
f 2767/4/2 2763/4/2 2769/4/2
f 2768/4/2 2767/4/2 2769/4/2
f 2769/4/2 2763/4/2 2770/4/2
f 2770/4/2 2763/4/2 2771/4/2
f 2772/4/2 2773/4/2 2775/4/2
f 2775/4/2 2773/4/2 2776/4/2
f 2774/4/2 2775/4/2 2777/4/2
f 2777/4/2 2775/4/2 2778/4/2
f 2779/2/2 2780/2/2 2785/2/2
f 2785/2/2 2780/2/2 2786/2/2
f 2786/2/2 2780/2/2 2787/2/2
f 2781/2/2 2782/2/2 2789/2/2
f 2789/2/2 2782/2/2 2790/2/2
f 2783/2/2 2784/2/2 2791/2/2
f 2787/2/2 2788/2/2 2792/2/2
f 2786/2/2 2787/2/2 2792/2/2
f 2792/2/2 2788/2/2 2793/2/2
f 2791/2/2 2784/2/2 2794/2/2
f 2794/2/2 2784/2/2 2795/2/2
f 2791/2/2 2794/2/2 2798/2/2
f 2798/2/2 2794/2/2 2799/2/2
f 2796/2/2 2797/2/2 2801/2/2
f 2800/2/2 2801/2/2 2803/2/2
f 2801/2/2 2797/2/2 2804/2/2
f 2803/2/2 2801/2/2 2804/2/2
f 2804/2/2 2797/2/2 2805/2/2
f 2791/2/2 2798/2/2 2806/2/2
f 2806/2/2 2798/2/2 2807/2/2
f 2802/2/2 2803/2/2 2808/2/2
f 2803/2/2 2804/2/2 2808/2/2
f 2808/2/2 2804/2/2 2809/2/2
f 2809/2/2 2804/2/2 2810/2/2
f 2807/2/2 2808/2/2 2811/2/2
f 2808/2/2 2809/2/2 2811/2/2
f 2811/2/2 2809/2/2 2812/2/2
f 2807/2/2 2811/2/2 2813/2/2
f 2813/2/2 2811/2/2 2814/2/2
f 2812/2/2 2809/2/2 2815/2/2
f 2815/2/2 2809/2/2 2816/2/2
f 2816/2/2 2817/2/2 2818/2/2
f 2815/2/2 2816/2/2 2818/2/2
f 2818/2/2 2817/2/2 2819/2/2
f 2819/2/2 2817/2/2 2820/2/2
f 2819/2/2 2820/2/2 2822/2/2
f 2820/2/2 2821/2/2 2822/2/2
f 2822/2/2 2821/2/2 2823/2/2
f 2823/2/2 2821/2/2 2824/2/2
f 2824/2/2 2821/2/2 2825/2/2
f 2826/2/2 2827/2/2 2828/2/2
f 2828/2/2 2827/2/2 2829/2/2
f 2829/2/2 2827/2/2 2830/2/2
f 2830/2/2 2827/2/2 2831/2/2
f 2829/2/2 2830/2/2 2832/2/2
f 2829/2/2 2832/2/2 2835/2/2
f 2832/2/2 2833/2/2 2835/2/2
f 2835/2/2 2833/2/2 2836/2/2
f 2834/4/2 2835/4/2 2837/4/2
f 2837/4/2 2835/4/2 2838/4/2
f 2836/2/2 2833/2/2 2839/2/2
f 2839/2/2 2833/2/2 2840/2/2
f 2841/4/2 2842/4/2 2843/4/2
f 2843/4/2 2842/4/2 2844/4/2
f 2845/4/2 2846/4/2 2849/4/2
f 2849/4/2 2846/4/2 2850/4/2
f 2847/4/2 2848/4/2 2851/4/2
f 2847/4/2 2851/4/2 2853/4/2
f 2851/4/2 2852/4/2 2853/4/2
f 2853/4/2 2852/4/2 2856/4/2
f 2856/4/2 2852/4/2 2857/4/2
f 2853/4/2 2856/4/2 2860/4/2
f 2860/4/2 2856/4/2 2861/4/2
f 2857/4/2 2858/4/2 2862/4/2
f 2862/4/2 2858/4/2 2863/4/2
f 2863/4/2 2858/4/2 2864/4/2
f 2854/4/2 2855/4/2 2865/4/2
f 2865/4/2 2855/4/2 2866/4/2
f 2860/4/2 2861/4/2 2867/4/2
f 2859/4/2 2860/4/2 2867/4/2
f 2861/4/2 2862/4/2 2867/4/2
f 2862/4/2 2863/4/2 2867/4/2
f 2866/4/2 2867/4/2 2870/4/2
f 2868/4/2 2869/4/2 2871/4/2
f 2869/4/2 2870/4/2 2871/4/2
f 2871/4/2 2870/4/2 2872/4/2
f 2872/4/2 2870/4/2 2874/4/2
f 2870/4/2 2867/4/2 2875/4/2
f 2874/4/2 2870/4/2 2875/4/2
f 2867/4/2 2863/4/2 2876/4/2
f 2875/4/2 2867/4/2 2876/4/2
f 2873/4/2 2874/4/2 2877/4/2
f 2874/4/2 2875/4/2 2877/4/2
f 2877/4/2 2875/4/2 2878/4/2
f 2878/4/2 2875/4/2 2879/4/2
f 2879/4/2 2880/4/2 2881/4/2
f 2878/4/2 2879/4/2 2881/4/2
f 2881/4/2 2882/4/2 2885/4/2
f 2878/4/2 2881/4/2 2885/4/2
f 2885/4/2 2882/4/2 2886/4/2
f 2883/4/2 2884/4/2 2887/4/2
f 2887/4/2 2884/4/2 2888/4/2
f 2878/4/2 2885/4/2 2889/4/2
f 2889/4/2 2885/4/2 2890/4/2
f 2890/4/2 2891/4/2 2894/4/2
f 2894/4/2 2891/4/2 2895/4/2
f 2892/4/2 2893/4/2 2896/4/2
f 2896/4/2 2893/4/2 2897/4/2
f 2898/4/2 2899/4/2 2900/4/2
f 2900/4/2 2899/4/2 2901/4/2
f 2904/4/2 2905/4/2 2906/4/2
f 2906/4/2 2905/4/2 2907/4/2
f 2902/4/2 2903/4/2 2908/4/2
f 2908/4/2 2903/4/2 2909/4/2
f 2912/2/2 2913/2/2 2923/2/2
f 2923/2/2 2913/2/2 2924/2/2
f 2914/2/2 2915/2/2 2925/2/2
f 2925/2/2 2915/2/2 2926/2/2
f 2916/2/2 2917/2/2 2927/2/2
f 2927/2/2 2917/2/2 2928/2/2
f 2918/2/2 2919/2/2 2929/2/2
f 2929/2/2 2919/2/2 2930/2/2
f 2920/2/2 2921/2/2 2931/2/2
f 2931/2/2 2921/2/2 2932/2/2
f 2922/2/2 2923/2/2 2933/2/2
f 2933/2/2 2923/2/2 2934/2/2
f 2925/2/2 2926/2/2 2935/2/2
f 2924/2/2 2925/2/2 2935/2/2
f 2935/2/2 2926/2/2 2936/2/2
f 2910/2/2 2911/2/2 2937/2/2
f 2937/2/2 2911/2/2 2938/2/2
f 2939/2/2 2940/2/2 2941/2/2
f 2941/2/2 2940/2/2 2942/2/2
f 2943/4/2 2944/4/2 2945/4/2
f 2945/4/2 2944/4/2 2946/4/2
f 2947/4/2 2948/4/2 2949/4/2
f 2949/4/2 2948/4/2 2950/4/2
f 2951/4/2 2952/4/2 2954/4/2
f 2954/4/2 2952/4/2 2957/4/2
f 2953/4/2 2954/4/2 2957/4/2
f 2957/4/2 2952/4/2 2958/4/2
f 2955/4/2 2956/4/2 2959/4/2
f 2959/4/2 2956/4/2 2960/4/2
f 2953/4/2 2957/4/2 2964/4/2
f 2964/4/2 2957/4/2 2965/4/2
f 2961/4/2 2962/4/2 2966/4/2
f 2966/4/2 2962/4/2 2967/4/2
f 2963/4/2 2964/4/2 2968/4/2
f 2968/4/2 2964/4/2 2969/4/2
f 2970/4/2 2971/4/2 2972/4/2
f 2972/4/2 2971/4/2 2973/4/2
f 2973/4/2 2971/4/2 2974/4/2
f 2975/4/2 2976/4/2 2979/4/2
f 2979/4/2 2976/4/2 2980/4/2
f 2977/4/2 2978/4/2 2983/4/2
f 2983/4/2 2978/4/2 2984/4/2
f 2981/4/2 2982/4/2 2985/4/2
f 2986/4/2 2987/4/2 2990/4/2
f 2990/4/2 2987/4/2 2991/4/2
f 2985/4/2 2982/4/2 2992/4/2
f 2992/4/2 2982/4/2 2993/4/2
f 2988/4/2 2989/4/2 2995/4/2
f 2995/4/2 2989/4/2 2996/4/2
f 2994/4/2 2995/4/2 2999/4/2
f 2999/4/2 2995/4/2 3000/4/2
f 2997/4/2 2998/4/2 3001/4/2
f 3001/4/2 2998/4/2 3002/4/2
f 3003/2/2 3004/2/2 3013/2/2
f 3005/2/2 3006/2/2 3014/2/2
f 3014/2/2 3006/2/2 3015/2/2
f 3007/2/2 3008/2/2 3016/2/2
f 3016/2/2 3008/2/2 3017/2/2
f 3009/2/2 3010/2/2 3018/2/2
f 3018/2/2 3010/2/2 3019/2/2
f 3011/2/2 3012/2/2 3020/2/2
f 3020/2/2 3012/2/2 3021/2/2
f 3013/2/2 3004/2/2 3022/2/2
f 3022/2/2 3004/2/2 3023/2/2
f 3024/4/2 3025/4/2 3026/4/2
f 3026/4/2 3025/4/2 3027/4/2
f 3028/4/2 3029/4/2 3030/4/2
f 3030/4/2 3029/4/2 3031/4/2
f 3032/4/2 3033/4/2 3036/4/2
f 3036/4/2 3033/4/2 3037/4/2
f 3034/4/2 3035/4/2 3038/4/2
f 3038/4/2 3035/4/2 3039/4/2
f 3040/4/2 3041/4/2 3044/4/2
f 3044/4/2 3041/4/2 3045/4/2
f 3042/4/2 3043/4/2 3046/4/2
f 3046/4/2 3043/4/2 3047/4/2
f 3048/4/2 3049/4/2 3050/4/2
f 3050/4/2 3049/4/2 3051/4/2
f 3052/4/2 3053/4/2 3054/4/2
f 3054/4/2 3053/4/2 3055/4/2
f 3055/4/2 3053/4/2 3056/4/2
f 3054/4/2 3055/4/2 3057/4/2
f 3057/4/2 3055/4/2 3058/4/2
f 3059/2/2 3060/2/2 3065/2/2
f 3065/2/2 3060/2/2 3066/2/2
f 3061/2/2 3062/2/2 3067/2/2
f 3067/2/2 3062/2/2 3068/2/2
f 3063/2/2 3064/2/2 3069/2/2
f 3069/2/2 3064/2/2 3070/2/2
f 3071/4/2 3072/4/2 3075/4/2
f 3075/4/2 3072/4/2 3076/4/2
f 3073/4/2 3074/4/2 3077/4/2
f 3077/4/2 3074/4/2 3078/4/2
f 3079/4/2 3080/4/2 3081/4/2
f 3081/4/2 3080/4/2 3082/4/2
f 3083/4/2 3084/4/2 3085/4/2
f 3085/4/2 3084/4/2 3086/4/2
f 3087/4/2 3088/4/2 3090/4/2
f 3090/4/2 3088/4/2 3091/4/2
f 3089/4/2 3090/4/2 3092/4/2
f 3092/4/2 3090/4/2 3093/4/2
f 3094/4/2 3095/4/2 3096/4/2
f 3096/4/2 3095/4/2 3097/4/2
f 3097/4/2 3098/4/2 3103/4/2
f 3103/4/2 3098/4/2 3104/4/2
f 3099/4/2 3100/4/2 3105/4/2
f 3105/4/2 3100/4/2 3106/4/2
f 3101/4/2 3102/4/2 3107/4/2
f 3107/4/2 3102/4/2 3108/4/2
f 3109/2/2 3110/2/2 3111/2/2
f 3109/2/2 3111/2/2 3113/2/2
f 3111/2/2 3112/2/2 3113/2/2
f 3113/2/2 3112/2/2 3114/2/2
f 3109/2/2 3113/2/2 3115/2/2
f 3115/2/2 3113/2/2 3116/2/2
f 3117/4/2 3118/4/2 3119/4/2
f 3119/4/2 3118/4/2 3120/4/2
f 3121/4/2 3122/4/2 3123/4/2
f 3123/4/2 3122/4/2 3124/4/2
f 3125/4/2 3126/4/2 3127/4/2
f 3127/4/2 3126/4/2 3128/4/2
f 3128/4/2 3126/4/2 3129/4/2
f 3129/4/2 3126/4/2 3130/4/2
f 3125/4/2 3127/4/2 3132/4/2
f 3132/4/2 3127/4/2 3133/4/2
f 3128/4/2 3129/4/2 3135/4/2
f 3134/4/2 3135/4/2 3137/4/2
f 3131/4/2 3132/4/2 3138/4/2
f 3138/4/2 3132/4/2 3139/4/2
f 3136/4/2 3137/4/2 3140/4/2
f 3137/4/2 3135/4/2 3141/4/2
f 3140/4/2 3137/4/2 3141/4/2
f 3139/4/2 3140/4/2 3144/4/2
f 3144/4/2 3140/4/2 3145/4/2
f 3141/4/2 3135/4/2 3146/4/2
f 3135/4/2 3129/4/2 3147/4/2
f 3146/4/2 3135/4/2 3147/4/2
f 3142/4/2 3143/4/2 3148/4/2
f 3148/4/2 3143/4/2 3149/4/2
f 3150/4/2 3151/4/2 3152/4/2
f 3152/4/2 3151/4/2 3153/4/2
f 3154/4/2 3155/4/2 3158/4/2
f 3158/4/2 3155/4/2 3159/4/2
f 3156/4/2 3157/4/2 3161/4/2
f 3161/4/2 3157/4/2 3162/4/2
f 3159/4/2 3160/4/2 3163/4/2
f 3163/4/2 3160/4/2 3164/4/2
f 3165/4/2 3166/4/2 3167/4/2
f 3167/4/2 3166/4/2 3168/4/2
f 3169/4/2 3170/4/2 3174/4/2
f 3174/4/2 3170/4/2 3175/4/2
f 3171/4/2 3172/4/2 3176/4/2
f 3176/4/2 3172/4/2 3177/4/2
f 3174/4/2 3175/4/2 3179/4/2
f 3173/4/2 3174/4/2 3179/4/2
f 3179/4/2 3175/4/2 3180/4/2
f 3180/4/2 3175/4/2 3183/4/2
f 3183/4/2 3175/4/2 3184/4/2
f 3178/4/2 3179/4/2 3185/4/2
f 3185/4/2 3179/4/2 3186/4/2
f 3184/4/2 3175/4/2 3187/4/2
f 3187/4/2 3175/4/2 3188/4/2
f 3181/4/2 3182/4/2 3191/4/2
f 3191/4/2 3182/4/2 3192/4/2
f 3189/4/2 3190/4/2 3193/4/2
f 3192/4/2 3193/4/2 3194/4/2
f 3193/4/2 3190/4/2 3194/4/2
f 3194/4/2 3190/4/2 3195/4/2
f 3192/4/2 3194/4/2 3196/4/2
f 3196/4/2 3194/4/2 3197/4/2
f 3192/4/2 3196/4/2 3199/4/2
f 3199/4/2 3196/4/2 3200/4/2
f 3198/4/2 3199/4/2 3202/4/2
f 3202/4/2 3199/4/2 3203/4/2
f 3200/4/2 3201/4/2 3204/4/2
f 3204/4/2 3201/4/2 3205/4/2
f 3206/4/2 3207/4/2 3208/4/2
f 3208/4/2 3207/4/2 3209/4/2
f 3210/4/2 3211/4/2 3212/4/2
f 3212/4/2 3211/4/2 3213/4/2
f 3214/4/2 3215/4/2 3216/4/2
f 3216/4/2 3215/4/2 3217/4/2
f 3217/4/2 3215/4/2 3218/4/2
f 3218/4/2 3215/4/2 3219/4/2
f 3217/4/2 3218/4/2 3220/4/2
f 3220/4/2 3218/4/2 3221/4/2
f 3221/4/2 3218/4/2 3222/4/2
f 3222/4/2 3223/4/2 3224/4/2
f 3221/4/2 3222/4/2 3224/4/2
f 3224/4/2 3223/4/2 3225/4/2
f 3226/3/2 3227/3/2 3228/3/2
f 3228/3/2 3227/3/2 3229/3/2
f 3230/4/2 3231/4/2 3232/4/2
f 3230/4/2 3232/4/2 3234/4/2
f 3232/4/2 3233/4/2 3234/4/2
f 3234/4/2 3233/4/2 3235/4/2
f 3236/4/2 3237/4/2 3238/4/2
f 3238/4/2 3237/4/2 3239/4/2
f 3240/4/2 3241/4/2 3242/4/2
f 3242/4/2 3241/4/2 3243/4/2
f 3243/4/2 3241/4/2 3246/4/2
f 3246/4/2 3241/4/2 3247/4/2
f 3244/4/2 3245/4/2 3248/4/2
f 3248/4/2 3245/4/2 3249/4/2
f 3250/4/2 3251/4/2 3254/4/2
f 3254/4/2 3251/4/2 3255/4/2
f 3252/4/2 3253/4/2 3258/4/2
f 3258/4/2 3253/4/2 3259/4/2
f 3256/4/2 3257/4/2 3260/4/2
f 3260/4/2 3257/4/2 3261/4/2
f 3261/4/2 3257/4/2 3262/4/2
f 3263/4/2 3264/4/2 3265/4/2
f 3265/4/2 3264/4/2 3266/4/2
f 3267/4/2 3268/4/2 3269/4/2
f 3269/4/2 3268/4/2 3270/4/2
f 3271/4/2 3272/4/2 3273/4/2
f 3273/4/2 3272/4/2 3274/4/2
f 3275/4/2 3276/4/2 3278/4/2
f 3276/4/2 3277/4/2 3278/4/2
f 3278/4/2 3277/4/2 3279/4/2
f 3280/4/2 3281/4/2 3282/4/2
f 3282/4/2 3281/4/2 3283/4/2
f 3283/4/2 3284/4/2 3287/4/2
f 3287/4/2 3284/4/2 3288/4/2
f 3285/4/2 3286/4/2 3291/4/2
f 3291/4/2 3286/4/2 3292/4/2
f 3289/4/2 3290/4/2 3295/4/2
f 3295/4/2 3290/4/2 3296/4/2
f 3293/4/2 3294/4/2 3297/4/2
f 3297/4/2 3294/4/2 3298/4/2
f 3299/4/2 3300/4/2 3301/4/2
f 3301/4/2 3300/4/2 3302/4/2
f 3303/4/2 3304/4/2 3305/4/2
f 3305/4/2 3304/4/2 3306/4/2
f 3307/4/2 3308/4/2 3309/4/2
f 3309/4/2 3308/4/2 3310/4/2
f 3311/4/2 3312/4/2 3313/4/2
f 3313/4/2 3312/4/2 3314/4/2
f 3315/4/2 3316/4/2 3317/4/2
f 3317/4/2 3316/4/2 3318/4/2
f 3319/4/2 3320/4/2 3322/4/2
f 3322/4/2 3320/4/2 3323/4/2
f 3321/4/2 3322/4/2 3324/4/2
f 3324/4/2 3322/4/2 3325/4/2
f 3326/1/2 3327/1/2 3328/1/2
f 3328/1/2 3327/1/2 3329/1/2
f 3330/4/2 3331/4/2 3334/4/2
f 3334/4/2 3331/4/2 3335/4/2
f 3332/4/2 3333/4/2 3337/4/2
f 3337/4/2 3333/4/2 3338/4/2
f 3338/4/2 3333/4/2 3339/4/2
f 3330/4/2 3334/4/2 3341/4/2
f 3341/4/2 3334/4/2 3342/4/2
f 3342/4/2 3334/4/2 3343/4/2
f 3336/4/2 3337/4/2 3344/4/2
f 3337/4/2 3338/4/2 3344/4/2
f 3344/4/2 3338/4/2 3345/4/2
f 3341/4/2 3342/4/2 3347/4/2
f 3340/4/2 3341/4/2 3347/4/2
f 3347/4/2 3342/4/2 3348/4/2
f 3348/4/2 3342/4/2 3349/4/2
f 3335/4/2 3331/4/2 3351/4/2
f 3336/4/2 3344/4/2 3352/4/2
f 3352/4/2 3344/4/2 3353/4/2
f 3347/4/2 3348/4/2 3356/4/2
f 3346/4/2 3347/4/2 3356/4/2
f 3356/4/2 3348/4/2 3357/4/2
f 3357/4/2 3348/4/2 3358/4/2
f 3358/4/2 3348/4/2 3359/4/2
f 3350/4/2 3351/4/2 3361/4/2
f 3336/4/2 3352/4/2 3362/4/2
f 3362/4/2 3352/4/2 3363/4/2
f 3354/4/2 3355/4/2 3364/4/2
f 3364/4/2 3355/4/2 3365/4/2
f 3357/4/2 3358/4/2 3367/4/2
f 3367/4/2 3358/4/2 3368/4/2
f 3360/4/2 3361/4/2 3370/4/2
f 3368/4/2 3358/4/2 3373/4/2
f 3373/4/2 3358/4/2 3374/4/2
f 3371/4/2 3372/4/2 3377/4/2
f 3377/4/2 3372/4/2 3378/4/2
f 3365/4/2 3366/4/2 3379/4/2
f 3363/4/2 3364/4/2 3379/4/2
f 3364/4/2 3365/4/2 3379/4/2
f 3369/4/2 3370/4/2 3380/4/2
f 3351/4/2 3331/4/2 3381/4/2
f 3380/4/2 3370/4/2 3381/4/2
f 3361/4/2 3351/4/2 3381/4/2
f 3370/4/2 3361/4/2 3381/4/2
f 3381/4/2 3331/4/2 3382/4/2
f 3375/4/2 3376/4/2 3383/4/2
f 3383/4/2 3376/4/2 3384/4/2
f 3381/4/2 3382/4/2 3390/4/2
f 3390/4/2 3382/4/2 3391/4/2
f 3384/4/2 3385/4/2 3393/4/2
f 3378/4/2 3379/4/2 3394/4/2
f 3379/4/2 3366/4/2 3394/4/2
f 3394/4/2 3366/4/2 3395/4/2
f 3386/4/2 3387/4/2 3397/4/2
f 3397/4/2 3387/4/2 3398/4/2
f 3392/4/2 3393/4/2 3400/4/2
f 3393/4/2 3385/4/2 3401/4/2
f 3400/4/2 3393/4/2 3401/4/2
f 3378/4/2 3394/4/2 3403/4/2
f 3403/4/2 3394/4/2 3404/4/2
f 3398/4/2 3399/4/2 3406/4/2
f 3397/4/2 3398/4/2 3406/4/2
f 3396/4/2 3397/4/2 3406/4/2
f 3388/4/2 3389/4/2 3407/4/2
f 3407/4/2 3389/4/2 3408/4/2
f 3391/4/2 3382/4/2 3410/4/2
f 3410/4/2 3382/4/2 3411/4/2
f 3401/4/2 3402/4/2 3414/4/2
f 3414/4/2 3402/4/2 3415/4/2
f 3378/4/2 3403/4/2 3416/4/2
f 3416/4/2 3403/4/2 3417/4/2
f 3405/4/2 3406/4/2 3418/4/2
f 3406/4/2 3399/4/2 3419/4/2
f 3418/4/2 3406/4/2 3419/4/2
f 3411/4/2 3412/4/2 3420/4/2
f 3409/4/2 3410/4/2 3420/4/2
f 3410/4/2 3411/4/2 3420/4/2
f 3420/4/2 3412/4/2 3421/4/2
f 3421/4/2 3412/4/2 3422/4/2
f 3413/4/2 3414/4/2 3423/4/2
f 3423/4/2 3414/4/2 3424/4/2
f 3419/4/2 3399/4/2 3425/4/2
f 3425/4/2 3399/4/2 3426/4/2
f 3421/4/2 3422/4/2 3429/4/2
f 3422/4/2 3423/4/2 3429/4/2
f 3424/4/2 3414/4/2 3430/4/2
f 3430/4/2 3414/4/2 3431/4/2
f 3427/4/2 3428/4/2 3432/4/2
f 3432/4/2 3428/4/2 3433/4/2
f 3421/4/2 3429/4/2 3434/4/2
f 3429/4/2 3430/4/2 3434/4/2
f 3434/4/2 3430/4/2 3435/4/2
f 3435/4/2 3430/4/2 3436/4/2
f 3431/4/2 3414/4/2 3437/4/2
f 3437/4/2 3414/4/2 3438/4/2
f 3435/4/2 3436/4/2 3440/4/2
f 3436/4/2 3437/4/2 3440/4/2
f 3440/4/2 3437/4/2 3441/4/2
f 3441/4/2 3437/4/2 3442/4/2
f 3438/4/2 3439/4/2 3443/4/2
f 3441/4/2 3442/4/2 3444/4/2
f 3442/4/2 3443/4/2 3444/4/2
f 3443/4/2 3439/4/2 3444/4/2
f 3444/4/2 3439/4/2 3445/4/2
f 3441/4/2 3444/4/2 3446/4/2
f 3446/4/2 3444/4/2 3447/4/2
f 3441/4/2 3446/4/2 3448/4/2
f 3448/4/2 3446/4/2 3449/4/2
f 3441/4/2 3448/4/2 3450/4/2
f 3450/4/2 3448/4/2 3451/4/2
f 3452/4/2 3453/4/2 3454/4/2
f 3454/4/2 3453/4/2 3455/4/2
f 3456/4/2 3457/4/2 3461/4/2
f 3458/4/2 3459/4/2 3463/4/2
f 3463/4/2 3459/4/2 3464/4/2
f 3464/4/2 3459/4/2 3465/4/2
f 3460/4/2 3461/4/2 3467/4/2
f 3461/4/2 3457/4/2 3468/4/2
f 3467/4/2 3461/4/2 3468/4/2
f 3468/4/2 3457/4/2 3469/4/2
f 3462/4/2 3463/4/2 3471/4/2
f 3463/4/2 3464/4/2 3471/4/2
f 3471/4/2 3464/4/2 3472/4/2
f 3472/4/2 3464/4/2 3473/4/2
f 3473/4/2 3464/4/2 3474/4/2
f 3466/4/2 3467/4/2 3477/4/2
f 3467/4/2 3468/4/2 3477/4/2
f 3477/4/2 3468/4/2 3478/4/2
f 3478/4/2 3468/4/2 3479/4/2
f 3470/4/2 3471/4/2 3481/4/2
f 3471/4/2 3472/4/2 3481/4/2
f 3481/4/2 3472/4/2 3482/4/2
f 3474/4/2 3475/4/2 3483/4/2
f 3473/4/2 3474/4/2 3483/4/2
f 3483/4/2 3475/4/2 3484/4/2
f 3484/4/2 3475/4/2 3485/4/2
f 3477/4/2 3478/4/2 3487/4/2
f 3476/4/2 3477/4/2 3487/4/2
f 3487/4/2 3478/4/2 3488/4/2
f 3485/4/2 3486/4/2 3489/4/2
f 3484/4/2 3485/4/2 3489/4/2
f 3476/4/2 3487/4/2 3490/4/2
f 3490/4/2 3487/4/2 3491/4/2
f 3480/4/2 3481/4/2 3492/4/2
f 3492/4/2 3481/4/2 3493/4/2
f 3484/4/2 3489/4/2 3494/4/2
f 3495/4/2 3496/4/2 3499/4/2
f 3494/4/2 3495/4/2 3499/4/2
f 3484/4/2 3494/4/2 3499/4/2
f 3499/4/2 3496/4/2 3500/4/2
f 3500/4/2 3496/4/2 3501/4/2
f 3501/4/2 3496/4/2 3502/4/2
f 3497/4/2 3498/4/2 3503/4/2
f 3503/4/2 3498/4/2 3504/4/2
f 3484/4/2 3499/4/2 3506/4/2
f 3506/4/2 3499/4/2 3507/4/2
f 3507/4/2 3499/4/2 3508/4/2
f 3500/4/2 3501/4/2 3509/4/2
f 3509/4/2 3501/4/2 3510/4/2
f 3497/4/2 3503/4/2 3511/4/2
f 3505/4/2 3506/4/2 3514/4/2
f 3506/4/2 3507/4/2 3514/4/2
f 3514/4/2 3507/4/2 3515/4/2
f 3515/4/2 3507/4/2 3516/4/2
f 3510/4/2 3501/4/2 3517/4/2
f 3502/4/2 3496/4/2 3518/4/2
f 3497/4/2 3511/4/2 3519/4/2
f 3511/4/2 3512/4/2 3519/4/2
f 3519/4/2 3512/4/2 3520/4/2
f 3520/4/2 3512/4/2 3521/4/2
f 3521/4/2 3512/4/2 3522/4/2
f 3513/4/2 3514/4/2 3524/4/2
f 3514/4/2 3515/4/2 3524/4/2
f 3524/4/2 3515/4/2 3525/4/2
f 3517/4/2 3518/4/2 3527/4/2
f 3518/4/2 3496/4/2 3527/4/2
f 3520/4/2 3521/4/2 3529/4/2
f 3529/4/2 3521/4/2 3530/4/2
f 3523/4/2 3524/4/2 3532/4/2
f 3532/4/2 3524/4/2 3533/4/2
f 3525/4/2 3526/4/2 3535/4/2
f 3510/4/2 3517/4/2 3536/4/2
f 3527/4/2 3528/4/2 3536/4/2
f 3517/4/2 3527/4/2 3536/4/2
f 3536/4/2 3528/4/2 3537/4/2
f 3530/4/2 3531/4/2 3538/4/2
f 3538/4/2 3531/4/2 3539/4/2
f 3523/4/2 3532/4/2 3541/4/2
f 3537/4/2 3528/4/2 3543/4/2
f 3539/4/2 3540/4/2 3545/4/2
f 3545/4/2 3540/4/2 3546/4/2
f 3534/4/2 3535/4/2 3548/4/2
f 3535/4/2 3526/4/2 3548/4/2
f 3543/4/2 3544/4/2 3551/4/2
f 3537/4/2 3543/4/2 3551/4/2
f 3551/4/2 3544/4/2 3552/4/2
f 3552/4/2 3544/4/2 3553/4/2
f 3546/4/2 3547/4/2 3555/4/2
f 3555/4/2 3547/4/2 3556/4/2
f 3541/4/2 3542/4/2 3557/4/2
f 3523/4/2 3541/4/2 3557/4/2
f 3557/4/2 3542/4/2 3558/4/2
f 3548/4/2 3549/4/2 3559/4/2
f 3534/4/2 3548/4/2 3559/4/2
f 3559/4/2 3549/4/2 3560/4/2
f 3558/4/2 3559/4/2 3561/4/2
f 3561/4/2 3559/4/2 3562/4/2
f 3550/4/2 3551/4/2 3563/4/2
f 3551/4/2 3552/4/2 3563/4/2
f 3553/4/2 3554/4/2 3564/4/2
f 3560/4/2 3549/4/2 3565/4/2
f 3565/4/2 3549/4/2 3566/4/2
f 3550/4/2 3563/4/2 3567/4/2
f 3563/4/2 3564/4/2 3567/4/2
f 3564/4/2 3554/4/2 3568/4/2
f 3567/4/2 3564/4/2 3568/4/2
f 3566/4/2 3567/4/2 3569/4/2
f 3569/4/2 3567/4/2 3570/4/2
f 3568/4/2 3554/4/2 3571/4/2
f 3571/4/2 3554/4/2 3572/4/2
f 3573/4/2 3574/4/2 3575/4/2
f 3575/4/2 3574/4/2 3576/4/2
f 3577/4/2 3578/4/2 3579/4/2
f 3579/4/2 3578/4/2 3580/4/2
f 3580/4/2 3581/4/2 3586/4/2
f 3586/4/2 3581/4/2 3587/4/2
f 3584/4/2 3585/4/2 3588/4/2
f 3588/4/2 3585/4/2 3589/4/2
f 3582/4/2 3583/4/2 3590/4/2
f 3590/4/2 3583/4/2 3591/4/2
f 3592/4/2 3593/4/2 3594/4/2
f 3594/4/2 3593/4/2 3595/4/2
f 3592/4/2 3594/4/2 3596/4/2
f 3596/4/2 3594/4/2 3597/4/2
f 3602/4/3 3601/4/3 3600/4/3
f 3603/4/3 3601/4/3 3602/4/3
f 3606/4/3 3605/4/3 3604/4/3
f 3607/4/3 3605/4/3 3606/4/3
f 3608/1/3 3599/1/3 3598/1/3
f 3609/1/3 3599/1/3 3608/1/3
f 3617/4/3 3611/4/3 3610/4/3
f 3618/4/3 3611/4/3 3617/4/3
f 3619/4/3 3611/4/3 3618/4/3
f 3620/4/3 3617/4/3 3616/4/3
f 3620/4/3 3618/4/3 3617/4/3
f 3621/4/3 3618/4/3 3620/4/3
f 3622/4/3 3615/4/3 3614/4/3
f 3623/4/3 3620/4/3 3616/4/3
f 3624/4/3 3620/4/3 3623/4/3
f 3624/4/3 3623/4/3 3622/4/3
f 3625/4/3 3620/4/3 3624/4/3
f 3626/4/3 3613/4/3 3612/4/3
f 3627/4/3 3613/4/3 3626/4/3
f 3629/4/3 3622/4/3 3614/4/3
f 3629/4/3 3624/4/3 3622/4/3
f 3630/4/3 3624/4/3 3629/4/3
f 3631/4/3 3628/4/3 3627/4/3
f 3632/4/3 3628/4/3 3631/4/3
f 3635/4/3 3629/4/3 3614/4/3
f 3636/4/3 3634/4/3 3633/4/3
f 3637/4/3 3635/4/3 3614/4/3
f 3637/4/3 3636/4/3 3635/4/3
f 3638/4/3 3634/4/3 3636/4/3
f 3638/4/3 3636/4/3 3637/4/3
f 3639/4/3 3634/4/3 3638/4/3
f 3641/4/3 3639/4/3 3638/4/3
f 3641/4/3 3640/4/3 3639/4/3
f 3642/4/3 3640/4/3 3641/4/3
f 3646/4/3 3644/4/3 3643/4/3
f 3647/4/3 3644/4/3 3646/4/3
f 3648/4/3 3644/4/3 3647/4/3
f 3650/4/3 3637/4/3 3614/4/3
f 3651/4/3 3637/4/3 3650/4/3
f 3652/4/3 3646/4/3 3645/4/3
f 3652/4/3 3647/4/3 3646/4/3
f 3653/4/3 3647/4/3 3652/4/3
f 3654/4/3 3651/4/3 3650/4/3
f 3654/4/3 3650/4/3 3649/4/3
f 3655/4/3 3651/4/3 3654/4/3
f 3657/4/3 3654/4/3 3649/4/3
f 3658/4/3 3654/4/3 3657/4/3
f 3659/4/3 3656/4/3 3655/4/3
f 3660/4/3 3656/4/3 3659/4/3
f 3666/4/3 3662/4/3 3661/4/3
f 3667/4/3 3662/4/3 3666/4/3
f 3671/4/3 3669/4/3 3668/4/3
f 3672/4/3 3666/4/3 3665/4/3
f 3673/4/3 3666/4/3 3672/4/3
f 3675/4/3 3671/4/3 3670/4/3
f 3676/4/3 3669/4/3 3671/4/3
f 3676/4/3 3671/4/3 3675/4/3
f 3679/4/3 3664/4/3 3663/4/3
f 3680/4/3 3664/4/3 3679/4/3
f 3681/4/3 3677/4/3 3676/4/3
f 3681/4/3 3675/4/3 3674/4/3
f 3681/4/3 3676/4/3 3675/4/3
f 3682/4/3 3677/4/3 3681/4/3
f 3683/4/3 3679/4/3 3678/4/3
f 3684/4/3 3664/4/3 3680/4/3
f 3685/4/3 3681/4/3 3674/4/3
f 3686/4/3 3681/4/3 3685/4/3
f 3689/4/3 3681/4/3 3686/4/3
f 3690/4/3 3681/4/3 3689/4/3
f 3692/4/3 3688/4/3 3687/4/3
f 3693/4/3 3691/4/3 3690/4/3
f 3694/4/3 3693/4/3 3692/4/3
f 3695/4/3 3691/4/3 3693/4/3
f 3695/4/3 3693/4/3 3694/4/3
f 3696/4/3 3692/4/3 3687/4/3
f 3696/4/3 3694/4/3 3692/4/3
f 3697/4/3 3694/4/3 3696/4/3
f 3699/4/3 3691/4/3 3695/4/3
f 3700/4/3 3691/4/3 3699/4/3
f 3701/4/3 3684/4/3 3683/4/3
f 3701/4/3 3664/4/3 3684/4/3
f 3702/4/3 3664/4/3 3701/4/3
f 3703/4/3 3696/4/3 3687/4/3
f 3704/4/3 3696/4/3 3703/4/3
f 3705/4/3 3699/4/3 3698/4/3
f 3708/4/3 3683/4/3 3678/4/3
f 3708/4/3 3701/4/3 3683/4/3
f 3709/4/3 3701/4/3 3708/4/3
f 3710/4/3 3701/4/3 3709/4/3
f 3711/4/3 3707/4/3 3706/4/3
f 3712/4/3 3707/4/3 3711/4/3
f 3713/4/3 3705/4/3 3704/4/3
f 3714/4/3 3699/4/3 3705/4/3
f 3714/4/3 3705/4/3 3713/4/3
f 3715/4/3 3710/4/3 3709/4/3
f 3716/4/3 3710/4/3 3715/4/3
f 3723/4/3 3720/4/3 3719/4/3
f 3724/4/3 3720/4/3 3723/4/3
f 3725/4/3 3722/4/3 3721/4/3
f 3726/4/3 3722/4/3 3725/4/3
f 3729/4/3 3728/4/3 3727/4/3
f 3730/4/3 3728/4/3 3729/4/3
f 3733/4/3 3732/4/3 3731/4/3
f 3734/4/3 3732/4/3 3733/4/3
f 3737/4/3 3736/4/3 3735/4/3
f 3738/4/3 3736/4/3 3737/4/3
f 3743/4/3 3740/4/3 3739/4/3
f 3744/4/3 3740/4/3 3743/4/3
f 3745/4/3 3742/4/3 3741/4/3
f 3746/4/3 3742/4/3 3745/4/3
f 3747/3/3 3718/3/3 3717/3/3
f 3748/3/3 3718/3/3 3747/3/3
f 3753/4/3 3750/4/3 3749/4/3
f 3754/4/3 3750/4/3 3753/4/3
f 3755/4/3 3752/4/3 3751/4/3
f 3756/4/3 3752/4/3 3755/4/3
f 3759/4/3 3758/4/3 3757/4/3
f 3760/4/3 3758/4/3 3759/4/3
f 3763/4/3 3762/4/3 3761/4/3
f 3764/4/3 3762/4/3 3763/4/3
f 3767/4/3 3766/4/3 3765/4/3
f 3768/4/3 3766/4/3 3767/4/3
f 3771/4/3 3770/4/3 3769/4/3
f 3772/4/3 3770/4/3 3771/4/3
f 3775/4/3 3774/4/3 3773/4/3
f 3776/4/3 3774/4/3 3775/4/3
f 3779/4/3 3778/4/3 3777/4/3
f 3780/4/3 3778/4/3 3779/4/3
f 3783/4/3 3782/4/3 3781/4/3
f 3784/4/3 3782/4/3 3783/4/3
f 3787/4/3 3786/4/3 3785/4/3
f 3788/4/3 3786/4/3 3787/4/3
f 3791/4/3 3790/4/3 3789/4/3
f 3792/4/3 3790/4/3 3791/4/3
f 3793/4/3 3790/4/3 3792/4/3
f 3796/2/3 3795/2/3 3794/2/3
f 3797/2/3 3795/2/3 3796/2/3
f 3800/4/3 3799/4/3 3798/4/3
f 3801/4/3 3799/4/3 3800/4/3
f 3804/4/3 3803/4/3 3802/4/3
f 3805/4/3 3803/4/3 3804/4/3
f 3808/4/3 3804/4/3 3802/4/3
f 3809/4/3 3804/4/3 3808/4/3
f 3810/4/3 3807/4/3 3806/4/3
f 3811/4/3 3807/4/3 3810/4/3
f 3814/2/3 3813/2/3 3812/2/3
f 3815/2/3 3813/2/3 3814/2/3
f 3818/4/3 3817/4/3 3816/4/3
f 3819/4/3 3817/4/3 3818/4/3
f 3822/2/3 3821/2/3 3820/2/3
f 3823/2/3 3821/2/3 3822/2/3
f 3828/4/3 3827/4/3 3826/4/3
f 3829/4/3 3827/4/3 3828/4/3
f 3831/4/3 3825/4/3 3824/4/3
f 3832/4/3 3825/4/3 3831/4/3
f 3833/4/3 3827/4/3 3829/4/3
f 3834/4/3 3827/4/3 3833/4/3
f 3835/4/3 3831/4/3 3830/4/3
f 3836/4/3 3835/4/3 3834/4/3
f 3837/4/3 3831/4/3 3835/4/3
f 3837/4/3 3835/4/3 3836/4/3
f 3844/2/3 3839/2/3 3838/2/3
f 3845/2/3 3839/2/3 3844/2/3
f 3846/4/3 3843/4/3 3842/4/3
f 3847/4/3 3843/4/3 3846/4/3
f 3848/2/3 3844/2/3 3838/2/3
f 3849/2/3 3844/2/3 3848/2/3
f 3854/4/3 3851/4/3 3850/4/3
f 3856/4/3 3841/4/3 3840/4/3
f 3857/4/3 3853/4/3 3852/4/3
f 3858/4/3 3853/4/3 3857/4/3
f 3859/4/3 3854/4/3 3850/4/3
f 3861/4/3 3856/4/3 3855/4/3
f 3862/4/3 3841/4/3 3856/4/3
f 3862/4/3 3856/4/3 3861/4/3
f 3863/4/3 3853/4/3 3858/4/3
f 3864/4/3 3853/4/3 3863/4/3
f 3866/4/3 3860/4/3 3859/4/3
f 3866/4/3 3859/4/3 3850/4/3
f 3867/4/3 3860/4/3 3866/4/3
f 3871/4/3 3868/4/3 3867/4/3
f 3871/4/3 3867/4/3 3866/4/3
f 3871/4/3 3866/4/3 3865/4/3
f 3872/4/3 3868/4/3 3871/4/3
f 3873/4/3 3868/4/3 3872/4/3
f 3874/4/3 3870/4/3 3869/4/3
f 3876/4/3 3868/4/3 3873/4/3
f 3877/4/3 3868/4/3 3876/4/3
f 3879/4/3 3874/4/3 3869/4/3
f 3880/4/3 3874/4/3 3879/4/3
f 3881/4/3 3879/4/3 3878/4/3
f 3882/4/3 3879/4/3 3881/4/3
f 3883/4/3 3876/4/3 3875/4/3
f 3884/4/3 3876/4/3 3883/4/3
f 3890/4/3 3886/4/3 3885/4/3
f 3891/4/3 3886/4/3 3890/4/3
f 3892/4/3 3886/4/3 3891/4/3
f 3894/4/3 3888/4/3 3887/4/3
f 3895/4/3 3888/4/3 3894/4/3
f 3897/4/3 3890/4/3 3889/4/3
f 3897/4/3 3891/4/3 3890/4/3
f 3898/4/3 3891/4/3 3897/4/3
f 3899/4/3 3896/4/3 3895/4/3
f 3899/4/3 3895/4/3 3894/4/3
f 3899/4/3 3894/4/3 3893/4/3
f 3900/4/3 3896/4/3 3899/4/3
f 3901/4/3 3897/4/3 3889/4/3
f 3902/4/3 3897/4/3 3901/4/3
f 3905/2/3 3904/2/3 3903/2/3
f 3906/2/3 3904/2/3 3905/2/3
f 3907/4/3 3896/4/3 3900/4/3
f 3908/4/3 3896/4/3 3907/4/3
f 3910/4/3 3891/4/3 3898/4/3
f 3911/4/3 3891/4/3 3910/4/3
f 3912/4/3 3909/4/3 3908/4/3
f 3915/4/3 3912/4/3 3908/4/3
f 3916/4/3 3912/4/3 3915/4/3
f 3917/4/3 3914/4/3 3913/4/3
f 3918/4/3 3914/4/3 3917/4/3
f 3923/2/3 3920/2/3 3919/2/3
f 3924/2/3 3920/2/3 3923/2/3
f 3930/4/3 3922/4/3 3921/4/3
f 3931/4/3 3922/4/3 3930/4/3
f 3932/4/3 3922/4/3 3931/4/3
f 3937/2/3 3928/2/3 3927/2/3
f 3938/2/3 3928/2/3 3937/2/3
f 3939/4/3 3934/4/3 3933/4/3
f 3940/4/3 3934/4/3 3939/4/3
f 3941/4/3 3926/4/3 3925/4/3
f 3942/4/3 3926/4/3 3941/4/3
f 3943/4/3 3930/4/3 3929/4/3
f 3943/4/3 3931/4/3 3930/4/3
f 3944/4/3 3931/4/3 3943/4/3
f 3945/4/3 3931/4/3 3944/4/3
f 3950/4/3 3947/4/3 3946/4/3
f 3951/4/3 3947/4/3 3950/4/3
f 3952/4/3 3936/4/3 3935/4/3
f 3953/4/3 3936/4/3 3952/4/3
f 3954/4/3 3931/4/3 3945/4/3
f 3955/4/3 3931/4/3 3954/4/3
f 3957/4/3 3949/4/3 3948/4/3
f 3958/4/3 3954/4/3 3945/4/3
f 3959/4/3 3954/4/3 3958/4/3
f 3962/4/3 3956/4/3 3955/4/3
f 3963/4/3 3956/4/3 3962/4/3
f 3967/4/3 3957/4/3 3948/4/3
f 3967/4/3 3958/4/3 3957/4/3
f 3973/4/3 3961/4/3 3960/4/3
f 3974/4/3 3961/4/3 3973/4/3
f 3976/2/3 3965/2/3 3964/2/3
f 3977/4/3 3967/4/3 3966/4/3
f 3978/4/3 3958/4/3 3967/4/3
f 3978/4/3 3967/4/3 3977/4/3
f 3979/4/3 3969/4/3 3968/4/3
f 3982/4/3 3971/4/3 3970/4/3
f 3983/4/3 3971/4/3 3982/4/3
f 3984/4/3 3973/4/3 3972/4/3
f 3985/4/3 3973/4/3 3984/4/3
f 3986/2/3 3976/2/3 3975/2/3
f 3987/2/3 3965/2/3 3976/2/3
f 3987/2/3 3976/2/3 3986/2/3
f 3988/4/3 3981/4/3 3980/4/3
f 3989/4/3 3981/4/3 3988/4/3
f 3990/4/3 3983/4/3 3982/4/3
f 3990/4/3 3984/4/3 3983/4/3
f 3991/4/3 3984/4/3 3990/4/3
f 3992/4/3 3984/4/3 3991/4/3
f 3993/4/3 3979/4/3 3968/4/3
f 3994/4/3 3981/4/3 3989/4/3
f 3995/4/3 3981/4/3 3994/4/3
f 4000/4/3 3958/4/3 3978/4/3
f 4001/4/3 3958/4/3 4000/4/3
f 4002/4/3 3994/4/3 3993/4/3
f 4004/4/3 3999/4/3 3998/4/3
f 4005/4/3 3999/4/3 4004/4/3
f 4006/4/3 4000/4/3 3978/4/3
f 4007/4/3 4000/4/3 4006/4/3
f 4008/4/3 4003/4/3 4002/4/3
f 4008/4/3 3993/4/3 3968/4/3
f 4008/4/3 4002/4/3 3993/4/3
f 4009/4/3 3997/4/3 3996/4/3
f 4010/4/3 3997/4/3 4009/4/3
f 4011/4/3 4008/4/3 4007/4/3
f 4012/4/3 4003/4/3 4008/4/3
f 4012/4/3 4008/4/3 4011/4/3
f 4013/4/3 4003/4/3 4012/4/3
f 4014/4/3 4003/4/3 4013/4/3
f 4018/4/3 4016/4/3 4015/4/3
f 4019/4/3 4013/4/3 4012/4/3
f 4020/4/3 4013/4/3 4019/4/3
f 4021/4/3 4018/4/3 4017/4/3
f 4022/4/3 4019/4/3 4012/4/3
f 4023/4/3 4019/4/3 4022/4/3
f 4024/4/3 4019/4/3 4023/4/3
f 4025/4/3 4021/4/3 4020/4/3
f 4026/4/3 4016/4/3 4018/4/3
f 4026/4/3 4018/4/3 4021/4/3
f 4026/4/3 4021/4/3 4025/4/3
f 4027/4/3 4024/4/3 4023/4/3
f 4027/4/3 4025/4/3 4024/4/3
f 4028/4/3 4025/4/3 4027/4/3
f 4031/4/3 4030/4/3 4029/4/3
f 4032/4/3 4030/4/3 4031/4/3
f 4035/4/3 4031/4/3 4029/4/3
f 4036/4/3 4031/4/3 4035/4/3
f 4037/4/3 4031/4/3 4036/4/3
f 4038/4/3 4031/4/3 4037/4/3
f 4040/4/3 4034/4/3 4033/4/3
f 4041/4/3 4034/4/3 4040/4/3
f 4042/4/3 4037/4/3 4036/4/3
f 4043/4/3 4037/4/3 4042/4/3
f 4046/4/3 4040/4/3 4039/4/3
f 4047/4/3 4040/4/3 4046/4/3
f 4050/4/3 4037/4/3 4043/4/3
f 4051/4/3 4045/4/3 4044/4/3
f 4056/4/3 4049/4/3 4048/4/3
f 4057/4/3 4051/4/3 4050/4/3
f 4057/4/3 4050/4/3 4043/4/3
f 4058/4/3 4051/4/3 4057/4/3
f 4059/4/3 4045/4/3 4051/4/3
f 4059/4/3 4051/4/3 4058/4/3
f 4060/4/3 4045/4/3 4059/4/3
f 4062/4/3 4059/4/3 4058/4/3
f 4063/4/3 4059/4/3 4062/4/3
f 4064/4/3 4061/4/3 4060/4/3
f 4065/4/3 4061/4/3 4064/4/3
f 4067/4/3 4053/4/3 4052/4/3
f 4069/4/3 4055/4/3 4054/4/3
f 4070/4/3 4055/4/3 4069/4/3
f 4072/4/3 4067/4/3 4066/4/3
f 4073/4/3 4069/4/3 4068/4/3
f 4075/4/3 4057/4/3 4056/4/3
f 4077/4/3 4072/4/3 4071/4/3
f 4077/4/3 4067/4/3 4072/4/3
f 4078/4/3 4053/4/3 4067/4/3
f 4078/4/3 4067/4/3 4077/4/3
f 4080/4/3 4073/4/3 4068/4/3
f 4080/4/3 4074/4/3 4073/4/3
f 4081/4/3 4074/4/3 4080/4/3
f 4082/4/3 4077/4/3 4071/4/3
f 4083/4/3 4077/4/3 4082/4/3
f 4084/4/3 4080/4/3 4079/4/3
f 4085/4/3 4074/4/3 4081/4/3
f 4086/4/3 4074/4/3 4085/4/3
f 4087/4/3 4074/4/3 4086/4/3
f 4088/4/3 4056/4/3 4048/4/3
f 4088/4/3 4076/4/3 4075/4/3
f 4088/4/3 4075/4/3 4056/4/3
f 4089/4/3 4076/4/3 4088/4/3
f 4092/4/3 4053/4/3 4078/4/3
f 4093/4/3 4086/4/3 4085/4/3
f 4093/4/3 4085/4/3 4084/4/3
f 4094/4/3 4086/4/3 4093/4/3
f 4097/4/3 4091/4/3 4090/4/3
f 4098/4/3 4091/4/3 4097/4/3
f 4100/4/3 4053/4/3 4092/4/3
f 4101/4/3 4053/4/3 4100/4/3
f 4102/4/3 4084/4/3 4079/4/3
f 4102/4/3 4093/4/3 4084/4/3
f 4103/4/3 4093/4/3 4102/4/3
f 4104/4/3 4093/4/3 4103/4/3
f 4105/2/3 4096/2/3 4095/2/3
f 4106/2/3 4096/2/3 4105/2/3
f 4108/4/3 4100/4/3 4099/4/3
f 4109/4/3 4100/4/3 4108/4/3
f 4111/4/3 4103/4/3 4102/4/3
f 4112/4/3 4103/4/3 4111/4/3
f 4118/4/3 4108/4/3 4107/4/3
f 4119/4/3 4110/4/3 4109/4/3
f 4120/4/3 4110/4/3 4119/4/3
f 4122/2/3 4116/2/3 4115/2/3
f 4123/2/3 4116/2/3 4122/2/3
f 4124/4/3 4118/4/3 4117/4/3
f 4125/4/3 4108/4/3 4118/4/3
f 4125/4/3 4118/4/3 4124/4/3
f 4126/4/3 4108/4/3 4125/4/3
f 4128/4/3 4121/4/3 4120/4/3
f 4129/4/3 4121/4/3 4128/4/3
f 4131/4/3 4114/4/3 4113/4/3
f 4132/4/3 4114/4/3 4131/4/3
f 4134/4/3 4128/4/3 4127/4/3
f 4135/4/3 4131/4/3 4130/4/3
f 4136/4/3 4131/4/3 4135/4/3
f 4138/4/3 4134/4/3 4133/4/3
f 4139/4/3 4128/4/3 4134/4/3
f 4139/4/3 4134/4/3 4138/4/3
f 4140/4/3 4128/4/3 4139/4/3
f 4141/4/3 4138/4/3 4137/4/3
f 4141/4/3 4139/4/3 4138/4/3
f 4142/4/3 4139/4/3 4141/4/3
f 4145/4/3 4141/4/3 4137/4/3
f 4148/4/3 4141/4/3 4145/4/3
f 4149/4/3 4141/4/3 4148/4/3
f 4150/2/3 4144/2/3 4143/2/3
f 4151/2/3 4144/2/3 4150/2/3
f 4152/4/3 4147/4/3 4146/4/3
f 4153/4/3 4147/4/3 4152/4/3
f 4160/4/3 4155/4/3 4154/4/3
f 4161/4/3 4155/4/3 4160/4/3
f 4162/4/3 4155/4/3 4161/4/3
f 4163/4/3 4155/4/3 4162/4/3
f 4165/4/3 4157/4/3 4156/4/3
f 4166/4/3 4157/4/3 4165/4/3
f 4167/4/3 4159/4/3 4158/4/3
f 4170/4/3 4164/4/3 4163/4/3
f 4170/4/3 4163/4/3 4162/4/3
f 4172/4/3 4167/4/3 4166/4/3
f 4173/4/3 4159/4/3 4167/4/3
f 4173/4/3 4167/4/3 4172/4/3
f 4174/4/3 4169/4/3 4168/4/3
f 4175/4/3 4169/4/3 4174/4/3
f 4176/4/3 4171/4/3 4170/4/3
f 4176/4/3 4170/4/3 4162/4/3
f 4177/4/3 4171/4/3 4176/4/3
f 4178/4/3 4159/4/3 4173/4/3
f 4179/4/3 4159/4/3 4178/4/3
f 4183/4/3 4181/4/3 4180/4/3
f 4184/4/3 4181/4/3 4183/4/3
f 4185/4/3 4183/4/3 4182/4/3
f 4186/4/3 4183/4/3 4185/4/3
f 4189/4/3 4188/4/3 4187/4/3
f 4190/4/3 4188/4/3 4189/4/3
f 4195/4/3 4192/4/3 4191/4/3
f 4196/4/3 4192/4/3 4195/4/3
f 4197/4/3 4194/4/3 4193/4/3
f 4198/4/3 4194/4/3 4197/4/3
f 4199/4/3 4194/4/3 4198/4/3
f 4204/4/3 4200/4/3 4199/4/3
f 4204/4/3 4199/4/3 4198/4/3
f 4205/4/3 4202/4/3 4201/4/3
f 4206/4/3 4202/4/3 4205/4/3
f 4208/4/3 4204/4/3 4203/4/3
f 4211/4/3 4208/4/3 4207/4/3
f 4211/4/3 4200/4/3 4204/4/3
f 4211/4/3 4204/4/3 4208/4/3
f 4213/4/3 4210/4/3 4209/4/3
f 4214/4/3 4210/4/3 4213/4/3
f 4218/2/3 4217/2/3 4216/2/3
f 4219/2/3 4217/2/3 4218/2/3
f 4220/4/3 4211/4/3 4207/4/3
f 4221/4/3 4211/4/3 4220/4/3
f 4222/4/3 4213/4/3 4212/4/3
f 4223/4/3 4213/4/3 4222/4/3
f 4224/4/3 4215/4/3 4214/4/3
f 4225/4/3 4224/4/3 4223/4/3
f 4226/4/3 4215/4/3 4224/4/3
f 4226/4/3 4224/4/3 4225/4/3
f 4227/4/3 4222/4/3 4212/4/3
f 4228/4/3 4222/4/3 4227/4/3
f 4230/4/3 4229/4/3 4228/4/3
f 4231/4/3 4229/4/3 4230/4/3
f 4233/4/3 4215/4/3 4226/4/3
f 4241/4/3 4233/4/3 4232/4/3
f 4243/2/3 4235/2/3 4234/2/3
f 4244/2/3 4235/2/3 4243/2/3
f 4245/2/3 4235/2/3 4244/2/3
f 4246/2/3 4237/2/3 4236/2/3
f 4247/2/3 4237/2/3 4246/2/3
f 4254/4/3 4239/4/3 4238/4/3
f 4255/4/3 4239/4/3 4254/4/3
f 4256/4/3 4239/4/3 4255/4/3
f 4257/4/3 4227/4/3 4212/4/3
f 4258/4/3 4227/4/3 4257/4/3
f 4260/4/3 4241/4/3 4240/4/3
f 4261/4/3 4215/4/3 4233/4/3
f 4261/4/3 4233/4/3 4241/4/3
f 4261/4/3 4241/4/3 4260/4/3
f 4263/2/3 4243/2/3 4242/2/3
f 4263/2/3 4244/2/3 4243/2/3
f 4264/2/3 4244/2/3 4263/2/3
f 4265/2/3 4244/2/3 4264/2/3
f 4267/2/3 4248/2/3 4247/2/3
f 4268/2/3 4248/2/3 4267/2/3
f 4270/2/3 4250/2/3 4249/2/3
f 4272/4/3 4252/4/3 4251/4/3
f 4273/4/3 4252/4/3 4272/4/3
f 4274/4/3 4255/4/3 4254/4/3
f 4274/4/3 4254/4/3 4253/4/3
f 4275/4/3 4255/4/3 4274/4/3
f 4276/4/3 4257/4/3 4256/4/3
f 4277/4/3 4257/4/3 4276/4/3
f 4279/4/3 4262/4/3 4261/4/3
f 4279/4/3 4260/4/3 4259/4/3
f 4279/4/3 4261/4/3 4260/4/3
f 4280/4/3 4262/4/3 4279/4/3
f 4281/4/3 4262/4/3 4280/4/3
f 4282/4/3 4262/4/3 4281/4/3
f 4283/2/3 4264/2/3 4263/2/3
f 4284/2/3 4264/2/3 4283/2/3
f 4286/2/3 4269/2/3 4268/2/3
f 4286/2/3 4267/2/3 4266/2/3
f 4286/2/3 4268/2/3 4267/2/3
f 4287/2/3 4269/2/3 4286/2/3
f 4288/2/3 4269/2/3 4287/2/3
f 4289/2/3 4269/2/3 4288/2/3
f 4290/2/3 4271/2/3 4270/2/3
f 4290/2/3 4270/2/3 4249/2/3
f 4291/2/3 4271/2/3 4290/2/3
f 4295/4/3 4274/4/3 4253/4/3
f 4296/4/3 4274/4/3 4295/4/3
f 4300/2/3 4286/2/3 4285/2/3
f 4300/2/3 4287/2/3 4286/2/3
f 4301/2/3 4287/2/3 4300/2/3
f 4302/2/3 4287/2/3 4301/2/3
f 4303/2/3 4289/2/3 4288/2/3
f 4303/2/3 4290/2/3 4289/2/3
f 4304/2/3 4290/2/3 4303/2/3
f 4305/2/3 4271/2/3 4291/2/3
f 4306/2/3 4271/2/3 4305/2/3
f 4310/4/3 4298/4/3 4297/4/3
f 4311/4/3 4298/4/3 4310/4/3
f 4312/4/3 4280/4/3 4279/4/3
f 4312/4/3 4279/4/3 4278/4/3
f 4313/4/3 4280/4/3 4312/4/3
f 4314/4/3 4280/4/3 4313/4/3
f 4317/2/3 4301/2/3 4300/2/3
f 4317/2/3 4300/2/3 4299/2/3
f 4318/2/3 4301/2/3 4317/2/3
f 4319/2/3 4301/2/3 4318/2/3
f 4322/4/3 4313/4/3 4312/4/3
f 4322/4/3 4312/4/3 4311/4/3
f 4323/4/3 4313/4/3 4322/4/3
f 4324/4/3 4315/4/3 4314/4/3
f 4325/4/3 4315/4/3 4324/4/3
f 4326/2/3 4317/2/3 4316/2/3
f 4326/2/3 4318/2/3 4317/2/3
f 4327/2/3 4321/2/3 4320/2/3
f 4328/2/3 4321/2/3 4327/2/3
f 4329/2/3 4321/2/3 4328/2/3
f 4330/2/3 4307/2/3 4306/2/3
f 4331/2/3 4307/2/3 4330/2/3
f 4332/2/3 4326/2/3 4316/2/3
f 4332/2/3 4327/2/3 4326/2/3
f 4332/2/3 4328/2/3 4327/2/3
f 4333/2/3 4328/2/3 4332/2/3
f 4334/4/3 4309/4/3 4308/4/3
f 4335/4/3 4309/4/3 4334/4/3
f 4337/4/3 4322/4/3 4311/4/3
f 4338/2/3 4332/2/3 4316/2/3
f 4341/4/3 4337/4/3 4336/4/3
f 4342/2/3 4339/2/3 4338/2/3
f 4342/2/3 4338/2/3 4316/2/3
f 4343/2/3 4339/2/3 4342/2/3
f 4344/4/3 4334/4/3 4308/4/3
f 4345/4/3 4334/4/3 4344/4/3
f 4346/4/3 4341/4/3 4340/4/3
f 4346/4/3 4322/4/3 4337/4/3
f 4346/4/3 4337/4/3 4341/4/3
f 4348/4/3 4294/4/3 4293/4/3
f 4348/4/3 4293/4/3 4292/4/3
f 4349/4/3 4294/4/3 4348/4/3
f 4350/4/3 4347/4/3 4346/4/3
f 4350/4/3 4346/4/3 4340/4/3
f 4351/4/3 4347/4/3 4350/4/3
f 4352/4/3 4348/4/3 4292/4/3
f 4357/4/3 4347/4/3 4351/4/3
f 4358/4/3 4347/4/3 4357/4/3
f 4359/4/3 4347/4/3 4358/4/3
f 4361/4/3 4352/4/3 4292/4/3
f 4361/4/3 4353/4/3 4352/4/3
f 4362/4/3 4355/4/3 4354/4/3
f 4364/4/3 4358/4/3 4357/4/3
f 4364/4/3 4357/4/3 4356/4/3
f 4365/4/3 4358/4/3 4364/4/3
f 4368/4/3 4361/4/3 4360/4/3
f 4369/4/3 4353/4/3 4361/4/3
f 4369/4/3 4361/4/3 4368/4/3
f 4370/4/3 4363/4/3 4362/4/3
f 4370/4/3 4362/4/3 4354/4/3
f 4371/4/3 4363/4/3 4370/4/3
f 4372/4/3 4367/4/3 4366/4/3
f 4373/4/3 4367/4/3 4372/4/3
f 4374/4/3 4367/4/3 4373/4/3
f 4377/4/3 4353/4/3 4369/4/3
f 4378/4/3 4353/4/3 4377/4/3
f 4379/4/3 4376/4/3 4375/4/3
f 4380/4/3 4376/4/3 4379/4/3
f 4383/4/3 4382/4/3 4381/4/3
f 4384/4/3 4382/4/3 4383/4/3
f 4387/4/3 4386/4/3 4385/4/3
f 4388/4/3 4386/4/3 4387/4/3
f 4391/4/3 4390/4/3 4389/4/3
f 4392/4/3 4390/4/3 4391/4/3
f 4395/4/3 4394/4/3 4393/4/3
f 4398/4/3 4394/4/3 4395/4/3
f 4399/4/3 4394/4/3 4398/4/3
f 4400/2/3 4397/2/3 4396/2/3
f 4401/2/3 4397/2/3 4400/2/3
f 4404/2/3 4403/2/3 4402/2/3
f 4405/2/3 4403/2/3 4404/2/3
f 4410/2/3 4407/2/3 4406/2/3
f 4413/2/3 4409/2/3 4408/2/3
f 4414/2/3 4411/2/3 4410/2/3
f 4414/2/3 4410/2/3 4406/2/3
f 4415/2/3 4411/2/3 4414/2/3
f 4416/2/3 4411/2/3 4415/2/3
f 4420/2/3 4413/2/3 4412/2/3
f 4421/2/3 4409/2/3 4413/2/3
f 4421/2/3 4413/2/3 4420/2/3
f 4423/2/3 4417/2/3 4416/2/3
f 4423/2/3 4416/2/3 4415/2/3
f 4424/2/3 4417/2/3 4423/2/3
f 4425/2/3 4417/2/3 4424/2/3
f 4430/2/3 4424/2/3 4423/2/3
f 4430/2/3 4423/2/3 4422/2/3
f 4431/2/3 4424/2/3 4430/2/3
f 4433/4/3 4419/4/3 4418/4/3
f 4434/4/3 4419/4/3 4433/4/3
f 4437/4/3 4427/4/3 4426/4/3
f 4438/4/3 4427/4/3 4437/4/3
f 4439/2/3 4429/2/3 4428/2/3
f 4440/2/3 4429/2/3 4439/2/3
f 4443/2/3 4431/2/3 4430/2/3
f 4444/2/3 4431/2/3 4443/2/3
f 4445/2/3 4433/2/3 4432/2/3
f 4446/2/3 4433/2/3 4445/2/3
f 4447/2/3 4433/2/3 4446/2/3
f 4448/2/3 4436/2/3 4435/2/3
f 4450/2/3 4442/2/3 4441/2/3
f 4451/2/3 4442/2/3 4450/2/3
f 4452/2/3 4442/2/3 4451/2/3
f 4455/2/3 4431/2/3 4444/2/3
f 4456/2/3 4431/2/3 4455/2/3
f 4457/2/3 4447/2/3 4446/2/3
f 4457/2/3 4448/2/3 4447/2/3
f 4458/2/3 4436/2/3 4448/2/3
f 4458/2/3 4448/2/3 4457/2/3
f 4459/2/3 4450/2/3 4449/2/3
f 4459/2/3 4451/2/3 4450/2/3
f 4460/2/3 4451/2/3 4459/2/3
f 4462/2/3 4454/2/3 4453/2/3
f 4463/2/3 4454/2/3 4462/2/3
f 4464/2/3 4457/2/3 4446/2/3
f 4465/2/3 4457/2/3 4464/2/3
f 4466/2/3 4459/2/3 4449/2/3
f 4467/2/3 4459/2/3 4466/2/3
f 4469/2/3 4463/2/3 4462/2/3
f 4469/2/3 4464/2/3 4463/2/3
f 4469/2/3 4462/2/3 4461/2/3
f 4470/2/3 4464/2/3 4469/2/3
f 4471/2/3 4464/2/3 4470/2/3
f 4474/2/3 4469/2/3 4468/2/3
f 4474/2/3 4470/2/3 4469/2/3
f 4475/2/3 4470/2/3 4474/2/3
f 4476/2/3 4464/2/3 4471/2/3
f 4477/2/3 4464/2/3 4476/2/3
f 4478/2/3 4457/2/3 4465/2/3
f 4479/2/3 4457/2/3 4478/2/3
f 4480/2/3 4457/2/3 4479/2/3
f 4483/2/3 4479/2/3 4478/2/3
f 4483/2/3 4478/2/3 4477/2/3
f 4484/2/3 4479/2/3 4483/2/3
f 4487/4/3 4473/4/3 4472/4/3
f 4489/2/3 4482/2/3 4481/2/3
f 4490/2/3 4482/2/3 4489/2/3
f 4491/2/3 4482/2/3 4490/2/3
f 4492/2/3 4482/2/3 4491/2/3
f 4493/2/3 4482/2/3 4492/2/3
f 4494/2/3 4479/2/3 4484/2/3
f 4495/2/3 4479/2/3 4494/2/3
f 4498/2/3 4492/2/3 4491/2/3
f 4499/2/3 4492/2/3 4498/2/3
f 4501/4/3 4488/4/3 4487/4/3
f 4501/4/3 4487/4/3 4472/4/3
f 4502/4/3 4488/4/3 4501/4/3
f 4503/2/3 4497/2/3 4496/2/3
f 4504/2/3 4497/2/3 4503/2/3
f 4505/2/3 4500/2/3 4499/2/3
f 4506/2/3 4500/2/3 4505/2/3
f 4507/4/3 4486/4/3 4485/4/3
f 4508/4/3 4486/4/3 4507/4/3
f 4511/4/3 4486/4/3 4508/4/3
f 4512/4/3 4486/4/3 4511/4/3
f 4513/4/3 4510/4/3 4509/4/3
f 4514/4/3 4510/4/3 4513/4/3
f 4518/4/3 4516/4/3 4515/4/3
f 4519/4/3 4516/4/3 4518/4/3
f 4520/4/3 4516/4/3 4519/4/3
f 4521/4/3 4518/4/3 4517/4/3
f 4521/4/3 4519/4/3 4518/4/3
f 4522/4/3 4519/4/3 4521/4/3
f 4524/4/3 4521/4/3 4517/4/3
f 4525/4/3 4521/4/3 4524/4/3
f 4527/4/3 4523/4/3 4522/4/3
f 4528/4/3 4523/4/3 4527/4/3
f 4529/4/3 4527/4/3 4526/4/3
f 4530/4/3 4527/4/3 4529/4/3
f 4533/4/3 4532/4/3 4531/4/3
f 4534/4/3 4532/4/3 4533/4/3
f 4539/4/3 4536/4/3 4535/4/3
f 4540/4/3 4536/4/3 4539/4/3
f 4546/4/3 4538/4/3 4537/4/3
f 4547/4/3 4538/4/3 4546/4/3
f 4548/4/3 4540/4/3 4539/4/3
f 4548/4/3 4541/4/3 4540/4/3
f 4549/4/3 4541/4/3 4548/4/3
f 4550/4/3 4543/4/3 4542/4/3
f 4551/4/3 4543/4/3 4550/4/3
f 4554/4/3 4545/4/3 4544/4/3
f 4555/4/3 4545/4/3 4554/4/3
f 4556/4/3 4553/4/3 4552/4/3
f 4557/4/3 4553/4/3 4556/4/3
f 4563/2/3 4559/2/3 4558/2/3
f 4563/2/3 4560/2/3 4559/2/3
f 4564/2/3 4560/2/3 4563/2/3
f 4565/2/3 4560/2/3 4564/2/3
f 4566/2/3 4560/2/3 4565/2/3
f 4567/2/3 4560/2/3 4566/2/3
f 4568/2/3 4562/2/3 4561/2/3
f 4575/2/3 4565/2/3 4564/2/3
f 4576/2/3 4565/2/3 4575/2/3
f 4577/2/3 4567/2/3 4566/2/3
f 4577/2/3 4562/2/3 4568/2/3
f 4577/2/3 4568/2/3 4567/2/3
f 4579/2/3 4570/2/3 4569/2/3
f 4580/2/3 4570/2/3 4579/2/3
f 4581/2/3 4570/2/3 4580/2/3
f 4582/4/3 4572/4/3 4571/4/3
f 4583/4/3 4572/4/3 4582/4/3
f 4584/4/3 4572/4/3 4583/4/3
f 4588/2/3 4574/2/3 4573/2/3
f 4589/2/3 4574/2/3 4588/2/3
f 4591/2/3 4578/2/3 4577/2/3
f 4591/2/3 4577/2/3 4566/2/3
f 4592/2/3 4578/2/3 4591/2/3
f 4593/2/3 4578/2/3 4592/2/3
f 4595/2/3 4581/2/3 4580/2/3
f 4595/2/3 4583/2/3 4582/2/3
f 4595/2/3 4582/2/3 4581/2/3
f 4596/4/3 4587/4/3 4586/4/3
f 4597/4/3 4587/4/3 4596/4/3
f 4598/2/3 4592/2/3 4591/2/3
f 4598/2/3 4591/2/3 4590/2/3
f 4599/2/3 4592/2/3 4598/2/3
f 4600/2/3 4595/2/3 4594/2/3
f 4601/2/3 4583/2/3 4595/2/3
f 4601/2/3 4595/2/3 4600/2/3
f 4602/2/3 4585/2/3 4584/2/3
f 4603/2/3 4585/2/3 4602/2/3
f 4609/2/3 4605/2/3 4604/2/3
f 4610/2/3 4605/2/3 4609/2/3
f 4615/2/3 4609/2/3 4608/2/3
f 4615/2/3 4610/2/3 4609/2/3
f 4615/2/3 4611/2/3 4610/2/3
f 4616/2/3 4611/2/3 4615/2/3
f 4617/2/3 4611/2/3 4616/2/3
f 4618/2/3 4607/2/3 4606/2/3
f 4619/2/3 4607/2/3 4618/2/3
f 4620/2/3 4613/2/3 4612/2/3
f 4621/2/3 4615/2/3 4614/2/3
f 4621/2/3 4616/2/3 4615/2/3
f 4622/2/3 4616/2/3 4621/2/3
f 4623/2/3 4618/2/3 4617/2/3
f 4624/2/3 4618/2/3 4623/2/3
f 4626/2/3 4620/2/3 4612/2/3
f 4626/2/3 4621/2/3 4620/2/3
f 4627/2/3 4621/2/3 4626/2/3
f 4628/2/3 4616/2/3 4622/2/3
f 4629/2/3 4616/2/3 4628/2/3
f 4630/2/3 4626/2/3 4625/2/3
f 4631/2/3 4626/2/3 4630/2/3
f 4635/4/3 4633/4/3 4632/4/3
f 4635/4/3 4634/4/3 4633/4/3
f 4636/4/3 4634/4/3 4635/4/3
f 4637/4/3 4634/4/3 4636/4/3
f 4640/4/3 4639/4/3 4638/4/3
f 4641/4/3 4639/4/3 4640/4/3
f 4650/4/3 4645/4/3 4644/4/3
f 4651/4/3 4645/4/3 4650/4/3
f 4652/4/3 4647/4/3 4646/4/3
f 4653/4/3 4647/4/3 4652/4/3
f 4654/4/3 4649/4/3 4648/4/3
f 4655/4/3 4649/4/3 4654/4/3
f 4658/4/3 4643/4/3 4642/4/3
f 4659/4/3 4643/4/3 4658/4/3
f 4660/4/3 4656/4/3 4655/4/3
f 4661/4/3 4658/4/3 4657/4/3
f 4662/4/3 4658/4/3 4661/4/3
f 4663/4/3 4660/4/3 4655/4/3
f 4663/4/3 4661/4/3 4660/4/3
f 4664/4/3 4661/4/3 4663/4/3
f 4667/4/3 4666/4/3 4665/4/3
f 4668/4/3 4666/4/3 4667/4/3
f 4674/4/3 4670/4/3 4669/4/3
f 4675/4/3 4670/4/3 4674/4/3
f 4676/2/3 4673/2/3 4672/2/3
f 4676/2/3 4672/2/3 4671/2/3
f 4677/2/3 4673/2/3 4676/2/3
f 4679/2/3 4678/2/3 4677/2/3
f 4680/2/3 4678/2/3 4679/2/3
f 4686/2/3 4681/2/3 4680/2/3
f 4687/2/3 4681/2/3 4686/2/3
f 4688/2/3 4683/2/3 4682/2/3
f 4689/2/3 4683/2/3 4688/2/3
f 4693/2/3 4685/2/3 4684/2/3
f 4694/2/3 4685/2/3 4693/2/3
f 4695/2/3 4690/2/3 4689/2/3
f 4695/2/3 4689/2/3 4688/2/3
f 4696/2/3 4690/2/3 4695/2/3
f 4697/2/3 4692/2/3 4691/2/3
f 4698/2/3 4692/2/3 4697/2/3
f 4703/2/3 4700/2/3 4699/2/3
f 4704/2/3 4700/2/3 4703/2/3
f 4705/2/3 4702/2/3 4701/2/3
f 4706/2/3 4702/2/3 4705/2/3
f 4709/2/3 4705/2/3 4704/2/3
f 4710/2/3 4705/2/3 4709/2/3
f 4711/2/3 4708/2/3 4707/2/3
f 4713/2/3 4711/2/3 4707/2/3
f 4713/2/3 4712/2/3 4711/2/3
f 4714/2/3 4712/2/3 4713/2/3
f 4715/2/3 4713/2/3 4707/2/3
f 4716/2/3 4713/2/3 4715/2/3
f 4719/4/3 4718/4/3 4717/4/3
f 4720/4/3 4718/4/3 4719/4/3
f 4723/4/3 4722/4/3 4721/4/3
f 4724/4/3 4722/4/3 4723/4/3
f 4731/4/3 4726/4/3 4725/4/3
f 4732/4/3 4726/4/3 4731/4/3
f 4733/4/3 4728/4/3 4727/4/3
f 4735/4/3 4730/4/3 4729/4/3
f 4736/4/3 4730/4/3 4735/4/3
f 4737/4/3 4734/4/3 4733/4/3
f 4737/4/3 4733/4/3 4727/4/3
f 4738/4/3 4734/4/3 4737/4/3
f 4739/4/3 4734/4/3 4738/4/3
f 4742/4/3 4739/4/3 4738/4/3
f 4742/4/3 4740/4/3 4739/4/3
f 4743/4/3 4740/4/3 4742/4/3
f 4743/4/3 4742/4/3 4741/4/3
f 4744/4/3 4743/4/3 4741/4/3
f 4745/4/3 4743/4/3 4744/4/3
f 4749/4/3 4746/4/3 4745/4/3
f 4750/4/3 4746/4/3 4749/4/3
f 4751/2/3 4748/2/3 4747/2/3
f 4752/2/3 4748/2/3 4751/2/3
f 4755/4/3 4754/4/3 4753/4/3
f 4756/4/3 4754/4/3 4755/4/3
f 4759/4/3 4758/4/3 4757/4/3
f 4760/4/3 4758/4/3 4759/4/3
f 4766/2/3 4762/2/3 4761/2/3
f 4767/2/3 4762/2/3 4766/2/3
f 4769/2/3 4764/2/3 4763/2/3
f 4770/2/3 4764/2/3 4769/2/3
f 4771/2/3 4768/2/3 4767/2/3
f 4771/2/3 4766/2/3 4765/2/3
f 4771/2/3 4767/2/3 4766/2/3
f 4772/2/3 4768/2/3 4771/2/3
f 4777/4/3 4774/4/3 4773/4/3
f 4778/4/3 4774/4/3 4777/4/3
f 4779/4/3 4776/4/3 4775/4/3
f 4780/4/3 4776/4/3 4779/4/3
f 4783/4/3 4782/4/3 4781/4/3
f 4784/4/3 4782/4/3 4783/4/3
f 4793/4/3 4786/4/3 4785/4/3
f 4794/4/3 4786/4/3 4793/4/3
f 4795/4/3 4788/4/3 4787/4/3
f 4796/4/3 4788/4/3 4795/4/3
f 4797/4/3 4790/4/3 4789/4/3
f 4798/4/3 4790/4/3 4797/4/3
f 4799/4/3 4792/4/3 4791/4/3
f 4800/4/3 4792/4/3 4799/4/3
f 4803/4/3 4790/4/3 4798/4/3
f 4804/4/3 4790/4/3 4803/4/3
f 4805/4/3 4802/4/3 4801/4/3
f 4806/4/3 4802/4/3 4805/4/3
f 4813/4/3 4790/4/3 4804/4/3
f 4814/4/3 4790/4/3 4813/4/3
f 4815/4/3 4808/4/3 4807/4/3
f 4816/4/3 4808/4/3 4815/4/3
f 4817/4/3 4812/4/3 4811/4/3
f 4819/2/3 4810/2/3 4809/2/3
f 4820/2/3 4810/2/3 4819/2/3
f 4825/4/3 4818/4/3 4817/4/3
f 4825/4/3 4817/4/3 4811/4/3
f 4826/4/3 4818/4/3 4825/4/3
f 4827/4/3 4818/4/3 4826/4/3
f 4831/2/3 4822/2/3 4821/2/3
f 4832/2/3 4822/2/3 4831/2/3
f 4834/2/3 4824/2/3 4823/2/3
f 4835/2/3 4824/2/3 4834/2/3
f 4837/4/3 4828/4/3 4827/4/3
f 4837/4/3 4827/4/3 4826/4/3
f 4838/4/3 4828/4/3 4837/4/3
f 4839/2/3 4831/2/3 4821/2/3
f 4840/2/3 4831/2/3 4839/2/3
f 4841/2/3 4833/2/3 4832/2/3
f 4842/2/3 4833/2/3 4841/2/3
f 4843/2/3 4836/2/3 4835/2/3
f 4843/2/3 4835/2/3 4834/2/3
f 4844/2/3 4836/2/3 4843/2/3
f 4845/2/3 4838/2/3 4837/2/3
f 4846/2/3 4838/2/3 4845/2/3
f 4847/4/3 4830/4/3 4829/4/3
f 4848/4/3 4830/4/3 4847/4/3
f 4854/2/3 4850/2/3 4849/2/3
f 4855/2/3 4850/2/3 4854/2/3
f 4856/2/3 4850/2/3 4855/2/3
f 4857/2/3 4852/2/3 4851/2/3
f 4858/2/3 4852/2/3 4857/2/3
f 4859/2/3 4854/2/3 4853/2/3
f 4859/2/3 4855/2/3 4854/2/3
f 4860/2/3 4855/2/3 4859/2/3
f 4861/2/3 4857/2/3 4856/2/3
f 4862/2/3 4857/2/3 4861/2/3
f 4865/4/3 4864/4/3 4863/4/3
f 4866/4/3 4864/4/3 4865/4/3
f 4869/4/3 4868/4/3 4867/4/3
f 4870/4/3 4868/4/3 4869/4/3
f 4875/4/3 4872/4/3 4871/4/3
f 4876/4/3 4872/4/3 4875/4/3
f 4877/4/3 4874/4/3 4873/4/3
f 4878/4/3 4874/4/3 4877/4/3
f 4881/4/3 4880/4/3 4879/4/3
f 4882/4/3 4880/4/3 4881/4/3
f 4885/4/3 4884/4/3 4883/4/3
f 4886/4/3 4884/4/3 4885/4/3
f 4889/2/3 4888/2/3 4887/2/3
f 4890/2/3 4888/2/3 4889/2/3
f 4897/4/3 4892/4/3 4891/4/3
f 4897/4/3 4893/4/3 4892/4/3
f 4898/4/3 4895/4/3 4894/4/3
f 4899/4/3 4897/4/3 4896/4/3
f 4900/4/3 4893/4/3 4897/4/3
f 4900/4/3 4897/4/3 4899/4/3
f 4901/4/3 4893/4/3 4900/4/3
f 4902/4/3 4899/4/3 4898/4/3
f 4906/4/3 4898/4/3 4894/4/3
f 4906/4/3 4902/4/3 4898/4/3
f 4906/4/3 4903/4/3 4902/4/3
f 4907/4/3 4903/4/3 4906/4/3
f 4908/4/3 4905/4/3 4904/4/3
f 4909/4/3 4905/4/3 4908/4/3
f 4916/4/3 4911/4/3 4910/4/3
f 4917/4/3 4911/4/3 4916/4/3
f 4918/4/3 4913/4/3 4912/4/3
f 4919/4/3 4913/4/3 4918/4/3
f 4920/4/3 4915/4/3 4914/4/3
f 4921/4/3 4915/4/3 4920/4/3
f 4924/4/3 4923/4/3 4922/4/3
f 4925/4/3 4923/4/3 4924/4/3
f 4928/4/3 4927/4/3 4926/4/3
f 4929/4/3 4927/4/3 4928/4/3
f 4934/2/3 4931/2/3 4930/2/3
f 4935/2/3 4931/2/3 4934/2/3
f 4936/2/3 4933/2/3 4932/2/3
f 4937/2/3 4933/2/3 4936/2/3
f 4940/4/3 4939/4/3 4938/4/3
f 4942/4/3 4940/4/3 4938/4/3
f 4942/4/3 4941/4/3 4940/4/3
f 4943/4/3 4941/4/3 4942/4/3
f 4950/2/3 4945/2/3 4944/2/3
f 4951/2/3 4945/2/3 4950/2/3
f 4952/2/3 4947/2/3 4946/2/3
f 4953/2/3 4947/2/3 4952/2/3
f 4954/4/3 4949/4/3 4948/4/3
f 4955/4/3 4949/4/3 4954/4/3
f 4956/4/3 4942/4/3 4938/4/3
f 4957/4/3 4942/4/3 4956/4/3
f 4962/4/3 4959/4/3 4958/4/3
f 4963/4/3 4959/4/3 4962/4/3
f 4964/4/3 4961/4/3 4960/4/3
f 4965/4/3 4961/4/3 4964/4/3
f 4968/4/3 4967/4/3 4966/4/3
f 4969/4/3 4967/4/3 4968/4/3
f 4972/4/3 4971/4/3 4970/4/3
f 4973/4/3 4971/4/3 4972/4/3
f 4978/4/3 4975/4/3 4974/4/3
f 4979/4/3 4975/4/3 4978/4/3
f 4986/4/3 4977/4/3 4976/4/3
f 4987/4/3 4977/4/3 4986/4/3
f 4988/2/3 4981/2/3 4980/2/3
f 4989/2/3 4981/2/3 4988/2/3
f 4990/2/3 4983/2/3 4982/2/3
f 4991/2/3 4983/2/3 4990/2/3
f 4992/2/3 4985/2/3 4984/2/3
f 4993/2/3 4985/2/3 4992/2/3
f 4996/4/3 4995/4/3 4994/4/3
f 4997/4/3 4995/4/3 4996/4/3
f 5006/2/3 4999/2/3 4998/2/3
f 5007/2/3 4999/2/3 5006/2/3
f 5008/2/3 5001/2/3 5000/2/3
f 5009/2/3 5001/2/3 5008/2/3
f 5010/2/3 5003/2/3 5002/2/3
f 5011/2/3 5003/2/3 5010/2/3
f 5013/2/3 5005/2/3 5004/2/3
f 5014/2/3 5005/2/3 5013/2/3
f 5015/2/3 5013/2/3 5012/2/3
f 5016/2/3 5013/2/3 5015/2/3
f 5021/4/3 5018/4/3 5017/4/3
f 5022/4/3 5018/4/3 5021/4/3
f 5026/4/3 5024/4/3 5023/4/3
f 5026/4/3 5025/4/3 5024/4/3
f 5027/4/3 5025/4/3 5026/4/3
f 5028/4/3 5020/4/3 5019/4/3
f 5029/4/3 5020/4/3 5028/4/3
f 5034/4/3 5031/4/3 5030/4/3
f 5035/4/3 5031/4/3 5034/4/3
f 5036/4/3 5033/4/3 5032/4/3
f 5037/4/3 5033/4/3 5036/4/3
f 5039/4/3 5026/4/3 5023/4/3
f 5040/4/3 5026/4/3 5039/4/3
f 5041/4/3 5039/4/3 5038/4/3
f 5042/4/3 5039/4/3 5041/4/3
f 5045/4/3 5044/4/3 5043/4/3
f 5046/4/3 5044/4/3 5045/4/3
f 5050/2/3 5048/2/3 5047/2/3
f 5051/2/3 5048/2/3 5050/2/3
f 5054/2/3 5050/2/3 5049/2/3
f 5055/2/3 5050/2/3 5054/2/3
f 5056/2/3 5053/2/3 5052/2/3
f 5057/2/3 5053/2/3 5056/2/3
f 5060/4/3 5059/4/3 5058/4/3
f 5061/4/3 5059/4/3 5060/4/3
f 5072/4/3 5063/4/3 5062/4/3
f 5073/4/3 5063/4/3 5072/4/3
f 5074/2/3 5065/2/3 5064/2/3
f 5075/2/3 5065/2/3 5074/2/3
f 5076/2/3 5067/2/3 5066/2/3
f 5077/2/3 5067/2/3 5076/2/3
f 5078/2/3 5069/2/3 5068/2/3
f 5079/2/3 5069/2/3 5078/2/3
f 5080/2/3 5071/2/3 5070/2/3
f 5081/2/3 5071/2/3 5080/2/3
f 5084/2/3 5083/2/3 5082/2/3
f 5085/2/3 5083/2/3 5084/2/3
f 5090/4/3 5087/4/3 5086/4/3
f 5091/4/3 5087/4/3 5090/4/3
f 5092/4/3 5089/4/3 5088/4/3
f 5093/4/3 5089/4/3 5092/4/3
f 5098/4/3 5095/4/3 5094/4/3
f 5099/4/3 5095/4/3 5098/4/3
f 5100/4/3 5097/4/3 5096/4/3
f 5101/4/3 5097/4/3 5100/4/3
f 5104/4/3 5103/4/3 5102/4/3
f 5105/4/3 5103/4/3 5104/4/3
f 5108/4/3 5107/4/3 5106/4/3
f 5109/4/3 5107/4/3 5108/4/3
f 5112/4/3 5111/4/3 5110/4/3
f 5113/4/3 5111/4/3 5112/4/3
f 5116/4/3 5115/4/3 5114/4/3
f 5117/4/3 5115/4/3 5116/4/3
f 5120/4/3 5119/4/3 5118/4/3
f 5121/4/3 5119/4/3 5120/4/3
f 5126/4/3 5123/4/3 5122/4/3
f 5127/4/3 5123/4/3 5126/4/3
f 5128/4/3 5125/4/3 5124/4/3
f 5129/4/3 5125/4/3 5128/4/3
f 5132/4/3 5131/4/3 5130/4/3
f 5133/4/3 5131/4/3 5132/4/3
f 5136/2/3 5135/2/3 5134/2/3
f 5137/2/3 5135/2/3 5136/2/3
f 5142/4/3 5139/4/3 5138/4/3
f 5143/4/3 5139/4/3 5142/4/3
f 5144/4/3 5141/4/3 5140/4/3
f 5145/4/3 5141/4/3 5144/4/3
f 5150/2/3 5147/2/3 5146/2/3
f 5151/2/3 5147/2/3 5150/2/3
f 5152/2/3 5149/2/3 5148/2/3
f 5153/2/3 5149/2/3 5152/2/3
f 5154/2/3 5150/2/3 5146/2/3
f 5155/2/3 5150/2/3 5154/2/3
f 5158/2/3 5157/2/3 5156/2/3
f 5159/2/3 5157/2/3 5158/2/3
f 5163/2/3 5161/2/3 5160/2/3
f 5163/2/3 5162/2/3 5161/2/3
f 5164/2/3 5162/2/3 5163/2/3
f 5167/4/3 5166/4/3 5165/4/3
f 5168/4/3 5166/4/3 5167/4/3
f 5170/4/3 5166/4/3 5168/4/3
f 5171/4/3 5170/4/3 5169/4/3
f 5172/4/3 5166/4/3 5170/4/3
f 5172/4/3 5170/4/3 5171/4/3
f 5175/4/3 5174/4/3 5173/4/3
f 5176/4/3 5174/4/3 5175/4/3
f 5179/2/3 5178/2/3 5177/2/3
f 5180/2/3 5178/2/3 5179/2/3
f 5181/2/3 5178/2/3 5180/2/3
f 5184/4/3 5183/4/3 5182/4/3
f 5185/4/3 5183/4/3 5184/4/3
f 5188/2/3 5187/2/3 5186/2/3
f 5189/2/3 5187/2/3 5188/2/3
f 5192/4/3 5191/4/3 5190/4/3
f 5193/4/3 5191/4/3 5192/4/3
f 5196/4/3 5195/4/3 5194/4/3
f 5197/4/3 5195/4/3 5196/4/3
f 5200/4/3 5199/4/3 5198/4/3
f 5201/4/3 5199/4/3 5200/4/3
f 5206/4/3 5203/4/3 5202/4/3
f 5207/4/3 5203/4/3 5206/4/3
f 5208/4/3 5205/4/3 5204/4/3
f 5209/4/3 5205/4/3 5208/4/3
f 5212/4/3 5211/4/3 5210/4/3
f 5213/4/3 5211/4/3 5212/4/3
f 5216/4/3 5215/4/3 5214/4/3
f 5217/4/3 5215/4/3 5216/4/3
f 5220/4/3 5219/4/3 5218/4/3
f 5221/4/3 5219/4/3 5220/4/3
f 5225/4/3 5223/4/3 5222/4/3
f 5226/4/3 5223/4/3 5225/4/3
f 5228/4/3 5225/4/3 5224/4/3
f 5228/4/3 5227/4/3 5226/4/3
f 5228/4/3 5226/4/3 5225/4/3
f 5229/4/3 5227/4/3 5228/4/3
f 5232/4/3 5231/4/3 5230/4/3
f 5233/4/3 5231/4/3 5232/4/3
f 5236/4/3 5235/4/3 5234/4/3
f 5237/4/3 5235/4/3 5236/4/3
f 5240/4/3 5239/4/3 5238/4/3
f 5241/4/3 5239/4/3 5240/4/3
f 5244/4/3 5243/4/3 5242/4/3
f 5245/4/3 5243/4/3 5244/4/3
f 5248/4/3 5247/4/3 5246/4/3
f 5249/4/3 5247/4/3 5248/4/3
f 5254/2/3 5251/2/3 5250/2/3
f 5255/2/3 5251/2/3 5254/2/3
f 5256/4/3 5253/4/3 5252/4/3
f 5257/4/3 5253/4/3 5256/4/3
f 5260/4/3 5259/4/3 5258/4/3
f 5261/4/3 5259/4/3 5260/4/3
f 5264/4/3 5263/4/3 5262/4/3
f 5265/4/3 5263/4/3 5264/4/3
f 5266/4/3 5263/4/3 5265/4/3
f 5269/2/3 5268/2/3 5267/2/3
f 5270/2/3 5268/2/3 5269/2/3
f 5273/4/3 5272/4/3 5271/4/3
f 5274/4/3 5272/4/3 5273/4/3
f 5277/4/3 5276/4/3 5275/4/3
f 5278/4/3 5276/4/3 5277/4/3
f 5285/4/3 5280/4/3 5279/4/3
f 5286/4/3 5280/4/3 5285/4/3
f 5287/4/3 5282/4/3 5281/4/3
f 5288/4/3 5282/4/3 5287/4/3
f 5289/2/3 5284/2/3 5283/2/3
f 5290/2/3 5284/2/3 5289/2/3
f 5291/2/3 5284/2/3 5290/2/3
f 5292/2/3 5284/2/3 5291/2/3
f 5295/4/3 5294/4/3 5293/4/3
f 5296/4/3 5294/4/3 5295/4/3
f 5301/4/3 5300/4/3 5299/4/3
f 5302/4/3 5300/4/3 5301/4/3
f 5303/4/3 5298/4/3 5297/4/3
f 5304/4/3 5298/4/3 5303/4/3
f 5307/2/3 5306/2/3 5305/2/3
f 5308/2/3 5306/2/3 5307/2/3
f 5311/2/3 5310/2/3 5309/2/3
f 5312/2/3 5310/2/3 5311/2/3
f 5315/4/3 5314/4/3 5313/4/3
f 5316/4/3 5314/4/3 5315/4/3
f 5318/4/3 5317/4/3 5316/4/3
f 5319/4/3 5317/4/3 5318/4/3
f 5322/4/3 5321/4/3 5320/4/3
f 5323/4/3 5321/4/3 5322/4/3
f 5326/4/3 5325/4/3 5324/4/3
f 5327/4/3 5325/4/3 5326/4/3
f 5332/4/3 5329/4/3 5328/4/3
f 5333/4/3 5329/4/3 5332/4/3
f 5334/2/3 5331/2/3 5330/2/3
f 5335/2/3 5331/2/3 5334/2/3
f 5338/4/3 5337/4/3 5336/4/3
f 5339/4/3 5337/4/3 5338/4/3
f 5342/2/3 5341/2/3 5340/2/3
f 5343/2/3 5341/2/3 5342/2/3
f 5346/4/3 5345/4/3 5344/4/3
f 5347/4/3 5345/4/3 5346/4/3
f 5349/4/3 5348/4/3 5347/4/3
f 5350/4/3 5348/4/3 5349/4/3
f 5353/4/3 5352/4/3 5351/4/3
f 5354/4/3 5352/4/3 5353/4/3
f 5357/2/3 5356/2/3 5355/2/3
f 5358/2/3 5356/2/3 5357/2/3
f 5361/4/3 5360/4/3 5359/4/3
f 5362/4/3 5360/4/3 5361/4/3
f 5365/4/3 5364/4/3 5363/4/3
f 5366/4/3 5364/4/3 5365/4/3
f 5369/4/3 5368/4/3 5367/4/3
f 5370/4/3 5368/4/3 5369/4/3
f 5374/4/3 5371/4/3 5370/4/3
f 5375/4/3 5371/4/3 5374/4/3
f 5376/2/3 5373/2/3 5372/2/3
f 5377/2/3 5373/2/3 5376/2/3
f 5380/4/3 5379/4/3 5378/4/3
f 5381/4/3 5379/4/3 5380/4/3
f 5384/4/3 5383/4/3 5382/4/3
f 5385/4/3 5383/4/3 5384/4/3
f 5390/4/3 5387/4/3 5386/4/3
f 5391/4/3 5387/4/3 5390/4/3
f 5392/4/3 5389/4/3 5388/4/3
f 5393/4/3 5389/4/3 5392/4/3
f 5398/2/3 5395/2/3 5394/2/3
f 5399/2/3 5395/2/3 5398/2/3
f 5400/4/3 5397/4/3 5396/4/3
f 5401/4/3 5397/4/3 5400/4/3
f 5404/4/3 5403/4/3 5402/4/3
f 5405/4/3 5403/4/3 5404/4/3
f 5408/4/3 5407/4/3 5406/4/3
f 5409/4/3 5407/4/3 5408/4/3
f 5412/2/3 5411/2/3 5410/2/3
f 5413/2/3 5411/2/3 5412/2/3
f 5416/2/3 5415/2/3 5414/2/3
f 5417/2/3 5415/2/3 5416/2/3
f 5420/4/3 5419/4/3 5418/4/3
f 5421/4/3 5419/4/3 5420/4/3
f 5424/4/3 5423/4/3 5422/4/3
f 5425/4/3 5423/4/3 5424/4/3
f 5428/4/3 5427/4/3 5426/4/3
f 5429/4/3 5427/4/3 5428/4/3
f 5432/4/3 5431/4/3 5430/4/3
f 5433/4/3 5431/4/3 5432/4/3
f 5436/4/3 5435/4/3 5434/4/3
f 5437/4/3 5435/4/3 5436/4/3
f 5440/4/3 5439/4/3 5438/4/3
f 5441/4/3 5439/4/3 5440/4/3
f 5444/4/3 5443/4/3 5442/4/3
f 5445/4/3 5443/4/3 5444/4/3
f 5448/4/3 5447/4/3 5446/4/3
f 5449/4/3 5447/4/3 5448/4/3
f 5452/4/3 5451/4/3 5450/4/3
f 5453/4/3 5451/4/3 5452/4/3
f 5456/4/3 5455/4/3 5454/4/3
f 5457/4/3 5455/4/3 5456/4/3
f 5458/4/4 5459/4/4 5460/4/4
f 5460/4/4 5459/4/4 5461/4/4
f 5462/4/4 5463/4/4 5464/4/4
f 5464/4/4 5463/4/4 5465/4/4
f 5466/4/4 5467/4/4 5468/4/4
f 5468/4/4 5467/4/4 5469/4/4
f 5470/4/4 5471/4/4 5474/4/4
f 5474/4/4 5471/4/4 5475/4/4
f 5472/4/4 5473/4/4 5476/4/4
f 5476/4/4 5473/4/4 5477/4/4
f 5478/4/4 5479/4/4 5480/4/4
f 5480/4/4 5479/4/4 5481/4/4
f 5482/4/4 5483/4/4 5484/4/4
f 5484/4/4 5483/4/4 5485/4/4
f 5486/4/4 5487/4/4 5488/4/4
f 5488/4/4 5487/4/4 5489/4/4
f 5489/4/4 5487/4/4 5490/4/4
f 5491/4/4 5492/4/4 5493/4/4
f 5493/4/4 5492/4/4 5494/4/4
f 5495/4/4 5496/4/4 5497/4/4
f 5497/4/4 5496/4/4 5498/4/4
f 5499/4/4 5500/4/4 5501/4/4
f 5501/4/4 5500/4/4 5502/4/4
f 5503/4/4 5504/4/4 5505/4/4
f 5505/4/4 5504/4/4 5506/4/4
f 5507/4/4 5508/4/4 5509/4/4
f 5509/4/4 5508/4/4 5510/4/4
f 5511/4/4 5512/4/4 5513/4/4
f 5513/4/4 5512/4/4 5514/4/4
f 5515/2/4 5516/2/4 5517/2/4
f 5517/2/4 5516/2/4 5518/2/4
f 5519/4/4 5520/4/4 5521/4/4
f 5521/4/4 5520/4/4 5522/4/4
f 5523/4/4 5524/4/4 5525/4/4
f 5525/4/4 5524/4/4 5526/4/4
f 5527/4/4 5528/4/4 5529/4/4
f 5529/4/4 5528/4/4 5530/4/4
f 5531/4/4 5532/4/4 5533/4/4
f 5533/4/4 5532/4/4 5534/4/4
f 5535/2/4 5536/2/4 5537/2/4
f 5537/2/4 5536/2/4 5538/2/4
f 5539/4/4 5540/4/4 5541/4/4
f 5541/4/4 5540/4/4 5542/4/4
f 5543/2/4 5544/2/4 5545/2/4
f 5545/2/4 5544/2/4 5546/2/4
f 5547/4/4 5548/4/4 5551/4/4
f 5551/4/4 5548/4/4 5552/4/4
f 5549/4/4 5550/4/4 5553/4/4
f 5553/4/4 5550/4/4 5554/4/4
f 5555/4/4 5556/4/4 5557/4/4
f 5557/4/4 5556/4/4 5558/4/4
f 5559/4/4 5560/4/4 5563/4/4
f 5563/4/4 5560/4/4 5564/4/4
f 5561/2/4 5562/2/4 5565/2/4
f 5565/2/4 5562/2/4 5566/2/4
f 5567/4/4 5568/4/4 5571/4/4
f 5571/4/4 5568/4/4 5572/4/4
f 5569/4/4 5570/4/4 5573/4/4
f 5573/4/4 5570/4/4 5574/4/4
f 5575/4/4 5576/4/4 5577/4/4
f 5577/4/4 5576/4/4 5578/4/4
f 5579/2/4 5580/2/4 5581/2/4
f 5581/2/4 5580/2/4 5582/2/4
f 5582/2/4 5580/2/4 5583/2/4
f 5584/4/4 5585/4/4 5586/4/4
f 5586/4/4 5585/4/4 5587/4/4
f 5587/4/4 5585/4/4 5589/4/4
f 5588/4/4 5589/4/4 5590/4/4
f 5589/4/4 5585/4/4 5591/4/4
f 5590/4/4 5589/4/4 5591/4/4
f 5594/2/4 5595/2/4 5597/2/4
f 5592/4/4 5593/4/4 5598/4/4
f 5598/4/4 5593/4/4 5599/4/4
f 5596/2/4 5597/2/4 5602/2/4
f 5597/2/4 5595/2/4 5602/2/4
f 5599/4/4 5593/4/4 5604/4/4
f 5604/4/4 5593/4/4 5605/4/4
f 5600/4/4 5601/4/4 5606/4/4
f 5606/4/4 5601/4/4 5607/4/4
f 5602/2/4 5603/2/4 5608/2/4
f 5596/2/4 5602/2/4 5608/2/4
f 5608/2/4 5603/2/4 5609/2/4
f 5610/4/4 5611/4/4 5612/4/4
f 5612/4/4 5611/4/4 5613/4/4
f 5616/4/4 5617/4/4 5620/4/4
f 5620/4/4 5617/4/4 5621/4/4
f 5618/4/4 5619/4/4 5622/4/4
f 5622/4/4 5619/4/4 5623/4/4
f 5614/4/4 5615/4/4 5625/4/4
f 5624/4/4 5625/4/4 5626/4/4
f 5625/4/4 5615/4/4 5627/4/4
f 5626/4/4 5625/4/4 5627/4/4
f 5627/4/4 5615/4/4 5628/4/4
f 5628/4/4 5615/4/4 5629/4/4
f 5630/2/4 5631/2/4 5634/2/4
f 5634/2/4 5631/2/4 5635/2/4
f 5632/2/4 5633/2/4 5636/2/4
f 5636/2/4 5633/2/4 5637/2/4
f 5627/4/4 5628/4/4 5638/4/4
f 5638/4/4 5628/4/4 5639/4/4
f 5640/4/4 5641/4/4 5642/4/4
f 5642/4/4 5641/4/4 5643/4/4
f 5644/4/4 5645/4/4 5646/4/4
f 5646/4/4 5645/4/4 5647/4/4
f 5648/4/4 5649/4/4 5650/4/4
f 5650/4/4 5649/4/4 5651/4/4
f 5652/4/4 5653/4/4 5654/4/4
f 5654/4/4 5653/4/4 5655/4/4
f 5656/4/4 5657/4/4 5658/4/4
f 5658/4/4 5657/4/4 5659/4/4
f 5660/4/4 5661/4/4 5662/4/4
f 5662/4/4 5661/4/4 5663/4/4
f 5664/2/4 5665/2/4 5669/2/4
f 5665/2/4 5666/2/4 5669/2/4
f 5669/2/4 5666/2/4 5670/2/4
f 5671/2/4 5672/2/4 5673/2/4
f 5673/2/4 5672/2/4 5674/2/4
f 5667/4/4 5668/4/4 5675/4/4
f 5675/4/4 5668/4/4 5676/4/4
f 5677/4/4 5678/4/4 5679/4/4
f 5679/4/4 5678/4/4 5680/4/4
f 5681/4/4 5682/4/4 5683/4/4
f 5683/4/4 5682/4/4 5684/4/4
f 5685/4/4 5686/4/4 5687/4/4
f 5687/4/4 5686/4/4 5688/4/4
f 5689/4/4 5690/4/4 5691/4/4
f 5691/4/4 5690/4/4 5692/4/4
f 5693/4/4 5694/4/4 5695/4/4
f 5695/4/4 5694/4/4 5696/4/4
f 5697/2/4 5698/2/4 5699/2/4
f 5699/2/4 5698/2/4 5700/2/4
f 5701/2/4 5702/2/4 5703/2/4
f 5703/2/4 5702/2/4 5704/2/4
f 5705/2/4 5706/2/4 5707/2/4
f 5707/2/4 5706/2/4 5708/2/4
f 5709/4/4 5710/4/4 5711/4/4
f 5711/4/4 5710/4/4 5712/4/4
f 5713/2/4 5714/2/4 5715/2/4
f 5715/2/4 5714/2/4 5716/2/4
f 5717/4/4 5718/4/4 5721/4/4
f 5721/4/4 5718/4/4 5722/4/4
f 5719/4/4 5720/4/4 5723/4/4
f 5723/4/4 5720/4/4 5724/4/4
f 5727/4/4 5728/4/4 5729/4/4
f 5729/4/4 5728/4/4 5730/4/4
f 5731/4/4 5732/4/4 5733/4/4
f 5733/4/4 5732/4/4 5734/4/4
f 5725/4/4 5726/4/4 5736/4/4
f 5736/4/4 5726/4/4 5737/4/4
f 5735/4/4 5736/4/4 5738/4/4
f 5738/4/4 5736/4/4 5739/4/4
f 5735/4/4 5738/4/4 5740/4/4
f 5740/4/4 5738/4/4 5741/4/4
f 5742/4/4 5743/4/4 5744/4/4
f 5744/4/4 5743/4/4 5745/4/4
f 5746/2/4 5747/2/4 5748/2/4
f 5748/2/4 5747/2/4 5749/2/4
f 5750/2/4 5751/2/4 5752/2/4
f 5750/2/4 5752/2/4 5753/2/4
f 5753/2/4 5752/2/4 5754/2/4
f 5755/4/4 5756/4/4 5757/4/4
f 5757/4/4 5756/4/4 5758/4/4
f 5759/2/4 5760/2/4 5761/2/4
f 5761/2/4 5760/2/4 5762/2/4
f 5763/2/4 5764/2/4 5766/2/4
f 5766/2/4 5764/2/4 5767/2/4
f 5765/2/4 5766/2/4 5770/2/4
f 5770/2/4 5766/2/4 5771/2/4
f 5768/4/4 5769/4/4 5772/4/4
f 5772/4/4 5769/4/4 5773/4/4
f 5774/4/4 5775/4/4 5776/4/4
f 5776/4/4 5775/4/4 5777/4/4
f 5777/4/4 5778/4/4 5779/4/4
f 5779/4/4 5778/4/4 5780/4/4
f 5781/4/4 5782/4/4 5785/4/4
f 5785/4/4 5782/4/4 5786/4/4
f 5783/2/4 5784/2/4 5787/2/4
f 5787/2/4 5784/2/4 5788/2/4
f 5789/4/4 5790/4/4 5791/4/4
f 5791/4/4 5790/4/4 5792/4/4
f 5793/2/4 5794/2/4 5795/2/4
f 5795/2/4 5794/2/4 5796/2/4
f 5797/4/4 5798/4/4 5799/4/4
f 5799/4/4 5798/4/4 5800/4/4
f 5801/4/4 5802/4/4 5807/4/4
f 5807/4/4 5802/4/4 5808/4/4
f 5803/4/4 5804/4/4 5809/4/4
f 5809/4/4 5804/4/4 5810/4/4
f 5805/4/4 5806/4/4 5811/4/4
f 5811/4/4 5806/4/4 5812/4/4
f 5813/4/4 5814/4/4 5815/4/4
f 5815/4/4 5814/4/4 5816/4/4
f 5817/4/4 5818/4/4 5821/4/4
f 5821/4/4 5818/4/4 5822/4/4
f 5819/2/4 5820/2/4 5823/2/4
f 5823/2/4 5820/2/4 5824/2/4
f 5824/2/4 5825/2/4 5830/2/4
f 5830/2/4 5825/2/4 5831/2/4
f 5826/2/4 5827/2/4 5832/2/4
f 5832/2/4 5827/2/4 5833/2/4
f 5828/4/4 5829/4/4 5834/4/4
f 5834/4/4 5829/4/4 5835/4/4
f 5836/2/4 5837/2/4 5838/2/4
f 5838/2/4 5837/2/4 5839/2/4
f 5840/4/4 5841/4/4 5842/4/4
f 5842/4/4 5841/4/4 5843/4/4
f 5844/4/4 5845/4/4 5851/4/4
f 5846/4/4 5847/4/4 5852/4/4
f 5852/4/4 5847/4/4 5853/4/4
f 5848/4/4 5849/4/4 5854/4/4
f 5854/4/4 5849/4/4 5855/4/4
f 5850/4/4 5851/4/4 5856/4/4
f 5851/4/4 5845/4/4 5857/4/4
f 5856/4/4 5851/4/4 5857/4/4
f 5858/4/4 5859/4/4 5862/4/4
f 5862/4/4 5859/4/4 5863/4/4
f 5860/4/4 5861/4/4 5864/4/4
f 5864/4/4 5861/4/4 5865/4/4
f 5866/4/4 5867/4/4 5868/4/4
f 5868/4/4 5867/4/4 5869/4/4
f 5870/4/4 5871/4/4 5878/4/4
f 5878/4/4 5871/4/4 5879/4/4
f 5872/4/4 5873/4/4 5880/4/4
f 5880/4/4 5873/4/4 5881/4/4
f 5874/2/4 5875/2/4 5882/2/4
f 5882/2/4 5875/2/4 5883/2/4
f 5876/2/4 5877/2/4 5884/2/4
f 5884/2/4 5877/2/4 5885/2/4
f 5886/2/4 5887/2/4 5888/2/4
f 5888/2/4 5887/2/4 5889/2/4
f 5890/2/4 5891/2/4 5892/2/4
f 5892/2/4 5891/2/4 5893/2/4
f 5894/4/4 5895/4/4 5896/4/4
f 5896/4/4 5895/4/4 5897/4/4
f 5898/4/4 5899/4/4 5902/4/4
f 5902/4/4 5899/4/4 5903/4/4
f 5900/4/4 5901/4/4 5904/4/4
f 5904/4/4 5901/4/4 5905/4/4
f 5906/2/4 5907/2/4 5908/2/4
f 5908/2/4 5907/2/4 5909/2/4
f 5909/2/4 5910/2/4 5915/2/4
f 5915/2/4 5910/2/4 5916/2/4
f 5911/2/4 5912/2/4 5917/2/4
f 5917/2/4 5912/2/4 5918/2/4
f 5913/2/4 5914/2/4 5919/2/4
f 5919/2/4 5914/2/4 5920/2/4
f 5921/4/4 5922/4/4 5924/4/4
f 5924/4/4 5922/4/4 5925/4/4
f 5926/2/4 5927/2/4 5932/2/4
f 5932/2/4 5927/2/4 5933/2/4
f 5928/2/4 5929/2/4 5934/2/4
f 5934/2/4 5929/2/4 5935/2/4
f 5930/4/4 5931/4/4 5936/4/4
f 5936/4/4 5931/4/4 5937/4/4
f 5937/4/4 5931/4/4 5938/4/4
f 5938/4/4 5931/4/4 5939/4/4
f 5937/4/4 5938/4/4 5941/4/4
f 5941/4/4 5938/4/4 5942/4/4
f 5923/4/4 5924/4/4 5944/4/4
f 5944/4/4 5924/4/4 5945/4/4
f 5942/4/4 5943/4/4 5946/4/4
f 5941/4/4 5942/4/4 5946/4/4
f 5940/4/4 5941/4/4 5946/4/4
f 5946/4/4 5943/4/4 5947/4/4
f 5947/4/4 5943/4/4 5948/4/4
f 5948/4/4 5943/4/4 5949/4/4
f 5950/4/4 5951/4/4 5952/4/4
f 5952/4/4 5951/4/4 5953/4/4
f 5953/4/4 5951/4/4 5954/4/4
f 5953/4/4 5954/4/4 5955/4/4
f 5955/4/4 5954/4/4 5956/4/4
f 5957/4/4 5958/4/4 5959/4/4
f 5959/4/4 5958/4/4 5960/4/4
f 5961/4/4 5962/4/4 5963/4/4
f 5963/4/4 5962/4/4 5964/4/4
f 5965/4/4 5966/4/4 5967/4/4
f 5967/4/4 5966/4/4 5968/4/4
f 5968/4/4 5969/4/4 5970/4/4
f 5970/4/4 5969/4/4 5971/4/4
f 5972/2/4 5973/2/4 5974/2/4
f 5974/2/4 5973/2/4 5975/2/4
f 5976/4/4 5977/4/4 5978/4/4
f 5978/4/4 5977/4/4 5979/4/4
f 5980/2/4 5981/2/4 5986/2/4
f 5986/2/4 5981/2/4 5987/2/4
f 5982/2/4 5983/2/4 5988/2/4
f 5988/2/4 5983/2/4 5989/2/4
f 5984/2/4 5985/2/4 5990/2/4
f 5990/2/4 5985/2/4 5991/2/4
f 5992/4/4 5993/4/4 5994/4/4
f 5994/4/4 5993/4/4 5995/4/4
f 5996/4/4 5997/4/4 5998/4/4
f 5998/4/4 5997/4/4 5999/4/4
f 5999/4/4 6000/4/4 6002/4/4
f 6002/4/4 6000/4/4 6003/4/4
f 6004/4/4 6005/4/4 6008/4/4
f 6008/4/4 6005/4/4 6009/4/4
f 6006/4/4 6007/4/4 6010/4/4
f 6010/4/4 6007/4/4 6011/4/4
f 6001/4/4 6002/4/4 6013/4/4
f 6013/4/4 6002/4/4 6014/4/4
f 6012/4/4 6013/4/4 6015/4/4
f 6015/4/4 6013/4/4 6016/4/4
f 6017/4/4 6018/4/4 6021/4/4
f 6021/4/4 6018/4/4 6022/4/4
f 6019/4/4 6020/4/4 6023/4/4
f 6023/4/4 6020/4/4 6024/4/4
f 6025/4/4 6026/4/4 6027/4/4
f 6027/4/4 6026/4/4 6028/4/4
f 6029/2/4 6030/2/4 6031/2/4
f 6031/2/4 6030/2/4 6032/2/4
f 6032/2/4 6033/2/4 6036/2/4
f 6034/2/4 6035/2/4 6037/2/4
f 6032/2/4 6036/2/4 6040/2/4
f 6036/2/4 6037/2/4 6040/2/4
f 6037/2/4 6035/2/4 6041/2/4
f 6040/2/4 6037/2/4 6041/2/4
f 6038/2/4 6039/2/4 6042/2/4
f 6042/2/4 6039/2/4 6043/2/4
f 6044/4/4 6045/4/4 6046/4/4
f 6046/4/4 6045/4/4 6047/4/4
f 6048/4/4 6049/4/4 6050/4/4
f 6050/4/4 6049/4/4 6051/4/4
f 6052/4/4 6053/4/4 6062/4/4
f 6062/4/4 6053/4/4 6063/4/4
f 6054/2/4 6055/2/4 6064/2/4
f 6056/2/4 6057/2/4 6065/2/4
f 6065/2/4 6057/2/4 6066/2/4
f 6066/2/4 6057/2/4 6067/2/4
f 6067/2/4 6057/2/4 6068/2/4
f 6058/2/4 6059/2/4 6070/2/4
f 6070/2/4 6059/2/4 6071/2/4
f 6071/2/4 6059/2/4 6072/2/4
f 6060/2/4 6061/2/4 6073/2/4
f 6073/2/4 6061/2/4 6074/2/4
f 6054/2/4 6064/2/4 6075/2/4
f 6075/2/4 6064/2/4 6076/2/4
f 6065/2/4 6066/2/4 6077/2/4
f 6077/2/4 6066/2/4 6078/2/4
f 6067/2/4 6068/2/4 6079/2/4
f 6079/2/4 6068/2/4 6080/2/4
f 6069/2/4 6070/2/4 6081/2/4
f 6081/2/4 6070/2/4 6082/2/4
f 6071/2/4 6072/2/4 6083/2/4
f 6083/2/4 6072/2/4 6084/2/4
f 6085/2/4 6086/2/4 6087/2/4
f 6087/2/4 6086/2/4 6088/2/4
f 6089/4/4 6090/4/4 6091/4/4
f 6091/4/4 6090/4/4 6092/4/4
f 6093/4/4 6094/4/4 6097/4/4
f 6097/4/4 6094/4/4 6098/4/4
f 6095/4/4 6096/4/4 6099/4/4
f 6099/4/4 6096/4/4 6100/4/4
f 6101/4/4 6102/4/4 6105/4/4
f 6105/4/4 6102/4/4 6106/4/4
f 6103/4/4 6104/4/4 6107/4/4
f 6107/4/4 6104/4/4 6108/4/4
f 6109/4/4 6110/4/4 6113/4/4
f 6113/4/4 6110/4/4 6114/4/4
f 6111/4/4 6112/4/4 6115/4/4
f 6115/4/4 6112/4/4 6116/4/4
f 6117/2/4 6118/2/4 6120/2/4
f 6119/2/4 6120/2/4 6121/2/4
f 6120/2/4 6118/2/4 6122/2/4
f 6121/2/4 6120/2/4 6122/2/4
f 6123/4/4 6124/4/4 6125/4/4
f 6125/4/4 6124/4/4 6126/4/4
f 6127/4/4 6128/4/4 6129/4/4
f 6129/4/4 6128/4/4 6130/4/4
f 6131/4/4 6132/4/4 6133/4/4
f 6133/4/4 6132/4/4 6134/4/4
f 6134/4/4 6132/4/4 6139/4/4
f 6139/4/4 6132/4/4 6140/4/4
f 6135/2/4 6136/2/4 6142/2/4
f 6142/2/4 6136/2/4 6143/2/4
f 6137/2/4 6138/2/4 6144/2/4
f 6144/2/4 6138/2/4 6145/2/4
f 6140/4/4 6141/4/4 6147/4/4
f 6147/4/4 6141/4/4 6148/4/4
f 6149/2/4 6150/2/4 6151/2/4
f 6151/2/4 6150/2/4 6152/2/4
f 6153/2/4 6154/2/4 6157/2/4
f 6157/2/4 6154/2/4 6158/2/4
f 6155/4/4 6156/4/4 6159/4/4
f 6159/4/4 6156/4/4 6160/4/4
f 6146/4/4 6147/4/4 6161/4/4
f 6161/4/4 6147/4/4 6162/4/4
f 6163/4/4 6164/4/4 6168/4/4
f 6168/4/4 6164/4/4 6169/4/4
f 6165/4/4 6166/4/4 6171/4/4
f 6171/4/4 6166/4/4 6172/4/4
f 6169/4/4 6170/4/4 6173/4/4
f 6167/4/4 6168/4/4 6173/4/4
f 6168/4/4 6169/4/4 6173/4/4
f 6173/4/4 6170/4/4 6174/4/4
f 6175/4/4 6176/4/4 6177/4/4
f 6177/4/4 6176/4/4 6178/4/4
f 6181/2/4 6182/2/4 6187/2/4
f 6187/2/4 6182/2/4 6188/2/4
f 6183/2/4 6184/2/4 6189/2/4
f 6179/4/4 6180/4/4 6192/4/4
f 6192/4/4 6180/4/4 6193/4/4
f 6193/4/4 6180/4/4 6194/4/4
f 6189/2/4 6190/2/4 6198/2/4
f 6183/2/4 6189/2/4 6198/2/4
f 6198/2/4 6190/2/4 6199/2/4
f 6199/2/4 6190/2/4 6200/2/4
f 6185/4/4 6186/4/4 6201/4/4
f 6201/4/4 6186/4/4 6202/4/4
f 6192/4/4 6193/4/4 6203/4/4
f 6191/4/4 6192/4/4 6203/4/4
f 6203/4/4 6193/4/4 6204/4/4
f 6194/4/4 6195/4/4 6206/4/4
f 6206/4/4 6195/4/4 6207/4/4
f 6196/2/4 6197/2/4 6208/2/4
f 6208/2/4 6197/2/4 6209/2/4
f 6198/2/4 6199/2/4 6210/2/4
f 6210/2/4 6199/2/4 6211/2/4
f 6200/2/4 6201/2/4 6212/2/4
f 6212/2/4 6201/2/4 6213/2/4
f 6205/4/4 6206/4/4 6215/4/4
f 6214/4/4 6215/4/4 6216/4/4
f 6215/4/4 6206/4/4 6217/4/4
f 6216/4/4 6215/4/4 6217/4/4
f 6218/2/4 6219/2/4 6223/2/4
f 6223/2/4 6219/2/4 6224/2/4
f 6224/2/4 6219/2/4 6225/2/4
f 6220/2/4 6221/2/4 6228/2/4
f 6228/2/4 6221/2/4 6229/2/4
f 6229/2/4 6221/2/4 6230/2/4
f 6222/2/4 6223/2/4 6231/2/4
f 6231/2/4 6223/2/4 6232/2/4
f 6226/4/4 6227/4/4 6233/4/4
f 6233/4/4 6227/4/4 6234/4/4
f 6235/2/4 6236/2/4 6237/2/4
f 6237/2/4 6236/2/4 6238/2/4
f 6239/2/4 6240/2/4 6243/2/4
f 6243/2/4 6240/2/4 6244/2/4
f 6241/2/4 6242/2/4 6245/2/4
f 6245/2/4 6242/2/4 6246/2/4
f 6247/4/4 6248/4/4 6249/4/4
f 6249/4/4 6248/4/4 6250/4/4
f 6251/4/4 6252/4/4 6253/4/4
f 6253/4/4 6252/4/4 6254/4/4
f 6255/4/4 6256/4/4 6257/4/4
f 6257/4/4 6256/4/4 6258/4/4
f 6261/4/4 6262/4/4 6263/4/4
f 6263/4/4 6262/4/4 6264/4/4
f 6265/2/4 6266/2/4 6267/2/4
f 6267/2/4 6266/2/4 6268/2/4
f 6268/2/4 6266/2/4 6269/2/4
f 6259/4/4 6260/4/4 6270/4/4
f 6259/4/4 6270/4/4 6271/4/4
f 6271/4/4 6270/4/4 6272/4/4
f 6273/4/4 6274/4/4 6283/4/4
f 6283/4/4 6274/4/4 6284/4/4
f 6284/4/4 6274/4/4 6285/4/4
f 6275/2/4 6276/2/4 6288/2/4
f 6288/2/4 6276/2/4 6289/2/4
f 6277/2/4 6278/2/4 6290/2/4
f 6290/2/4 6278/2/4 6291/2/4
f 6279/4/4 6280/4/4 6292/4/4
f 6292/4/4 6280/4/4 6293/4/4
f 6281/4/4 6282/4/4 6295/4/4
f 6282/4/4 6283/4/4 6295/4/4
f 6283/4/4 6284/4/4 6295/4/4
f 6295/4/4 6284/4/4 6296/4/4
f 6286/2/4 6287/2/4 6299/2/4
f 6299/2/4 6287/2/4 6300/2/4
f 6288/2/4 6289/2/4 6302/2/4
f 6290/2/4 6291/2/4 6302/2/4
f 6291/2/4 6292/2/4 6302/2/4
f 6289/2/4 6290/2/4 6302/2/4
f 6293/2/4 6294/2/4 6303/2/4
f 6303/2/4 6294/2/4 6304/2/4
f 6297/2/4 6298/2/4 6305/2/4
f 6305/2/4 6298/2/4 6306/2/4
f 6301/2/4 6302/2/4 6307/2/4
f 6302/2/4 6292/2/4 6308/2/4
f 6307/2/4 6302/2/4 6308/2/4
f 6304/2/4 6294/2/4 6309/2/4
f 6309/2/4 6294/2/4 6310/2/4
f 6281/4/4 6295/4/4 6311/4/4
f 6311/4/4 6295/4/4 6312/4/4
f 6313/2/4 6314/2/4 6319/2/4
f 6319/2/4 6314/2/4 6320/2/4
f 6315/2/4 6316/2/4 6321/2/4
f 6321/2/4 6316/2/4 6322/2/4
f 6317/2/4 6318/2/4 6325/2/4
f 6322/2/4 6323/2/4 6329/2/4
f 6320/2/4 6321/2/4 6329/2/4
f 6321/2/4 6322/2/4 6329/2/4
f 6329/2/4 6323/2/4 6330/2/4
f 6330/2/4 6323/2/4 6331/2/4
f 6324/2/4 6325/2/4 6332/2/4
f 6325/2/4 6318/2/4 6333/2/4
f 6332/2/4 6325/2/4 6333/2/4
f 6326/4/4 6327/4/4 6334/4/4
f 6334/4/4 6327/4/4 6335/4/4
f 6328/2/4 6329/2/4 6336/2/4
f 6329/2/4 6330/2/4 6336/2/4
f 6336/2/4 6330/2/4 6337/2/4
f 6338/2/4 6339/2/4 6340/2/4
f 6340/2/4 6339/2/4 6341/2/4
f 6342/2/4 6343/2/4 6346/2/4
f 6346/2/4 6343/2/4 6347/2/4
f 6344/4/4 6345/4/4 6348/4/4
f 6348/4/4 6345/4/4 6349/4/4
f 6350/4/4 6351/4/4 6352/4/4
f 6352/4/4 6351/4/4 6353/4/4
f 6353/4/4 6354/4/4 6355/4/4
f 6355/4/4 6354/4/4 6356/4/4
f 6357/4/4 6358/4/4 6359/4/4
f 6359/4/4 6358/4/4 6360/4/4
f 6360/4/4 6361/4/4 6362/4/4
f 6362/4/4 6361/4/4 6363/4/4
f 6364/4/4 6365/4/4 6366/4/4
f 6366/4/4 6365/4/4 6367/4/4
f 6368/4/4 6369/4/4 6370/4/4
f 6370/4/4 6369/4/4 6371/4/4
f 6371/4/4 6372/4/4 6373/4/4
f 6373/4/4 6372/4/4 6374/4/4
f 6375/2/4 6376/2/4 6383/2/4
f 6376/2/4 6377/2/4 6383/2/4
f 6383/2/4 6377/2/4 6384/2/4
f 6384/2/4 6377/2/4 6385/2/4
f 6378/2/4 6379/2/4 6386/2/4
f 6386/2/4 6379/2/4 6387/2/4
f 6387/2/4 6379/2/4 6388/2/4
f 6380/4/4 6381/4/4 6389/4/4
f 6389/4/4 6381/4/4 6390/4/4
f 6382/2/4 6383/2/4 6392/2/4
f 6392/2/4 6383/2/4 6393/2/4
f 6384/2/4 6385/2/4 6395/2/4
f 6386/2/4 6387/2/4 6395/2/4
f 6385/2/4 6386/2/4 6395/2/4
f 6395/2/4 6387/2/4 6396/2/4
f 6396/2/4 6387/2/4 6397/2/4
f 6390/4/4 6391/4/4 6400/4/4
f 6400/4/4 6391/4/4 6401/4/4
f 6394/2/4 6395/2/4 6406/2/4
f 6395/2/4 6396/2/4 6406/2/4
f 6398/2/4 6399/2/4 6407/2/4
f 6402/4/4 6403/4/4 6408/4/4
f 6408/4/4 6403/4/4 6409/4/4
f 6394/2/4 6406/2/4 6410/2/4
f 6406/2/4 6407/2/4 6410/2/4
f 6410/2/4 6407/2/4 6411/2/4
f 6407/2/4 6399/2/4 6412/2/4
f 6411/2/4 6407/2/4 6412/2/4
f 6404/2/4 6405/2/4 6414/2/4
f 6412/2/4 6413/2/4 6417/2/4
f 6411/2/4 6412/2/4 6417/2/4
f 6417/2/4 6413/2/4 6418/2/4
f 6418/2/4 6413/2/4 6419/2/4
f 6419/2/4 6413/2/4 6420/2/4
f 6400/2/4 6401/2/4 6421/2/4
f 6421/2/4 6401/2/4 6422/2/4
f 6414/2/4 6415/2/4 6423/2/4
f 6416/2/4 6417/2/4 6424/2/4
f 6424/2/4 6417/2/4 6425/2/4
f 6425/2/4 6417/2/4 6426/2/4
f 6426/2/4 6417/2/4 6427/2/4
f 6418/2/4 6419/2/4 6429/2/4
f 6429/2/4 6419/2/4 6430/2/4
f 6404/2/4 6414/2/4 6431/2/4
f 6414/2/4 6423/2/4 6431/2/4
f 6423/2/4 6424/2/4 6431/2/4
f 6424/2/4 6425/2/4 6431/2/4
f 6431/2/4 6425/2/4 6432/2/4
f 6432/2/4 6425/2/4 6433/2/4
f 6427/2/4 6428/2/4 6434/2/4
f 6426/2/4 6427/2/4 6434/2/4
f 6434/2/4 6428/2/4 6435/2/4
f 6430/2/4 6419/2/4 6437/2/4
f 6437/2/4 6419/2/4 6438/2/4
f 6432/2/4 6433/2/4 6441/2/4
f 6433/2/4 6434/2/4 6441/2/4
f 6441/2/4 6434/2/4 6442/2/4
f 6438/2/4 6439/2/4 6443/2/4
f 6436/2/4 6437/2/4 6443/2/4
f 6437/2/4 6438/2/4 6443/2/4
f 6443/2/4 6439/2/4 6444/2/4
f 6444/2/4 6439/2/4 6445/2/4
f 6445/2/4 6439/2/4 6446/2/4
f 6440/2/4 6441/2/4 6449/2/4
f 6449/2/4 6441/2/4 6450/2/4
f 6450/2/4 6441/2/4 6451/2/4
f 6444/2/4 6445/2/4 6452/2/4
f 6452/2/4 6445/2/4 6453/2/4
f 6447/4/4 6448/4/4 6454/4/4
f 6454/4/4 6448/4/4 6455/4/4
f 6456/4/4 6457/4/4 6458/4/4
f 6460/4/4 6461/4/4 6462/4/4
f 6462/4/4 6461/4/4 6463/4/4
f 6458/4/4 6459/4/4 6465/4/4
f 6456/4/4 6458/4/4 6465/4/4
f 6465/4/4 6459/4/4 6466/4/4
f 6466/4/4 6459/4/4 6467/4/4
f 6465/4/4 6466/4/4 6472/4/4
f 6464/4/4 6465/4/4 6472/4/4
f 6468/4/4 6469/4/4 6473/4/4
f 6473/4/4 6469/4/4 6474/4/4
f 6464/4/4 6472/4/4 6476/4/4
f 6474/4/4 6475/4/4 6476/4/4
f 6473/4/4 6474/4/4 6476/4/4
f 6472/4/4 6473/4/4 6476/4/4
f 6476/4/4 6475/4/4 6477/4/4
f 6470/4/4 6471/4/4 6478/4/4
f 6478/4/4 6471/4/4 6479/4/4
f 6479/4/4 6471/4/4 6481/4/4
f 6481/4/4 6471/4/4 6482/4/4
f 6477/4/4 6475/4/4 6484/4/4
f 6484/4/4 6475/4/4 6485/4/4
f 6482/4/4 6483/4/4 6487/4/4
f 6480/4/4 6481/4/4 6487/4/4
f 6481/4/4 6482/4/4 6487/4/4
f 6486/4/4 6487/4/4 6488/4/4
f 6487/4/4 6483/4/4 6489/4/4
f 6488/4/4 6487/4/4 6489/4/4
f 6490/4/4 6491/4/4 6492/4/4
f 6492/4/4 6491/4/4 6493/4/4
f 6494/4/4 6495/4/4 6496/4/4
f 6494/4/4 6496/4/4 6500/4/4
f 6496/4/4 6497/4/4 6500/4/4
f 6500/4/4 6497/4/4 6501/4/4
f 6498/4/4 6499/4/4 6502/4/4
f 6502/4/4 6499/4/4 6503/4/4
f 6494/4/4 6500/4/4 6504/4/4
f 6504/4/4 6500/4/4 6505/4/4
f 6494/4/4 6504/4/4 6506/4/4
f 6506/4/4 6504/4/4 6507/4/4
f 6508/4/4 6509/4/4 6513/4/4
f 6510/4/4 6511/4/4 6514/4/4
f 6514/4/4 6511/4/4 6515/4/4
f 6512/4/4 6513/4/4 6516/4/4
f 6513/4/4 6509/4/4 6517/4/4
f 6516/4/4 6513/4/4 6517/4/4
f 6518/2/4 6519/2/4 6520/2/4
f 6520/2/4 6519/2/4 6521/2/4
f 6522/4/4 6523/4/4 6529/4/4
f 6524/2/4 6525/2/4 6530/2/4
f 6530/2/4 6525/2/4 6531/2/4
f 6526/2/4 6527/2/4 6532/2/4
f 6532/2/4 6527/2/4 6533/2/4
f 6528/4/4 6529/4/4 6534/4/4
f 6529/4/4 6523/4/4 6534/4/4
f 6534/4/4 6523/4/4 6535/4/4
f 6531/2/4 6525/2/4 6536/2/4
f 6536/2/4 6525/2/4 6537/2/4
f 6528/4/4 6534/4/4 6540/4/4
f 6540/4/4 6534/4/4 6541/4/4
f 6538/2/4 6539/2/4 6543/2/4
f 6543/2/4 6539/2/4 6544/2/4
f 6544/2/4 6539/2/4 6545/2/4
f 6542/2/4 6543/2/4 6551/2/4
f 6543/2/4 6544/2/4 6551/2/4
f 6551/2/4 6544/2/4 6552/2/4
f 6545/2/4 6546/2/4 6555/2/4
f 6555/2/4 6546/2/4 6556/2/4
f 6556/2/4 6546/2/4 6557/2/4
f 6547/4/4 6548/4/4 6559/4/4
f 6549/4/4 6550/4/4 6560/4/4
f 6553/2/4 6554/2/4 6561/2/4
f 6561/2/4 6554/2/4 6562/2/4
f 6557/2/4 6558/2/4 6563/2/4
f 6556/2/4 6557/2/4 6563/2/4
f 6563/2/4 6558/2/4 6564/2/4
f 6559/4/4 6560/4/4 6565/4/4
f 6547/4/4 6559/4/4 6565/4/4
f 6560/4/4 6550/4/4 6566/4/4
f 6565/4/4 6560/4/4 6566/4/4
f 6566/4/4 6550/4/4 6567/4/4
f 6568/4/4 6569/4/4 6570/4/4
f 6570/4/4 6569/4/4 6571/4/4
f 6572/4/4 6573/4/4 6575/4/4
f 6575/4/4 6573/4/4 6576/4/4
f 6577/4/4 6578/4/4 6582/4/4
f 6578/4/4 6579/4/4 6582/4/4
f 6582/4/4 6579/4/4 6583/4/4
f 6580/4/4 6581/4/4 6584/4/4
f 6584/4/4 6581/4/4 6585/4/4
f 6574/4/4 6575/4/4 6586/4/4
f 6586/4/4 6575/4/4 6587/4/4
f 6588/4/4 6589/4/4 6591/4/4
f 6589/4/4 6590/4/4 6591/4/4
f 6591/4/4 6590/4/4 6592/4/4
f 6588/4/4 6591/4/4 6593/4/4
f 6593/4/4 6591/4/4 6594/4/4
f 6595/4/4 6596/4/4 6597/4/4
f 6597/4/4 6596/4/4 6598/4/4
f 6599/4/4 6600/4/4 6601/4/4
f 6601/4/4 6600/4/4 6602/4/4
f 6599/4/4 6601/4/4 6603/4/4
f 6603/4/4 6601/4/4 6604/4/4
f 6605/4/4 6606/4/4 6608/4/4
f 6606/4/4 6607/4/4 6608/4/4
f 6608/4/4 6607/4/4 6609/4/4
f 6612/4/4 6613/4/4 6617/4/4
f 6614/2/4 6615/2/4 6618/2/4
f 6618/2/4 6615/2/4 6619/2/4
f 6610/4/4 6611/4/4 6620/4/4
f 6620/4/4 6611/4/4 6621/4/4
f 6616/4/4 6617/4/4 6623/4/4
f 6617/4/4 6613/4/4 6624/4/4
f 6623/4/4 6617/4/4 6624/4/4
f 6622/4/4 6623/4/4 6625/4/4
f 6625/4/4 6623/4/4 6626/4/4
f 6626/4/4 6627/4/4 6628/4/4
f 6628/4/4 6627/4/4 6629/4/4
f 6630/2/4 6631/2/4 6634/2/4
f 6634/2/4 6631/2/4 6635/2/4
f 6632/4/4 6633/4/4 6639/4/4
f 6639/4/4 6633/4/4 6640/4/4
f 6637/2/4 6638/2/4 6642/2/4
f 6636/2/4 6637/2/4 6642/2/4
f 6642/2/4 6638/2/4 6643/2/4
f 6643/2/4 6638/2/4 6644/2/4
f 6640/4/4 6641/4/4 6646/4/4
f 6645/4/4 6646/4/4 6647/4/4
f 6646/4/4 6641/4/4 6647/4/4
f 6647/4/4 6641/4/4 6648/4/4
f 6645/4/4 6647/4/4 6649/4/4
f 6649/4/4 6647/4/4 6650/4/4
f 6651/4/4 6652/4/4 6655/4/4
f 6655/4/4 6652/4/4 6656/4/4
f 6653/4/4 6654/4/4 6658/4/4
f 6658/4/4 6654/4/4 6659/4/4
f 6656/4/4 6657/4/4 6660/4/4
f 6660/4/4 6657/4/4 6661/4/4
f 6662/4/4 6663/4/4 6665/4/4
f 6663/4/4 6664/4/4 6665/4/4
f 6665/4/4 6664/4/4 6666/4/4
f 6662/4/4 6665/4/4 6667/4/4
f 6667/4/4 6665/4/4 6668/4/4
f 6669/4/4 6670/4/4 6671/4/4
f 6671/4/4 6670/4/4 6672/4/4
f 6673/4/4 6674/4/4 6677/4/4
f 6677/4/4 6674/4/4 6678/4/4
f 6675/4/4 6676/4/4 6679/4/4
f 6679/4/4 6676/4/4 6680/4/4
f 6681/2/4 6682/2/4 6686/2/4
f 6686/2/4 6682/2/4 6687/2/4
f 6683/4/4 6684/4/4 6688/4/4
f 6684/4/4 6685/4/4 6688/4/4
f 6688/4/4 6685/4/4 6689/4/4
f 6689/4/4 6685/4/4 6690/4/4
f 6691/2/4 6692/2/4 6695/2/4
f 6695/2/4 6692/2/4 6696/2/4
f 6693/4/4 6694/4/4 6697/4/4
f 6697/4/4 6694/4/4 6698/4/4
f 6691/2/4 6695/2/4 6699/2/4
f 6699/2/4 6695/2/4 6700/2/4
f 6698/4/4 6694/4/4 6701/4/4
f 6701/4/4 6694/4/4 6702/4/4
f 6702/4/4 6694/4/4 6703/4/4
f 6703/4/4 6694/4/4 6704/4/4
f 6705/4/4 6706/4/4 6709/4/4
f 6709/4/4 6706/4/4 6710/4/4
f 6710/4/4 6706/4/4 6711/4/4
f 6707/4/4 6708/4/4 6713/4/4
f 6713/4/4 6708/4/4 6714/4/4
f 6711/4/4 6712/4/4 6715/4/4
f 6710/4/4 6711/4/4 6715/4/4
f 6715/4/4 6712/4/4 6716/4/4
f 6717/2/4 6718/2/4 6719/2/4
f 6719/2/4 6718/2/4 6720/2/4
f 6721/4/4 6722/4/4 6723/4/4
f 6723/4/4 6722/4/4 6724/4/4
f 6725/4/4 6726/4/4 6727/4/4
f 6727/4/4 6726/4/4 6728/4/4
f 6729/4/4 6730/4/4 6733/4/4
f 6733/4/4 6730/4/4 6734/4/4
f 6731/4/4 6732/4/4 6735/4/4
f 6735/4/4 6732/4/4 6736/4/4
f 6737/4/4 6738/4/4 6741/4/4
f 6741/4/4 6738/4/4 6742/4/4
f 6739/4/4 6740/4/4 6743/4/4
f 6743/4/4 6740/4/4 6744/4/4
f 6744/4/4 6740/4/4 6745/4/4
f 6742/4/4 6743/4/4 6747/4/4
f 6743/4/4 6744/4/4 6747/4/4
f 6745/4/4 6746/4/4 6748/4/4
f 6748/4/4 6746/4/4 6749/4/4
f 6747/4/4 6748/4/4 6749/4/4
f 6749/4/4 6746/4/4 6750/4/4
f 6742/4/4 6747/4/4 6753/4/4
f 6747/4/4 6749/4/4 6753/4/4
f 6753/4/4 6749/4/4 6754/4/4
f 6751/2/4 6752/2/4 6756/2/4
f 6756/2/4 6752/2/4 6757/2/4
f 6757/2/4 6752/2/4 6758/2/4
f 6742/4/4 6753/4/4 6759/4/4
f 6759/4/4 6753/4/4 6760/4/4
f 6760/4/4 6753/4/4 6761/4/4
f 6761/4/4 6753/4/4 6762/4/4
f 6754/4/4 6755/4/4 6763/4/4
f 6763/4/4 6755/4/4 6764/4/4
f 6760/4/4 6761/4/4 6769/4/4
f 6769/4/4 6761/4/4 6770/4/4
f 6765/2/4 6766/2/4 6774/2/4
f 6774/2/4 6766/2/4 6775/2/4
f 6767/4/4 6768/4/4 6776/4/4
f 6776/4/4 6768/4/4 6777/4/4
f 6760/4/4 6769/4/4 6778/4/4
f 6778/4/4 6769/4/4 6779/4/4
f 6772/4/4 6773/4/4 6780/4/4
f 6771/4/4 6772/4/4 6780/4/4
f 6780/4/4 6773/4/4 6781/4/4
f 6779/4/4 6769/4/4 6784/4/4
f 6784/4/4 6769/4/4 6785/4/4
f 6785/4/4 6769/4/4 6786/4/4
f 6782/4/4 6783/4/4 6788/4/4
f 6788/4/4 6783/4/4 6789/4/4
f 6786/4/4 6787/4/4 6790/4/4
f 6785/4/4 6786/4/4 6790/4/4
f 6790/4/4 6787/4/4 6791/4/4
f 6792/4/4 6793/4/4 6794/4/4
f 6794/4/4 6793/4/4 6795/4/4
f 6795/4/4 6796/4/4 6797/4/4
f 6797/4/4 6796/4/4 6798/4/4
f 6798/4/4 6799/4/4 6802/4/4
f 6802/4/4 6799/4/4 6803/4/4
f 6800/4/4 6801/4/4 6806/4/4
f 6806/4/4 6801/4/4 6807/4/4
f 6804/2/4 6805/2/4 6808/2/4
f 6808/2/4 6805/2/4 6809/2/4
f 6810/4/4 6811/4/4 6814/4/4
f 6814/4/4 6811/4/4 6815/4/4
f 6812/4/4 6813/4/4 6816/4/4
f 6816/4/4 6813/4/4 6817/4/4
f 6818/4/4 6819/4/4 6820/4/4
f 6820/4/4 6819/4/4 6821/4/4
f 6821/4/4 6822/4/4 6825/4/4
f 6825/4/4 6822/4/4 6826/4/4
f 6823/4/4 6824/4/4 6827/4/4
f 6827/4/4 6824/4/4 6828/4/4
f 6831/4/4 6832/4/4 6833/4/4
f 6833/4/4 6832/4/4 6834/4/4
f 6835/2/4 6836/2/4 6837/2/4
f 6837/2/4 6836/2/4 6838/2/4
f 6829/4/4 6830/4/4 6840/4/4
f 6839/4/4 6840/4/4 6846/4/4
f 6840/4/4 6830/4/4 6847/4/4
f 6846/4/4 6840/4/4 6847/4/4
f 6847/4/4 6830/4/4 6848/4/4
f 6841/4/4 6842/4/4 6851/4/4
f 6844/2/4 6845/2/4 6852/2/4
f 6843/2/4 6844/2/4 6852/2/4
f 6852/2/4 6845/2/4 6853/2/4
f 6850/4/4 6851/4/4 6855/4/4
f 6855/4/4 6851/4/4 6856/4/4
f 6851/4/4 6842/4/4 6857/4/4
f 6856/4/4 6851/4/4 6857/4/4
f 6843/2/4 6852/2/4 6858/2/4
f 6858/2/4 6852/2/4 6859/2/4
f 6848/4/4 6849/4/4 6860/4/4
f 6847/4/4 6848/4/4 6860/4/4
f 6860/4/4 6861/4/4 6862/4/4
f 6847/4/4 6860/4/4 6862/4/4
f 6862/4/4 6861/4/4 6863/4/4
f 6863/4/4 6861/4/4 6864/4/4
f 6854/4/4 6855/4/4 6865/4/4
f 6865/4/4 6855/4/4 6866/4/4
f 6847/4/4 6862/4/4 6867/4/4
f 6867/4/4 6862/4/4 6868/4/4
f 6863/4/4 6864/4/4 6869/4/4
f 6869/4/4 6864/4/4 6870/4/4
f 6871/4/4 6872/4/4 6873/4/4
f 6873/4/4 6872/4/4 6874/4/4
f 6875/2/4 6876/2/4 6877/2/4
f 6877/2/4 6876/2/4 6878/2/4
f 6879/4/4 6880/4/4 6881/4/4
f 6881/4/4 6880/4/4 6882/4/4
f 6883/2/4 6884/2/4 6885/2/4
f 6885/2/4 6884/2/4 6886/2/4
f 6887/4/4 6888/4/4 6891/4/4
f 6891/4/4 6888/4/4 6892/4/4
f 6889/4/4 6890/4/4 6893/4/4
f 6893/4/4 6890/4/4 6894/4/4
f 6895/4/4 6896/4/4 6897/4/4
f 6897/4/4 6896/4/4 6898/4/4
f 6899/2/4 6900/2/4 6901/2/4
f 6901/2/4 6900/2/4 6902/2/4
f 6903/4/4 6904/4/4 6905/4/4
f 6905/4/4 6904/4/4 6906/4/4
f 6907/4/4 6908/4/4 6909/4/4
f 6909/4/4 6908/4/4 6910/4/4
f 6911/4/4 6912/4/4 6916/4/4
f 6915/4/4 6916/4/4 6917/4/4
f 6916/4/4 6912/4/4 6918/4/4
f 6917/4/4 6916/4/4 6918/4/4
f 6918/4/4 6912/4/4 6919/4/4
f 6913/4/4 6914/4/4 6920/4/4
f 6918/4/4 6919/4/4 6921/4/4
f 6919/4/4 6920/4/4 6921/4/4
f 6920/4/4 6914/4/4 6922/4/4
f 6921/4/4 6920/4/4 6922/4/4
f 6923/4/4 6924/4/4 6925/4/4
f 6925/4/4 6924/4/4 6926/4/4
f 6927/4/4 6928/4/4 6929/4/4
f 6929/4/4 6928/4/4 6930/4/4
f 6933/4/4 6934/4/4 6935/4/4
f 6935/4/4 6934/4/4 6936/4/4
f 6938/4/4 6939/4/4 6942/4/4
f 6942/4/4 6939/4/4 6943/4/4
f 6940/4/4 6941/4/4 6944/4/4
f 6944/4/4 6941/4/4 6945/4/4
f 6936/4/4 6937/4/4 6947/4/4
f 6943/4/4 6944/4/4 6949/4/4
f 6945/4/4 6946/4/4 6950/4/4
f 6950/4/4 6946/4/4 6951/4/4
f 6947/4/4 6948/4/4 6952/4/4
f 6936/4/4 6947/4/4 6955/4/4
f 6952/4/4 6953/4/4 6955/4/4
f 6947/4/4 6952/4/4 6955/4/4
f 6955/4/4 6953/4/4 6956/4/4
f 6943/4/4 6949/4/4 6957/4/4
f 6949/4/4 6950/4/4 6957/4/4
f 6957/4/4 6950/4/4 6958/4/4
f 6956/4/4 6953/4/4 6959/4/4
f 6959/4/4 6953/4/4 6960/4/4
f 6961/4/4 6962/4/4 6963/4/4
f 6963/4/4 6962/4/4 6964/4/4
f 6958/4/4 6950/4/4 6965/4/4
f 6965/4/4 6950/4/4 6966/4/4
f 6954/4/4 6955/4/4 6967/4/4
f 6960/4/4 6953/4/4 6969/4/4
f 6969/4/4 6953/4/4 6970/4/4
f 6970/4/4 6953/4/4 6971/4/4
f 6971/4/4 6953/4/4 6972/4/4
f 6967/4/4 6968/4/4 6979/4/4
f 6970/4/4 6971/4/4 6981/4/4
f 6981/4/4 6971/4/4 6982/4/4
f 6982/4/4 6971/4/4 6983/4/4
f 6973/4/4 6974/4/4 6985/4/4
f 6985/4/4 6974/4/4 6986/4/4
f 6975/4/4 6976/4/4 6987/4/4
f 6987/4/4 6976/4/4 6988/4/4
f 6977/4/4 6978/4/4 6990/4/4
f 6990/4/4 6978/4/4 6991/4/4
f 6979/4/4 6980/4/4 6992/4/4
f 6983/4/4 6984/4/4 6993/4/4
f 6982/4/4 6983/4/4 6993/4/4
f 6993/4/4 6984/4/4 6994/4/4
f 6988/4/4 6989/4/4 6995/4/4
f 6986/4/4 6987/4/4 6995/4/4
f 6987/4/4 6988/4/4 6995/4/4
f 6992/4/4 6993/4/4 6997/4/4
f 6997/4/4 6993/4/4 6998/4/4
f 6994/4/4 6984/4/4 6999/4/4
f 6999/4/4 6984/4/4 7000/4/4
f 6995/4/4 6996/4/4 7001/4/4
f 6992/4/4 6997/4/4 7003/4/4
f 7000/4/4 6984/4/4 7005/4/4
f 7005/4/4 6984/4/4 7006/4/4
f 6986/4/4 6995/4/4 7007/4/4
f 7001/4/4 7002/4/4 7007/4/4
f 6995/4/4 7001/4/4 7007/4/4
f 7007/4/4 7002/4/4 7008/4/4
f 7003/4/4 7004/4/4 7009/4/4
f 6954/4/4 6967/4/4 7009/4/4
f 6979/4/4 6992/4/4 7009/4/4
f 6992/4/4 7003/4/4 7009/4/4
f 6967/4/4 6979/4/4 7009/4/4
f 7009/4/4 7004/4/4 7010/4/4
f 7010/4/4 7004/4/4 7011/4/4
f 7011/4/4 7004/4/4 7012/4/4
f 7012/4/4 7004/4/4 7013/4/4
f 7013/4/4 7004/4/4 7014/4/4
f 7012/4/4 7013/4/4 7016/4/4
f 7014/4/4 7015/4/4 7017/4/4
f 7017/4/4 7015/4/4 7018/4/4
f 7006/4/4 6984/4/4 7019/4/4
f 7019/4/4 6984/4/4 7020/4/4
f 7016/4/4 7017/4/4 7021/4/4
f 7018/4/4 7019/4/4 7022/4/4
f 7020/4/4 6984/4/4 7023/4/4
f 7023/4/4 6984/4/4 7024/4/4
f 7008/4/4 7009/4/4 7027/4/4
f 7027/4/4 7009/4/4 7028/4/4
f 7010/4/4 7011/4/4 7029/4/4
f 7012/4/4 7016/4/4 7030/4/4
f 7021/4/4 7022/4/4 7030/4/4
f 7016/4/4 7021/4/4 7030/4/4
f 7030/4/4 7022/4/4 7031/4/4
f 7022/4/4 7019/4/4 7032/4/4
f 7031/4/4 7022/4/4 7032/4/4
f 7025/4/4 7026/4/4 7036/4/4
f 7036/4/4 7026/4/4 7037/4/4
f 7032/4/4 7033/4/4 7038/4/4
f 7031/4/4 7032/4/4 7038/4/4
f 7034/4/4 7035/4/4 7039/4/4
f 7039/4/4 7035/4/4 7040/4/4
f 6931/3/4 6932/3/4 7041/3/4
f 7041/3/4 6932/3/4 7042/3/4
f 7010/4/4 7029/4/4 7043/4/4
f 7029/4/4 7030/4/4 7043/4/4
f 7043/4/4 7030/4/4 7044/4/4
f 7038/4/4 7039/4/4 7045/4/4
f 7031/4/4 7038/4/4 7045/4/4
f 7045/4/4 7039/4/4 7046/4/4
f 7046/4/4 7047/4/4 7048/4/4
f 7045/4/4 7046/4/4 7048/4/4
f 7044/4/4 7045/4/4 7048/4/4
f 7048/4/4 7047/4/4 7049/4/4
f 7049/4/4 7047/4/4 7050/4/4
f 7044/4/4 7048/4/4 7051/4/4
f 7051/4/4 7048/4/4 7052/4/4
f 7010/4/4 7043/4/4 7055/4/4
f 7055/4/4 7043/4/4 7056/4/4
f 7044/4/4 7051/4/4 7057/4/4
f 7057/4/4 7051/4/4 7058/4/4
f 7053/4/4 7054/4/4 7060/4/4
f 7060/4/4 7054/4/4 7061/4/4
f 7056/4/4 7057/4/4 7062/4/4
f 7062/4/4 7057/4/4 7063/4/4
f 7058/4/4 7059/4/4 7064/4/4
f 7064/4/4 7059/4/4 7065/4/4
f 7070/4/4 7071/4/4 7072/4/4
f 7072/4/4 7071/4/4 7073/4/4
f 7066/4/4 7067/4/4 7074/4/4
f 7074/4/4 7067/4/4 7075/4/4
f 7073/4/4 7074/4/4 7076/4/4
f 7068/4/4 7069/4/4 7079/4/4
f 7077/4/4 7078/4/4 7081/4/4
f 7079/4/4 7080/4/4 7083/4/4
f 7068/4/4 7079/4/4 7083/4/4
f 7083/4/4 7080/4/4 7084/4/4
f 7081/4/4 7082/4/4 7085/4/4
f 7077/4/4 7081/4/4 7085/4/4
f 7085/4/4 7082/4/4 7086/4/4
f 7084/4/4 7080/4/4 7088/4/4
f 7088/4/4 7080/4/4 7089/4/4
f 7073/4/4 7076/4/4 7091/4/4
f 7077/4/4 7085/4/4 7092/4/4
f 7092/4/4 7085/4/4 7093/4/4
f 7087/4/4 7088/4/4 7095/4/4
f 7090/4/4 7091/4/4 7097/4/4
f 7097/4/4 7091/4/4 7098/4/4
f 7091/4/4 7076/4/4 7099/4/4
f 7098/4/4 7091/4/4 7099/4/4
f 7093/4/4 7094/4/4 7100/4/4
f 7100/4/4 7094/4/4 7101/4/4
f 7087/4/4 7095/4/4 7102/4/4
f 7102/4/4 7095/4/4 7103/4/4
f 7097/4/4 7098/4/4 7104/4/4
f 7096/4/4 7097/4/4 7104/4/4
f 7104/4/4 7098/4/4 7105/4/4
f 7105/4/4 7098/4/4 7106/4/4
f 7099/4/4 7076/4/4 7107/4/4
f 7105/4/4 7106/4/4 7110/4/4
f 7106/4/4 7107/4/4 7110/4/4
f 7110/4/4 7107/4/4 7111/4/4
f 7107/4/4 7076/4/4 7112/4/4
f 7111/4/4 7107/4/4 7112/4/4
f 7112/4/4 7076/4/4 7113/4/4
f 7108/4/4 7109/4/4 7115/4/4
f 7115/4/4 7109/4/4 7116/4/4
f 7111/4/4 7112/4/4 7118/4/4
f 7118/4/4 7112/4/4 7119/4/4
f 7114/4/4 7115/4/4 7121/4/4
f 7121/4/4 7115/4/4 7122/4/4
f 7116/4/4 7117/4/4 7123/4/4
f 7123/4/4 7117/4/4 7124/4/4
f 7119/4/4 7120/4/4 7126/4/4
f 7126/4/4 7120/4/4 7127/4/4
f 7124/4/4 7125/4/4 7131/4/4
f 7123/4/4 7124/4/4 7131/4/4
f 7131/4/4 7125/4/4 7132/4/4
f 7130/4/4 7131/4/4 7133/4/4
f 7133/4/4 7131/4/4 7134/4/4
f 7132/4/4 7125/4/4 7135/4/4
f 7135/4/4 7125/4/4 7136/4/4
f 7134/4/4 7135/4/4 7138/4/4
f 7138/4/4 7135/4/4 7139/4/4
f 7136/4/4 7137/4/4 7140/4/4
f 7128/4/4 7129/4/4 7144/4/4
f 7144/4/4 7129/4/4 7145/4/4
f 7140/4/4 7141/4/4 7147/4/4
f 7136/4/4 7140/4/4 7147/4/4
f 7147/4/4 7141/4/4 7148/4/4
f 7148/4/4 7141/4/4 7149/4/4
f 7149/4/4 7141/4/4 7150/4/4
f 7142/4/4 7143/4/4 7151/4/4
f 7151/4/4 7143/4/4 7152/4/4
f 7145/4/4 7146/4/4 7154/4/4
f 7154/4/4 7146/4/4 7155/4/4
f 7156/4/4 7157/4/4 7159/4/4
f 7159/4/4 7157/4/4 7160/4/4
f 7160/4/4 7157/4/4 7161/4/4
f 7153/4/4 7154/4/4 7162/4/4
f 7162/4/4 7154/4/4 7163/4/4
f 7158/4/4 7159/4/4 7164/4/4
f 7159/4/4 7160/4/4 7164/4/4
f 7164/4/4 7160/4/4 7165/4/4
f 7166/4/4 7167/4/4 7168/4/4
f 7168/4/4 7167/4/4 7169/4/4
f 7170/4/4 7171/4/4 7174/4/4
f 7174/4/4 7171/4/4 7175/4/4
f 7172/4/4 7173/4/4 7177/4/4
f 7177/4/4 7173/4/4 7178/4/4
f 7175/4/4 7176/4/4 7179/4/4
f 7179/4/4 7180/4/4 7181/4/4
f 7175/4/4 7179/4/4 7181/4/4
f 7181/4/4 7180/4/4 7182/4/4
f 7183/4/4 7184/4/4 7187/4/4
f 7187/4/4 7184/4/4 7188/4/4
f 7185/4/4 7186/4/4 7189/4/4
f 7189/4/4 7186/4/4 7190/4/4
f 7191/1/4 7192/1/4 7193/1/4
f 7193/1/4 7192/1/4 7194/1/4
f 7197/1/5 7196/1/5 7195/1/5
f 7198/1/5 7196/1/5 7197/1/5
f 7203/2/5 7200/2/5 7199/2/5
f 7204/2/5 7200/2/5 7203/2/5
f 7205/2/5 7202/2/5 7201/2/5
f 7206/2/5 7202/2/5 7205/2/5
f 7209/2/5 7208/2/5 7207/2/5
f 7210/2/5 7208/2/5 7209/2/5
f 7213/2/5 7212/2/5 7211/2/5
f 7214/2/5 7212/2/5 7213/2/5
f 7217/2/5 7216/2/5 7215/2/5
f 7218/2/5 7216/2/5 7217/2/5
f 7221/2/5 7220/2/5 7219/2/5
f 7222/2/5 7220/2/5 7221/2/5
f 7223/2/5 7220/2/5 7222/2/5
f 7224/2/5 7220/2/5 7223/2/5
f 7227/2/5 7226/2/5 7225/2/5
f 7228/2/5 7226/2/5 7227/2/5
f 7233/2/5 7230/2/5 7229/2/5
f 7234/2/5 7230/2/5 7233/2/5
f 7235/2/5 7232/2/5 7231/2/5
f 7236/2/5 7232/2/5 7235/2/5
f 7239/2/5 7238/2/5 7237/2/5
f 7240/2/5 7238/2/5 7239/2/5
f 7244/2/5 7242/2/5 7241/2/5
f 7245/2/5 7242/2/5 7244/2/5
f 7246/2/5 7244/2/5 7243/2/5
f 7247/2/5 7244/2/5 7246/2/5
f 7250/2/5 7249/2/5 7248/2/5
f 7251/2/5 7249/2/5 7250/2/5
f 7254/2/5 7253/2/5 7252/2/5
f 7255/2/5 7253/2/5 7254/2/5
f 7258/2/5 7257/2/5 7256/2/5
f 7259/2/5 7257/2/5 7258/2/5
f 7264/2/5 7261/2/5 7260/2/5
f 7265/2/5 7261/2/5 7264/2/5
f 7266/2/5 7263/2/5 7262/2/5
f 7267/2/5 7263/2/5 7266/2/5
f 7270/2/5 7269/2/5 7268/2/5
f 7271/2/5 7269/2/5 7270/2/5
f 7274/2/5 7273/2/5 7272/2/5
f 7275/2/5 7273/2/5 7274/2/5
f 7278/2/5 7277/2/5 7276/2/5
f 7279/2/5 7277/2/5 7278/2/5
f 7282/2/5 7281/2/5 7280/2/5
f 7283/2/5 7281/2/5 7282/2/5
f 7286/2/5 7285/2/5 7284/2/5
f 7287/2/5 7285/2/5 7286/2/5
f 7290/2/5 7289/2/5 7288/2/5
f 7291/2/5 7289/2/5 7290/2/5
f 7294/2/5 7293/2/5 7292/2/5
f 7295/2/5 7293/2/5 7294/2/5
f 7298/2/5 7297/2/5 7296/2/5
f 7299/2/5 7297/2/5 7298/2/5
f 7302/2/5 7301/2/5 7300/2/5
f 7303/2/5 7301/2/5 7302/2/5
f 7306/2/5 7305/2/5 7304/2/5
f 7307/2/5 7305/2/5 7306/2/5
f 7310/2/5 7309/2/5 7308/2/5
f 7311/2/5 7309/2/5 7310/2/5
f 7314/2/5 7313/2/5 7312/2/5
f 7315/2/5 7313/2/5 7314/2/5
f 7318/2/5 7317/2/5 7316/2/5
f 7319/2/5 7317/2/5 7318/2/5
f 7322/2/5 7321/2/5 7320/2/5
f 7323/2/5 7321/2/5 7322/2/5
f 7326/2/5 7325/2/5 7324/2/5
f 7327/2/5 7325/2/5 7326/2/5
f 7330/2/5 7329/2/5 7328/2/5
f 7331/2/5 7329/2/5 7330/2/5
f 7338/2/5 7333/2/5 7332/2/5
f 7339/2/5 7333/2/5 7338/2/5
f 7340/2/5 7335/2/5 7334/2/5
f 7341/2/5 7335/2/5 7340/2/5
f 7342/2/5 7337/2/5 7336/2/5
f 7343/2/5 7337/2/5 7342/2/5
f 7346/2/5 7345/2/5 7344/2/5
f 7347/2/5 7345/2/5 7346/2/5
f 7350/2/5 7349/2/5 7348/2/5
f 7351/2/5 7349/2/5 7350/2/5
f 7354/2/5 7353/2/5 7352/2/5
f 7355/2/5 7353/2/5 7354/2/5
f 7358/2/5 7357/2/5 7356/2/5
f 7359/2/5 7357/2/5 7358/2/5
f 7362/2/5 7361/2/5 7360/2/5
f 7363/2/5 7361/2/5 7362/2/5
f 7366/2/5 7365/2/5 7364/2/5
f 7367/2/5 7365/2/5 7366/2/5
f 7370/2/5 7369/2/5 7368/2/5
f 7371/2/5 7369/2/5 7370/2/5
f 7374/2/5 7373/2/5 7372/2/5
f 7375/2/5 7373/2/5 7374/2/5
f 7378/2/5 7377/2/5 7376/2/5
f 7379/2/5 7377/2/5 7378/2/5
f 7383/2/5 7381/2/5 7380/2/5
f 7384/2/5 7381/2/5 7383/2/5
f 7385/2/5 7383/2/5 7382/2/5
f 7386/2/5 7383/2/5 7385/2/5
f 7389/2/5 7388/2/5 7387/2/5
f 7390/2/5 7388/2/5 7389/2/5
f 7392/2/5 7391/2/5 7390/2/5
f 7393/2/5 7391/2/5 7392/2/5
f 7396/2/5 7395/2/5 7394/2/5
f 7397/2/5 7395/2/5 7396/2/5
f 7400/2/5 7399/2/5 7398/2/5
f 7401/2/5 7399/2/5 7400/2/5
f 7404/2/5 7403/2/5 7402/2/5
f 7405/2/5 7403/2/5 7404/2/5
f 7409/2/5 7406/2/5 7405/2/5
f 7410/2/5 7406/2/5 7409/2/5
f 7412/2/5 7411/2/5 7410/2/5
f 7413/2/5 7411/2/5 7412/2/5
f 7414/2/5 7408/2/5 7407/2/5
f 7415/2/5 7408/2/5 7414/2/5
f 7418/2/5 7417/2/5 7416/2/5
f 7419/2/5 7417/2/5 7418/2/5
f 7424/2/5 7421/2/5 7420/2/5
f 7425/2/5 7421/2/5 7424/2/5
f 7427/2/5 7423/2/5 7422/2/5
f 7428/2/5 7423/2/5 7427/2/5
f 7429/2/5 7426/2/5 7425/2/5
f 7430/2/5 7426/2/5 7429/2/5
f 7433/2/5 7432/2/5 7431/2/5
f 7434/2/5 7432/2/5 7433/2/5
f 7437/2/5 7436/2/5 7435/2/5
f 7438/2/5 7436/2/5 7437/2/5
f 7441/2/5 7440/2/5 7439/2/5
f 7442/2/5 7440/2/5 7441/2/5
f 7447/2/5 7444/2/5 7443/2/5
f 7448/2/5 7444/2/5 7447/2/5
f 7449/2/5 7446/2/5 7445/2/5
f 7450/2/5 7446/2/5 7449/2/5
f 7453/2/5 7452/2/5 7451/2/5
f 7454/2/5 7452/2/5 7453/2/5
f 7457/4/5 7456/4/5 7455/4/5
f 7458/4/5 7456/4/5 7457/4/5
f 7459/4/5 7457/4/5 7455/4/5
f 7460/4/5 7457/4/5 7459/4/5
f 7462/4/5 7461/4/5 7460/4/5
f 7464/4/5 7462/4/5 7460/4/5
f 7464/4/5 7463/4/5 7462/4/5
f 7465/4/5 7463/4/5 7464/4/5
f 7468/4/5 7467/4/5 7466/4/5
f 7469/4/5 7467/4/5 7468/4/5
f 7470/4/5 7463/4/5 7465/4/5
f 7471/4/5 7463/4/5 7470/4/5
f 7474/2/5 7473/2/5 7472/2/5
f 7475/2/5 7473/2/5 7474/2/5
f 7480/4/5 7477/4/5 7476/4/5
f 7481/4/5 7477/4/5 7480/4/5
f 7483/4/5 7479/4/5 7478/4/5
f 7486/4/5 7477/4/5 7481/4/5
f 7487/4/5 7477/4/5 7486/4/5
f 7488/4/5 7485/4/5 7484/4/5
f 7489/4/5 7485/4/5 7488/4/5
f 7490/4/5 7477/4/5 7487/4/5
f 7491/4/5 7477/4/5 7490/4/5
f 7492/4/5 7477/4/5 7491/4/5
f 7493/4/5 7483/4/5 7482/4/5
f 7494/4/5 7479/4/5 7483/4/5
f 7494/4/5 7483/4/5 7493/4/5
f 7495/4/5 7479/4/5 7494/4/5
f 7496/4/5 7479/4/5 7495/4/5
f 7497/4/5 7492/4/5 7491/4/5
f 7497/4/5 7493/4/5 7492/4/5
f 7498/4/5 7493/4/5 7497/4/5
f 7499/4/5 7493/4/5 7498/4/5
f 7501/4/5 7500/4/5 7499/4/5
f 7501/4/5 7499/4/5 7498/4/5
f 7502/4/5 7500/4/5 7501/4/5
f 7503/4/5 7500/4/5 7502/4/5
f 7504/4/5 7500/4/5 7503/4/5
f 7505/4/5 7479/4/5 7496/4/5
f 7506/4/5 7479/4/5 7505/4/5
f 7509/2/5 7508/2/5 7507/2/5
f 7510/2/5 7508/2/5 7509/2/5
f 7513/4/5 7512/4/5 7511/4/5
f 7514/4/5 7512/4/5 7513/4/5
f 7519/4/5 7516/4/5 7515/4/5
f 7520/4/5 7516/4/5 7519/4/5
f 7521/4/5 7518/4/5 7517/4/5
f 7522/4/5 7518/4/5 7521/4/5
f 7527/4/5 7524/4/5 7523/4/5
f 7528/4/5 7524/4/5 7527/4/5
f 7530/4/5 7526/4/5 7525/4/5
f 7531/4/5 7526/4/5 7530/4/5
f 7533/4/5 7527/4/5 7523/4/5
f 7534/4/5 7527/4/5 7533/4/5
f 7535/4/5 7530/4/5 7529/4/5
f 7536/4/5 7530/4/5 7535/4/5
f 7538/4/5 7533/4/5 7532/4/5
f 7539/4/5 7533/4/5 7538/4/5
f 7540/4/5 7538/4/5 7537/4/5
f 7541/4/5 7538/4/5 7540/4/5
f 7546/4/5 7543/4/5 7542/4/5
f 7547/4/5 7543/4/5 7546/4/5
f 7550/4/5 7545/4/5 7544/4/5
f 7551/4/5 7545/4/5 7550/4/5
f 7552/4/5 7549/4/5 7548/4/5
f 7553/4/5 7549/4/5 7552/4/5
f 7559/4/5 7558/4/5 7557/4/5
f 7560/4/5 7558/4/5 7559/4/5
f 7561/4/5 7554/4/5 7553/4/5
f 7562/4/5 7554/4/5 7561/4/5
f 7564/4/5 7558/4/5 7560/4/5
f 7566/4/5 7556/4/5 7555/4/5
f 7567/4/5 7556/4/5 7566/4/5
f 7568/4/5 7556/4/5 7567/4/5
f 7570/4/5 7565/4/5 7564/4/5
f 7570/4/5 7564/4/5 7560/4/5
f 7571/4/5 7565/4/5 7570/4/5
f 7572/4/5 7569/4/5 7568/4/5
f 7572/4/5 7568/4/5 7567/4/5
f 7573/4/5 7569/4/5 7572/4/5
f 7574/4/5 7569/4/5 7573/4/5
f 7576/4/5 7565/4/5 7571/4/5
f 7578/4/5 7563/4/5 7562/4/5
f 7579/4/5 7563/4/5 7578/4/5
f 7581/4/5 7575/4/5 7574/4/5
f 7582/4/5 7575/4/5 7581/4/5
f 7584/4/5 7577/4/5 7576/4/5
f 7584/4/5 7576/4/5 7571/4/5
f 7585/4/5 7577/4/5 7584/4/5
f 7586/4/5 7577/4/5 7585/4/5
f 7591/4/5 7583/4/5 7582/4/5
f 7592/4/5 7583/4/5 7591/4/5
f 7593/4/5 7583/4/5 7592/4/5
f 7596/4/5 7587/4/5 7586/4/5
f 7596/4/5 7586/4/5 7585/4/5
f 7597/4/5 7587/4/5 7596/4/5
f 7598/4/5 7580/4/5 7579/4/5
f 7599/4/5 7580/4/5 7598/4/5
f 7601/4/5 7589/4/5 7588/4/5
f 7602/4/5 7589/4/5 7601/4/5
f 7604/4/5 7593/4/5 7592/4/5
f 7605/4/5 7593/4/5 7604/4/5
f 7607/4/5 7595/4/5 7594/4/5
f 7608/4/5 7595/4/5 7607/4/5
f 7610/4/5 7609/4/5 7608/4/5
f 7610/4/5 7608/4/5 7607/4/5
f 7610/4/5 7607/4/5 7606/4/5
f 7611/4/5 7609/4/5 7610/4/5
f 7614/4/5 7600/4/5 7599/4/5
f 7615/4/5 7600/4/5 7614/4/5
f 7617/4/5 7603/4/5 7602/4/5
f 7618/4/5 7603/4/5 7617/4/5
f 7619/4/5 7591/4/5 7590/4/5
f 7620/4/5 7591/4/5 7619/4/5
f 7621/4/5 7613/4/5 7612/4/5
f 7622/4/5 7613/4/5 7621/4/5
f 7623/4/5 7616/4/5 7615/4/5
f 7624/4/5 7616/4/5 7623/4/5
f 7629/4/5 7626/4/5 7625/4/5
f 7630/4/5 7626/4/5 7629/4/5
f 7635/4/5 7630/4/5 7629/4/5
f 7635/4/5 7631/4/5 7630/4/5
f 7636/4/5 7631/4/5 7635/4/5
f 7637/4/5 7631/4/5 7636/4/5
f 7638/4/5 7633/4/5 7632/4/5
f 7639/4/5 7628/4/5 7627/4/5
f 7640/4/5 7628/4/5 7639/4/5
f 7641/4/5 7628/4/5 7640/4/5
f 7642/4/5 7635/4/5 7634/4/5
f 7642/4/5 7636/4/5 7635/4/5
f 7643/4/5 7636/4/5 7642/4/5
f 7644/4/5 7638/4/5 7637/4/5
f 7645/4/5 7633/4/5 7638/4/5
f 7645/4/5 7638/4/5 7644/4/5
f 7650/4/5 7647/4/5 7646/4/5
f 7651/4/5 7649/4/5 7648/4/5
f 7652/4/5 7649/4/5 7651/4/5
f 7653/4/5 7649/4/5 7652/4/5
f 7657/4/5 7650/4/5 7646/4/5
f 7657/4/5 7651/4/5 7650/4/5
f 7657/4/5 7652/4/5 7651/4/5
f 7658/4/5 7657/4/5 7656/4/5
f 7659/4/5 7652/4/5 7657/4/5
f 7659/4/5 7657/4/5 7658/4/5
f 7660/4/5 7652/4/5 7659/4/5
f 7661/4/5 7652/4/5 7660/4/5
f 7662/4/5 7655/4/5 7654/4/5
f 7664/4/5 7661/4/5 7660/4/5
f 7664/4/5 7662/4/5 7661/4/5
f 7665/4/5 7662/4/5 7664/4/5
f 7666/4/5 7662/4/5 7665/4/5
f 7667/4/5 7655/4/5 7662/4/5
f 7667/4/5 7662/4/5 7666/4/5
f 7673/4/5 7669/4/5 7668/4/5
f 7675/4/5 7664/4/5 7663/4/5
f 7676/4/5 7666/4/5 7665/4/5
f 7677/4/5 7666/4/5 7676/4/5
f 7678/4/5 7655/4/5 7667/4/5
f 7681/4/5 7674/4/5 7673/4/5
f 7681/4/5 7673/4/5 7668/4/5
f 7682/4/5 7671/4/5 7670/4/5
f 7682/4/5 7672/4/5 7671/4/5
f 7683/4/5 7672/4/5 7682/4/5
f 7684/4/5 7666/4/5 7677/4/5
f 7686/4/5 7679/4/5 7678/4/5
f 7686/4/5 7678/4/5 7667/4/5
f 7687/4/5 7679/4/5 7686/4/5
f 7688/4/5 7681/4/5 7680/4/5
f 7688/4/5 7674/4/5 7681/4/5
f 7692/4/5 7689/4/5 7688/4/5
f 7692/4/5 7688/4/5 7680/4/5
f 7693/4/5 7672/4/5 7683/4/5
f 7694/4/5 7672/4/5 7693/4/5
f 7696/4/5 7675/4/5 7663/4/5
f 7696/4/5 7676/4/5 7675/4/5
f 7697/4/5 7676/4/5 7696/4/5
f 7698/4/5 7685/4/5 7684/4/5
f 7698/4/5 7684/4/5 7677/4/5
f 7699/4/5 7685/4/5 7698/4/5
f 7700/4/5 7691/4/5 7690/4/5
f 7702/4/5 7689/4/5 7692/4/5
f 7704/4/5 7672/4/5 7694/4/5
f 7705/4/5 7672/4/5 7704/4/5
f 7706/4/5 7701/4/5 7700/4/5
f 7706/4/5 7700/4/5 7690/4/5
f 7707/4/5 7701/4/5 7706/4/5
f 7708/4/5 7703/4/5 7702/4/5
f 7708/4/5 7702/4/5 7692/4/5
f 7709/4/5 7703/4/5 7708/4/5
f 7710/4/5 7672/4/5 7705/4/5
f 7711/4/5 7672/4/5 7710/4/5
f 7712/4/5 7697/4/5 7696/4/5
f 7712/4/5 7696/4/5 7695/4/5
f 7712/4/5 7698/4/5 7697/4/5
f 7713/4/5 7685/4/5 7699/4/5
f 7714/4/5 7685/4/5 7713/4/5
f 7715/4/5 7685/4/5 7714/4/5
f 7716/4/5 7706/4/5 7690/4/5
f 7717/4/5 7706/4/5 7716/4/5
f 7720/4/5 7719/4/5 7718/4/5
f 7721/4/5 7719/4/5 7720/4/5
f 7723/4/5 7713/4/5 7712/4/5
f 7724/4/5 7715/4/5 7714/4/5
f 7724/4/5 7716/4/5 7715/4/5
f 7725/4/5 7716/4/5 7724/4/5
f 7726/4/5 7720/4/5 7718/4/5
f 7727/4/5 7720/4/5 7726/4/5
f 7728/4/5 7722/4/5 7721/4/5
f 7730/4/5 7712/4/5 7695/4/5
f 7730/4/5 7723/4/5 7712/4/5
f 7730/4/5 7724/4/5 7723/4/5
f 7731/4/5 7724/4/5 7730/4/5
f 7732/4/5 7716/4/5 7725/4/5
f 7733/4/5 7706/4/5 7717/4/5
f 7734/4/5 7706/4/5 7733/4/5
f 7737/4/5 7729/4/5 7728/4/5
f 7737/4/5 7728/4/5 7721/4/5
f 7738/4/5 7729/4/5 7737/4/5
f 7739/4/5 7724/4/5 7731/4/5
f 7740/4/5 7724/4/5 7739/4/5
f 7741/4/5 7735/4/5 7734/4/5
f 7741/4/5 7734/4/5 7733/4/5
f 7741/4/5 7732/4/5 7725/4/5
f 7741/4/5 7733/4/5 7732/4/5
f 7742/4/5 7735/4/5 7741/4/5
f 7744/4/5 7737/4/5 7736/4/5
f 7745/4/5 7737/4/5 7744/4/5
f 7746/4/5 7744/4/5 7743/4/5
f 7747/4/5 7744/4/5 7746/4/5
f 7754/4/5 7749/4/5 7748/4/5
f 7755/4/5 7749/4/5 7754/4/5
f 7756/4/5 7751/4/5 7750/4/5
f 7757/4/5 7751/4/5 7756/4/5
f 7759/4/5 7758/4/5 7757/4/5
f 7760/4/5 7758/4/5 7759/4/5
f 7762/4/5 7753/4/5 7752/4/5
f 7763/4/5 7762/4/5 7761/4/5
f 7764/4/5 7753/4/5 7762/4/5
f 7764/4/5 7762/4/5 7763/4/5
f 7767/4/5 7766/4/5 7765/4/5
f 7768/4/5 7766/4/5 7767/4/5
f 7773/4/5 7770/4/5 7769/4/5
f 7774/4/5 7770/4/5 7773/4/5
f 7776/4/5 7772/4/5 7771/4/5
f 7781/4/5 7776/4/5 7775/4/5
f 7782/4/5 7772/4/5 7776/4/5
f 7782/4/5 7776/4/5 7781/4/5
f 7786/4/5 7780/4/5 7779/4/5
f 7786/4/5 7778/4/5 7777/4/5
f 7786/4/5 7779/4/5 7778/4/5
f 7787/4/5 7783/4/5 7782/4/5
f 7787/4/5 7782/4/5 7781/4/5
f 7788/4/5 7783/4/5 7787/4/5
f 7789/4/5 7785/4/5 7784/4/5
f 7790/4/5 7785/4/5 7789/4/5
f 7791/4/5 7783/4/5 7788/4/5
f 7792/4/5 7783/4/5 7791/4/5
f 7793/4/5 7783/4/5 7792/4/5
f 7795/4/5 7787/4/5 7786/4/5
f 7797/4/5 7794/4/5 7793/4/5
f 7797/4/5 7793/4/5 7792/4/5
f 7798/4/5 7794/4/5 7797/4/5
f 7799/4/5 7794/4/5 7798/4/5
f 7802/4/5 7800/4/5 7799/4/5
f 7802/4/5 7799/4/5 7798/4/5
f 7803/4/5 7800/4/5 7802/4/5
f 7804/4/5 7800/4/5 7803/4/5
f 7807/4/5 7786/4/5 7777/4/5
f 7807/4/5 7796/4/5 7795/4/5
f 7807/4/5 7795/4/5 7786/4/5
f 7808/4/5 7796/4/5 7807/4/5
f 7809/4/5 7796/4/5 7808/4/5
f 7810/4/5 7802/4/5 7801/4/5
f 7811/4/5 7804/4/5 7803/4/5
f 7811/4/5 7805/4/5 7804/4/5
f 7812/4/5 7805/4/5 7811/4/5
f 7813/4/5 7805/4/5 7812/4/5
f 7815/4/5 7814/4/5 7813/4/5
f 7815/4/5 7813/4/5 7812/4/5
f 7816/4/5 7814/4/5 7815/4/5
f 7817/4/5 7807/4/5 7806/4/5
f 7817/4/5 7808/4/5 7807/4/5
f 7818/4/5 7808/4/5 7817/4/5
f 7819/4/5 7808/4/5 7818/4/5
f 7820/4/5 7808/4/5 7819/4/5
f 7821/4/5 7808/4/5 7820/4/5
f 7822/4/5 7810/4/5 7809/4/5
f 7823/4/5 7802/4/5 7810/4/5
f 7823/4/5 7810/4/5 7822/4/5
f 7824/4/5 7814/4/5 7816/4/5
f 7825/4/5 7814/4/5 7824/4/5
f 7826/4/5 7819/4/5 7818/4/5
f 7827/4/5 7819/4/5 7826/4/5
f 7828/4/5 7821/4/5 7820/4/5
f 7828/4/5 7822/4/5 7821/4/5
f 7829/4/5 7822/4/5 7828/4/5
f 7833/4/5 7831/4/5 7830/4/5
f 7834/4/5 7831/4/5 7833/4/5
f 7838/4/5 7833/4/5 7832/4/5
f 7838/4/5 7834/4/5 7833/4/5
f 7838/4/5 7835/4/5 7834/4/5
f 7839/4/5 7835/4/5 7838/4/5
f 7841/4/5 7837/4/5 7836/4/5
f 7846/4/5 7837/4/5 7841/4/5
f 7846/4/5 7841/4/5 7840/4/5
f 7847/4/5 7837/4/5 7846/4/5
f 7848/4/5 7843/4/5 7842/4/5
f 7850/4/5 7845/4/5 7844/4/5
f 7852/4/5 7846/4/5 7840/4/5
f 7853/4/5 7846/4/5 7852/4/5
f 7854/4/5 7849/4/5 7848/4/5
f 7854/4/5 7848/4/5 7842/4/5
f 7855/4/5 7849/4/5 7854/4/5
f 7856/4/5 7849/4/5 7855/4/5
f 7857/4/5 7851/4/5 7850/4/5
f 7857/4/5 7850/4/5 7844/4/5
f 7858/4/5 7851/4/5 7857/4/5
f 7859/4/5 7851/4/5 7858/4/5
f 7861/4/5 7860/4/5 7859/4/5
f 7861/4/5 7859/4/5 7858/4/5
f 7862/4/5 7860/4/5 7861/4/5
f 7863/4/5 7860/4/5 7862/4/5
f 7864/4/5 7860/4/5 7863/4/5
f 7867/4/5 7866/4/5 7865/4/5
f 7868/4/5 7866/4/5 7867/4/5
f 7871/4/5 7870/4/5 7869/4/5
f 7872/4/5 7870/4/5 7871/4/5
f 7875/4/5 7874/4/5 7873/4/5
f 7876/4/5 7875/4/5 7873/4/5
f 7877/4/5 7875/4/5 7876/4/5
f 7878/4/5 7875/4/5 7877/4/5
f 7879/4/5 7875/4/5 7878/4/5
f 7882/4/5 7875/4/5 7879/4/5
f 7883/4/5 7875/4/5 7882/4/5
f 7884/4/5 7881/4/5 7880/4/5
f 7886/4/5 7875/4/5 7883/4/5
f 7887/4/5 7875/4/5 7886/4/5
f 7888/4/5 7885/4/5 7884/4/5
f 7888/4/5 7884/4/5 7880/4/5
f 7889/4/5 7885/4/5 7888/4/5
f 7893/4/5 7875/4/5 7887/4/5
f 7894/4/5 7891/4/5 7890/4/5
f 7895/4/5 7891/4/5 7894/4/5
f 7897/4/5 7893/4/5 7892/4/5
f 7898/4/5 7875/4/5 7893/4/5
f 7898/4/5 7893/4/5 7897/4/5
f 7899/4/5 7896/4/5 7895/4/5
f 7900/4/5 7896/4/5 7899/4/5
f 7905/4/5 7902/4/5 7901/4/5
f 7906/4/5 7902/4/5 7905/4/5
f 7909/4/5 7904/4/5 7903/4/5
f 7910/4/5 7904/4/5 7909/4/5
f 7911/4/5 7908/4/5 7907/4/5
f 7912/4/5 7908/4/5 7911/4/5
f 7917/4/5 7908/4/5 7912/4/5
f 7918/4/5 7908/4/5 7917/4/5
f 7919/4/5 7914/4/5 7913/4/5
f 7920/4/5 7914/4/5 7919/4/5
f 7921/4/5 7914/4/5 7920/4/5
f 7922/4/5 7916/4/5 7915/4/5
f 7928/4/5 7923/4/5 7922/4/5
f 7929/4/5 7925/4/5 7924/4/5
f 7930/4/5 7927/4/5 7926/4/5
f 7931/4/5 7927/4/5 7930/4/5
f 7933/4/5 7932/4/5 7931/4/5
f 7934/4/5 7932/4/5 7933/4/5
f 7935/4/5 7929/4/5 7928/4/5
f 7935/4/5 7925/4/5 7929/4/5
f 7936/4/5 7925/4/5 7935/4/5
f 7937/4/5 7928/4/5 7922/4/5
f 7937/4/5 7935/4/5 7928/4/5
f 7937/4/5 7922/4/5 7915/4/5
f 7938/4/5 7935/4/5 7937/4/5
f 7941/4/5 7940/4/5 7939/4/5
f 7942/4/5 7940/4/5 7941/4/5
f 7947/4/5 7944/4/5 7943/4/5
f 7948/4/5 7944/4/5 7947/4/5
f 7949/4/5 7946/4/5 7945/4/5
f 7950/4/5 7946/4/5 7949/4/5
f 7953/4/5 7952/4/5 7951/4/5
f 7954/4/5 7952/4/5 7953/4/5
f 7961/4/5 7958/4/5 7957/4/5
f 7962/4/5 7958/4/5 7961/4/5
f 7963/4/5 7960/4/5 7959/4/5
f 7966/4/5 7956/4/5 7955/4/5
f 7967/4/5 7964/4/5 7963/4/5
f 7967/4/5 7963/4/5 7959/4/5
f 7968/4/5 7964/4/5 7967/4/5
f 7969/4/5 7966/4/5 7965/4/5
f 7970/4/5 7956/4/5 7966/4/5
f 7970/4/5 7966/4/5 7969/4/5
f 7975/4/5 7974/4/5 7973/4/5
f 7977/4/5 7972/4/5 7971/4/5
f 7978/4/5 7972/4/5 7977/4/5
f 7979/4/5 7976/4/5 7975/4/5
f 7979/4/5 7975/4/5 7973/4/5
f 7980/4/5 7976/4/5 7979/4/5
f 7981/4/5 7976/4/5 7980/4/5
f 7982/4/5 7976/4/5 7981/4/5
f 7983/4/5 7981/4/5 7980/4/5
f 7984/4/5 7981/4/5 7983/4/5
f 7985/4/5 7979/4/5 7973/4/5
f 7986/4/5 7979/4/5 7985/4/5
f 7987/4/5 7981/4/5 7984/4/5
f 7988/4/5 7981/4/5 7987/4/5
f 7989/4/5 7981/4/5 7988/4/5
f 7994/4/5 7991/4/5 7990/4/5
f 7995/4/5 7991/4/5 7994/4/5
f 7996/4/5 7993/4/5 7992/4/5
f 7997/4/5 7993/4/5 7996/4/5
f 8000/4/5 7999/4/5 7998/4/5
f 8001/4/5 7999/4/5 8000/4/5
f 8004/4/5 8003/4/5 8002/4/5
f 8005/4/5 8003/4/5 8004/4/5
f 8008/4/5 8007/4/5 8006/4/5
f 8011/4/5 8008/4/5 8006/4/5
f 8011/4/5 8009/4/5 8008/4/5
f 8012/4/5 8009/4/5 8011/4/5
f 8014/4/5 8011/4/5 8010/4/5
f 8014/4/5 8013/4/5 8012/4/5
f 8014/4/5 8012/4/5 8011/4/5
f 8015/4/5 8013/4/5 8014/4/5
f 8016/4/5 8013/4/5 8015/4/5
f 8017/4/5 8013/4/5 8016/4/5
f 8018/4/5 8013/4/5 8017/4/5
f 8019/4/5 8013/4/5 8018/4/5
f 8020/4/5 8018/4/5 8017/4/5
f 8021/4/5 8018/4/5 8020/4/5
f 8022/4/5 8018/4/5 8021/4/5
f 8023/4/5 8018/4/5 8022/4/5
f 8024/4/5 8022/4/5 8021/4/5
f 8025/4/5 8022/4/5 8024/4/5
f 8030/4/5 8016/4/5 8015/4/5
f 8031/4/5 8016/4/5 8030/4/5
f 8032/4/5 8020/4/5 8017/4/5
f 8033/4/5 8020/4/5 8032/4/5
f 8034/4/5 8022/4/5 8025/4/5
f 8035/4/5 8022/4/5 8034/4/5
f 8036/4/5 8027/4/5 8026/4/5
f 8037/4/5 8027/4/5 8036/4/5
f 8038/4/5 8029/4/5 8028/4/5
f 8039/4/5 8029/4/5 8038/4/5
f 8040/4/5 8032/4/5 8017/4/5
f 8041/4/5 8032/4/5 8040/4/5
f 8044/4/5 8043/4/5 8042/4/5
f 8045/4/5 8043/4/5 8044/4/5
f 8048/4/5 8047/4/5 8046/4/5
f 8049/4/5 8047/4/5 8048/4/5
f 8052/4/5 8051/4/5 8050/4/5
f 8053/4/5 8051/4/5 8052/4/5
f 8056/4/5 8055/4/5 8054/4/5
f 8057/4/5 8055/4/5 8056/4/5
f 8061/4/5 8058/4/5 8057/4/5
f 8062/4/5 8058/4/5 8061/4/5
f 8063/4/5 8060/4/5 8059/4/5
f 8064/4/5 8060/4/5 8063/4/5
f 8067/4/5 8066/4/5 8065/4/5
f 8068/4/5 8066/4/5 8067/4/5
f 8073/4/5 8070/4/5 8069/4/5
f 8074/4/5 8070/4/5 8073/4/5
f 8075/4/5 8072/4/5 8071/4/5
f 8076/4/5 8072/4/5 8075/4/5
f 8079/4/5 8078/4/5 8077/4/5
f 8080/4/5 8078/4/5 8079/4/5
f 8083/4/5 8082/4/5 8081/4/5
f 8084/4/5 8082/4/5 8083/4/5
f 8092/4/5 8086/4/5 8085/4/5
f 8093/4/5 8086/4/5 8092/4/5
f 8094/4/5 8088/4/5 8087/4/5
f 8095/4/5 8088/4/5 8094/4/5
f 8096/4/5 8090/4/5 8089/4/5
f 8097/4/5 8090/4/5 8096/4/5
f 8099/4/5 8092/4/5 8091/4/5
f 8100/4/5 8092/4/5 8099/4/5
f 8101/4/5 8099/4/5 8098/4/5
f 8102/4/5 8099/4/5 8101/4/5
f 8105/4/5 8104/4/5 8103/4/5
f 8106/4/5 8104/4/5 8105/4/5
f 8115/4/5 8110/4/5 8109/4/5
f 8116/4/5 8110/4/5 8115/4/5
f 8117/4/5 8112/4/5 8111/4/5
f 8118/4/5 8112/4/5 8117/4/5
f 8119/4/5 8108/4/5 8107/4/5
f 8120/4/5 8108/4/5 8119/4/5
f 8121/4/5 8114/4/5 8113/4/5
f 8122/4/5 8114/4/5 8121/4/5
f 8126/4/5 8123/4/5 8122/4/5
f 8126/4/5 8122/4/5 8121/4/5
f 8127/4/5 8123/4/5 8126/4/5
f 8128/4/5 8125/4/5 8124/4/5
f 8129/4/5 8125/4/5 8128/4/5
f 8132/4/5 8131/4/5 8130/4/5
f 8133/4/5 8131/4/5 8132/4/5
f 8139/4/5 8135/4/5 8134/4/5
f 8139/4/5 8136/4/5 8135/4/5
f 8140/4/5 8136/4/5 8139/4/5
f 8141/4/5 8138/4/5 8137/4/5
f 8142/4/5 8138/4/5 8141/4/5
f 8143/4/5 8136/4/5 8140/4/5
f 8144/4/5 8136/4/5 8143/4/5
f 8149/4/5 8146/4/5 8145/4/5
f 8150/4/5 8146/4/5 8149/4/5
f 8153/4/5 8148/4/5 8147/4/5
f 8154/4/5 8148/4/5 8153/4/5
f 8155/4/5 8152/4/5 8151/4/5
f 8156/4/5 8152/4/5 8155/4/5
f 8159/4/5 8157/4/5 8156/4/5
f 8160/4/5 8157/4/5 8159/4/5
f 8162/4/5 8161/4/5 8160/4/5
f 8163/4/5 8161/4/5 8162/4/5
f 8168/4/5 8159/4/5 8158/4/5
f 8169/4/5 8159/4/5 8168/4/5
f 8170/4/5 8161/4/5 8163/4/5
f 8171/4/5 8161/4/5 8170/4/5
f 8172/4/5 8165/4/5 8164/4/5
f 8173/4/5 8165/4/5 8172/4/5
f 8174/4/5 8167/4/5 8166/4/5
f 8175/4/5 8162/4/5 8160/4/5
f 8176/4/5 8162/4/5 8175/4/5
f 8177/4/5 8174/4/5 8173/4/5
f 8178/4/5 8174/4/5 8177/4/5
f 8179/4/5 8167/4/5 8174/4/5
f 8179/4/5 8174/4/5 8178/4/5
f 8181/4/5 8180/4/5 8179/4/5
f 8181/4/5 8179/4/5 8178/4/5
f 8182/4/5 8180/4/5 8181/4/5
f 8184/4/5 8183/4/5 8182/4/5
f 8185/4/5 8183/4/5 8184/4/5
f 8188/4/5 8187/4/5 8186/4/5
f 8189/4/5 8187/4/5 8188/4/5
f 8192/4/5 8191/4/5 8190/4/5
f 8193/4/5 8191/4/5 8192/4/5
f 8201/4/5 8195/4/5 8194/4/5
f 8202/4/5 8195/4/5 8201/4/5
f 8203/4/5 8197/4/5 8196/4/5
f 8204/4/5 8197/4/5 8203/4/5
f 8205/4/5 8199/4/5 8198/4/5
f 8206/4/5 8199/4/5 8205/4/5
f 8207/4/5 8201/4/5 8200/4/5
f 8208/4/5 8201/4/5 8207/4/5
f 8211/4/5 8210/4/5 8209/4/5
f 8212/4/5 8210/4/5 8211/4/5
f 8215/4/5 8214/4/5 8213/4/5
f 8216/4/5 8214/4/5 8215/4/5
f 8223/4/5 8218/4/5 8217/4/5
f 8223/4/5 8219/4/5 8218/4/5
f 8224/4/5 8219/4/5 8223/4/5
f 8225/4/5 8221/4/5 8220/4/5
f 8226/4/5 8221/4/5 8225/4/5
f 8227/4/5 8223/4/5 8222/4/5
f 8228/4/5 8223/4/5 8227/4/5
f 8229/4/5 8219/4/5 8224/4/5
f 8230/4/5 8219/4/5 8229/4/5
f 8234/4/5 8229/4/5 8228/4/5
f 8235/4/5 8232/4/5 8231/4/5
f 8236/4/5 8219/4/5 8230/4/5
f 8237/4/5 8219/4/5 8236/4/5
f 8238/4/5 8234/4/5 8233/4/5
f 8238/4/5 8229/4/5 8234/4/5
f 8239/4/5 8235/4/5 8231/4/5
f 8239/4/5 8236/4/5 8235/4/5
f 8241/4/5 8238/4/5 8233/4/5
f 8241/4/5 8239/4/5 8238/4/5
f 8244/4/5 8241/4/5 8240/4/5
f 8245/4/5 8236/4/5 8239/4/5
f 8245/4/5 8241/4/5 8244/4/5
f 8245/4/5 8239/4/5 8241/4/5
f 8246/4/5 8243/4/5 8242/4/5
f 8247/4/5 8243/4/5 8246/4/5
f 8250/4/5 8249/4/5 8248/4/5
f 8251/4/5 8249/4/5 8250/4/5
f 8254/4/5 8253/4/5 8252/4/5
f 8255/4/5 8253/4/5 8254/4/5
f 8259/4/5 8257/4/5 8256/4/5
f 8260/4/5 8257/4/5 8259/4/5
f 8261/4/5 8257/4/5 8260/4/5
f 8262/4/5 8259/4/5 8258/4/5
f 8262/4/5 8260/4/5 8259/4/5
f 8263/4/5 8260/4/5 8262/4/5
f 8266/4/5 8265/4/5 8264/4/5
f 8267/4/5 8265/4/5 8266/4/5
f 8270/4/5 8269/4/5 8268/4/5
f 8271/4/5 8269/4/5 8270/4/5
f 8275/4/5 8273/4/5 8272/4/5
f 8276/4/5 8273/4/5 8275/4/5
f 8277/4/5 8275/4/5 8274/4/5
f 8278/4/5 8275/4/5 8277/4/5
f 8283/4/5 8280/4/5 8279/4/5
f 8284/4/5 8280/4/5 8283/4/5
f 8285/4/5 8282/4/5 8281/4/5
f 8286/4/5 8282/4/5 8285/4/5
f 8288/4/5 8287/4/5 8286/4/5
f 8289/4/5 8287/4/5 8288/4/5
f 8294/4/5 8291/4/5 8290/4/5
f 8295/4/5 8291/4/5 8294/4/5
f 8296/4/5 8293/4/5 8292/4/5
f 8297/4/5 8293/4/5 8296/4/5
f 8302/4/5 8299/4/5 8298/4/5
f 8303/4/5 8299/4/5 8302/4/5
f 8304/4/5 8301/4/5 8300/4/5
f 8305/4/5 8301/4/5 8304/4/5
f 8310/4/5 8307/4/5 8306/4/5
f 8311/4/5 8307/4/5 8310/4/5
f 8317/4/5 8309/4/5 8308/4/5
f 8318/4/5 8309/4/5 8317/4/5
f 8320/4/5 8313/4/5 8312/4/5
f 8321/4/5 8315/4/5 8314/4/5
f 8322/4/5 8315/4/5 8321/4/5
f 8323/4/5 8317/4/5 8316/4/5
f 8324/4/5 8317/4/5 8323/4/5
f 8325/4/5 8320/4/5 8319/4/5
f 8326/4/5 8313/4/5 8320/4/5
f 8326/4/5 8320/4/5 8325/4/5
f 8334/4/5 8328/4/5 8327/4/5
f 8335/4/5 8328/4/5 8334/4/5
f 8336/4/5 8330/4/5 8329/4/5
f 8337/4/5 8330/4/5 8336/4/5
f 8338/4/5 8332/4/5 8331/4/5
f 8339/4/5 8332/4/5 8338/4/5
f 8340/4/5 8334/4/5 8333/4/5
f 8341/4/5 8334/4/5 8340/4/5
f 8344/4/5 8343/4/5 8342/4/5
f 8345/4/5 8343/4/5 8344/4/5
f 8348/4/5 8347/4/5 8346/4/5
f 8349/4/5 8347/4/5 8348/4/5
f 8352/4/5 8351/4/5 8350/4/5
f 8353/4/5 8351/4/5 8352/4/5
f 8356/4/5 8355/4/5 8354/4/5
f 8357/4/5 8355/4/5 8356/4/5
f 8360/4/5 8359/4/5 8358/4/5
f 8361/4/5 8359/4/5 8360/4/5
f 8366/4/5 8363/4/5 8362/4/5
f 8367/4/5 8363/4/5 8366/4/5
f 8368/4/5 8365/4/5 8364/4/5
f 8369/4/5 8365/4/5 8368/4/5
f 8374/4/5 8371/4/5 8370/4/5
f 8375/4/5 8371/4/5 8374/4/5
f 8376/4/5 8373/4/5 8372/4/5
f 8377/4/5 8373/4/5 8376/4/5
f 8382/4/5 8379/4/5 8378/4/5
f 8383/4/5 8379/4/5 8382/4/5
f 8384/4/5 8381/4/5 8380/4/5
f 8385/4/5 8381/4/5 8384/4/5
f 8390/4/5 8387/4/5 8386/4/5
f 8391/4/5 8387/4/5 8390/4/5
f 8393/4/5 8389/4/5 8388/4/5
f 8394/4/5 8389/4/5 8393/4/5
f 8395/4/5 8389/4/5 8394/4/5
f 8396/4/5 8392/4/5 8391/4/5
f 8396/4/5 8391/4/5 8390/4/5
f 8397/4/5 8392/4/5 8396/4/5
f 8398/4/5 8394/4/5 8393/4/5
f 8399/4/5 8394/4/5 8398/4/5
f 8402/4/5 8401/4/5 8400/4/5
f 8403/4/5 8401/4/5 8402/4/5
f 8404/4/5 8392/4/5 8397/4/5
f 8405/4/5 8392/4/5 8404/4/5
f 8408/4/5 8406/4/5 8405/4/5
f 8409/4/5 8406/4/5 8408/4/5
f 8410/4/5 8408/4/5 8407/4/5
f 8411/4/5 8408/4/5 8410/4/5
f 8414/4/5 8413/4/5 8412/4/5
f 8415/4/5 8413/4/5 8414/4/5
f 8418/4/5 8417/4/5 8416/4/5
f 8419/4/5 8417/4/5 8418/4/5
f 8424/4/5 8421/4/5 8420/4/5
f 8425/4/5 8421/4/5 8424/4/5
f 8427/4/5 8423/4/5 8422/4/5
f 8428/4/5 8423/4/5 8427/4/5
f 8429/4/5 8426/4/5 8425/4/5
f 8430/4/5 8426/4/5 8429/4/5
f 8433/4/5 8432/4/5 8431/4/5
f 8434/4/5 8432/4/5 8433/4/5
f 8437/4/5 8436/4/5 8435/4/5
f 8438/4/5 8436/4/5 8437/4/5
f 8441/4/5 8440/4/5 8439/4/5
f 8442/4/5 8440/4/5 8441/4/5
f 8445/4/5 8444/4/5 8443/4/5
f 8446/4/5 8444/4/5 8445/4/5
f 8449/4/5 8448/4/5 8447/4/5
f 8450/4/5 8448/4/5 8449/4/5
f 8453/4/5 8452/4/5 8451/4/5
f 8454/4/5 8452/4/5 8453/4/5
f 8459/4/5 8456/4/5 8455/4/5
f 8460/4/5 8456/4/5 8459/4/5
f 8461/4/5 8458/4/5 8457/4/5
f 8462/4/5 8458/4/5 8461/4/5
f 8465/4/5 8464/4/5 8463/4/5
f 8466/4/5 8464/4/5 8465/4/5
f 8469/4/5 8468/4/5 8467/4/5
f 8470/4/5 8468/4/5 8469/4/5
f 8473/4/5 8472/4/5 8471/4/5
f 8474/4/5 8472/4/5 8473/4/5
f 8477/4/5 8476/4/5 8475/4/5
f 8478/4/5 8476/4/5 8477/4/5
f 8484/4/5 8480/4/5 8479/4/5
f 8485/4/5 8480/4/5 8484/4/5
f 8486/4/5 8482/4/5 8481/4/5
f 8487/4/5 8482/4/5 8486/4/5
f 8488/4/5 8484/4/5 8483/4/5
f 8489/4/5 8484/4/5 8488/4/5
f 8492/4/5 8491/4/5 8490/4/5
f 8493/4/5 8491/4/5 8492/4/5
f 8498/4/5 8495/4/5 8494/4/5
f 8499/4/5 8495/4/5 8498/4/5
f 8500/4/5 8497/4/5 8496/4/5
f 8501/4/5 8497/4/5 8500/4/5
f 8504/4/5 8503/4/5 8502/4/5
f 8506/4/5 8504/4/5 8502/4/5
f 8506/4/5 8505/4/5 8504/4/5
f 8507/4/5 8505/4/5 8506/4/5
f 8510/4/5 8506/4/5 8502/4/5
f 8511/4/5 8506/4/5 8510/4/5
f 8512/4/5 8509/4/5 8508/4/5
f 8513/4/5 8509/4/5 8512/4/5
f 8517/4/5 8515/4/5 8514/4/5
f 8518/4/5 8515/4/5 8517/4/5
f 8519/4/5 8517/4/5 8516/4/5
f 8520/4/5 8517/4/5 8519/4/5
f 8525/4/5 8522/4/5 8521/4/5
f 8526/4/5 8522/4/5 8525/4/5
f 8527/4/5 8524/4/5 8523/4/5
f 8528/4/5 8524/4/5 8527/4/5
f 8533/4/5 8530/4/5 8529/4/5
f 8534/4/5 8530/4/5 8533/4/5
f 8536/4/5 8532/4/5 8531/4/5
f 8537/4/5 8532/4/5 8536/4/5
f 8538/4/5 8532/4/5 8537/4/5
f 8540/4/5 8536/4/5 8535/4/5
f 8541/4/5 8536/4/5 8540/4/5
f 8542/4/5 8539/4/5 8538/4/5
f 8542/4/5 8538/4/5 8537/4/5
f 8543/4/5 8539/4/5 8542/4/5
f 8546/4/5 8545/4/5 8544/4/5
f 8547/4/5 8545/4/5 8546/4/5
f 8550/4/5 8549/4/5 8548/4/5
f 8551/4/5 8549/4/5 8550/4/5
f 8554/4/5 8553/4/5 8552/4/5
f 8555/4/5 8553/4/5 8554/4/5
f 8560/4/5 8557/4/5 8556/4/5
f 8561/4/5 8557/4/5 8560/4/5
f 8562/4/5 8559/4/5 8558/4/5
f 8563/4/5 8559/4/5 8562/4/5
f 8568/4/5 8565/4/5 8564/4/5
f 8569/4/5 8565/4/5 8568/4/5
f 8570/4/5 8567/4/5 8566/4/5
f 8571/4/5 8567/4/5 8570/4/5
f 8574/4/5 8573/4/5 8572/4/5
f 8575/4/5 8573/4/5 8574/4/5
f 8578/4/5 8577/4/5 8576/4/5
f 8579/4/5 8577/4/5 8578/4/5
f 8582/4/5 8581/4/5 8580/4/5
f 8583/4/5 8581/4/5 8582/4/5
f 8584/4/5 8581/4/5 8583/4/5
f 8586/4/5 8583/4/5 8582/4/5
f 8587/4/5 8583/4/5 8586/4/5
f 8588/4/5 8585/4/5 8584/4/5
f 8589/4/5 8585/4/5 8588/4/5
f 8592/4/5 8591/4/5 8590/4/5
f 8593/4/5 8591/4/5 8592/4/5
f 8596/4/5 8595/4/5 8594/4/5
f 8597/4/5 8595/4/5 8596/4/5
f 8600/4/5 8599/4/5 8598/4/5
f 8601/4/5 8599/4/5 8600/4/5
f 8604/4/5 8603/4/5 8602/4/5
f 8605/4/5 8603/4/5 8604/4/5
f 8608/4/5 8607/4/5 8606/4/5
f 8609/4/5 8607/4/5 8608/4/5
f 8612/4/5 8611/4/5 8610/4/5
f 8613/4/5 8611/4/5 8612/4/5
f 8616/4/5 8615/4/5 8614/4/5
f 8617/4/5 8615/4/5 8616/4/5
f 8620/4/5 8619/4/5 8618/4/5
f 8621/4/5 8619/4/5 8620/4/5
f 8629/4/5 8623/4/5 8622/4/5
f 8630/4/5 8623/4/5 8629/4/5
f 8631/4/5 8625/4/5 8624/4/5
f 8632/4/5 8625/4/5 8631/4/5
f 8633/4/5 8627/4/5 8626/4/5
f 8634/4/5 8627/4/5 8633/4/5
f 8635/4/5 8629/4/5 8628/4/5
f 8636/4/5 8629/4/5 8635/4/5
f 8639/4/5 8638/4/5 8637/4/5
f 8640/4/5 8638/4/5 8639/4/5
f 8643/4/5 8642/4/5 8641/4/5
f 8644/4/5 8642/4/5 8643/4/5
f 8647/4/5 8646/4/5 8645/4/5
f 8648/4/5 8646/4/5 8647/4/5
f 8651/4/5 8650/4/5 8649/4/5
f 8652/4/5 8650/4/5 8651/4/5
f 8653/1/6 8654/1/6 8655/1/6
f 8655/1/6 8654/1/6 8656/1/6
f 8653/1/6 8655/1/6 8657/1/6
f 8656/1/6 8654/1/6 8658/1/6
f 8653/1/6 8657/1/6 8659/1/6
f 8657/1/6 8658/1/6 8659/1/6
f 8658/1/6 8654/1/6 8660/1/6
f 8659/1/6 8658/1/6 8660/1/6
f 8661/3/6 8662/3/6 8663/3/6
f 8663/3/6 8662/3/6 8664/3/6
f 8661/3/6 8663/3/6 8665/3/6
f 8665/3/6 8663/3/6 8666/3/6
f 8666/3/6 8663/3/6 8667/3/6
f 8667/3/6 8663/3/6 8668/3/6
f 8668/3/6 8663/3/6 8669/3/6
f 8669/3/6 8663/3/6 8670/3/6
f 8661/3/6 8665/3/6 8671/3/6
f 8668/3/6 8669/3/6 8673/3/6
f 8673/3/6 8669/3/6 8674/3/6
f 8674/3/6 8669/3/6 8675/3/6
f 8675/3/6 8669/3/6 8676/3/6
f 8664/3/6 8662/3/6 8678/3/6
f 8666/3/6 8667/3/6 8679/3/6
f 8676/3/6 8669/3/6 8681/3/6
f 8681/3/6 8669/3/6 8682/3/6
f 8677/3/6 8678/3/6 8684/3/6
f 8671/3/6 8672/3/6 8685/3/6
f 8679/3/6 8680/3/6 8686/3/6
f 8666/3/6 8679/3/6 8686/3/6
f 8686/3/6 8680/3/6 8687/3/6
f 8676/3/6 8681/3/6 8688/3/6
f 8688/3/6 8681/3/6 8689/3/6
f 8683/3/6 8684/3/6 8691/3/6
f 8671/3/6 8685/3/6 8692/3/6
f 8661/3/6 8671/3/6 8692/3/6
f 8685/3/6 8686/3/6 8692/3/6
f 8692/3/6 8686/3/6 8693/3/6
f 8687/3/6 8680/3/6 8694/3/6
f 8694/3/6 8680/3/6 8695/3/6
f 8674/3/6 8675/3/6 8696/3/6
f 8696/3/6 8675/3/6 8697/3/6
f 8676/3/6 8688/3/6 8698/3/6
f 8698/3/6 8688/3/6 8699/3/6
f 8695/3/6 8680/3/6 8702/3/6
f 8702/3/6 8680/3/6 8703/3/6
f 8703/3/6 8680/3/6 8704/3/6
f 8704/3/6 8680/3/6 8705/3/6
f 8661/3/6 8692/3/6 8706/3/6
f 8700/3/6 8701/3/6 8708/3/6
f 8708/3/6 8701/3/6 8709/3/6
f 8703/3/6 8704/3/6 8710/3/6
f 8710/3/6 8704/3/6 8711/3/6
f 8690/3/6 8691/3/6 8712/3/6
f 8691/3/6 8684/3/6 8713/3/6
f 8712/3/6 8691/3/6 8713/3/6
f 8684/3/6 8678/3/6 8713/3/6
f 8713/3/6 8678/3/6 8715/3/6
f 8706/3/6 8707/3/6 8716/3/6
f 8716/3/6 8717/3/6 8720/3/6
f 8718/3/6 8719/3/6 8721/3/6
f 8721/3/6 8719/3/6 8722/3/6
f 8714/3/6 8715/3/6 8725/3/6
f 8715/3/6 8678/3/6 8726/3/6
f 8725/3/6 8715/3/6 8726/3/6
f 8723/3/6 8724/3/6 8727/3/6
f 8727/3/6 8724/3/6 8728/3/6
f 8726/3/6 8678/3/6 8729/3/6
f 8678/3/6 8662/3/6 8730/3/6
f 8729/3/6 8678/3/6 8730/3/6
f 8716/3/6 8720/3/6 8735/3/6
f 8720/3/6 8721/3/6 8735/3/6
f 8735/3/6 8721/3/6 8736/3/6
f 8731/3/6 8732/3/6 8739/3/6
f 8739/3/6 8732/3/6 8740/3/6
f 8733/3/6 8734/3/6 8741/3/6
f 8741/3/6 8734/3/6 8742/3/6
f 8730/3/6 8662/3/6 8743/3/6
f 8743/3/6 8662/3/6 8744/3/6
f 8706/3/6 8716/3/6 8745/3/6
f 8716/3/6 8735/3/6 8745/3/6
f 8745/3/6 8735/3/6 8746/3/6
f 8737/3/6 8738/3/6 8747/3/6
f 8747/3/6 8738/3/6 8748/3/6
f 8742/3/6 8743/3/6 8752/3/6
f 8752/3/6 8743/3/6 8753/3/6
f 8744/3/6 8662/3/6 8754/3/6
f 8706/3/6 8745/3/6 8755/3/6
f 8752/3/6 8753/3/6 8760/3/6
f 8753/3/6 8754/3/6 8760/3/6
f 8751/3/6 8752/3/6 8760/3/6
f 8757/3/6 8758/3/6 8764/3/6
f 8764/3/6 8758/3/6 8765/3/6
f 8755/3/6 8756/3/6 8767/3/6
f 8706/3/6 8755/3/6 8767/3/6
f 8767/3/6 8756/3/6 8768/3/6
f 8761/3/6 8762/3/6 8769/3/6
f 8765/3/6 8766/3/6 8770/3/6
f 8764/3/6 8765/3/6 8770/3/6
f 8763/3/6 8764/3/6 8770/3/6
f 8749/3/6 8750/3/6 8771/3/6
f 8771/3/6 8750/3/6 8772/3/6
f 8759/3/6 8760/3/6 8773/3/6
f 8760/3/6 8754/3/6 8774/3/6
f 8773/3/6 8760/3/6 8774/3/6
f 8769/3/6 8770/3/6 8775/3/6
f 8770/3/6 8766/3/6 8775/3/6
f 8774/3/6 8754/3/6 8779/3/6
f 8779/3/6 8754/3/6 8780/3/6
f 8661/3/6 8706/3/6 8781/3/6
f 8706/3/6 8767/3/6 8781/3/6
f 8781/3/6 8767/3/6 8782/3/6
f 8761/3/6 8769/3/6 8784/3/6
f 8769/3/6 8775/3/6 8784/3/6
f 8775/3/6 8776/3/6 8784/3/6
f 8777/3/6 8778/3/6 8785/3/6
f 8780/3/6 8754/3/6 8787/3/6
f 8787/3/6 8754/3/6 8788/3/6
f 8785/3/6 8786/3/6 8789/3/6
f 8783/3/6 8784/3/6 8792/3/6
f 8784/3/6 8776/3/6 8793/3/6
f 8792/3/6 8784/3/6 8793/3/6
f 8789/3/6 8790/3/6 8794/3/6
f 8777/3/6 8785/3/6 8794/3/6
f 8785/3/6 8789/3/6 8794/3/6
f 8794/3/6 8790/3/6 8795/3/6
f 8788/3/6 8754/3/6 8796/3/6
f 8661/3/6 8781/3/6 8797/3/6
f 8794/3/6 8795/3/6 8798/3/6
f 8792/3/6 8793/3/6 8798/3/6
f 8795/3/6 8796/3/6 8798/3/6
f 8791/3/6 8792/3/6 8798/3/6
f 8793/3/6 8794/3/6 8798/3/6
f 8661/3/6 8797/3/6 8799/3/6
f 8797/3/6 8798/3/6 8799/3/6
f 8798/3/6 8796/3/6 8800/3/6
f 8799/3/6 8798/3/6 8800/3/6
f 8796/3/6 8754/3/6 8800/3/6
f 8754/3/6 8662/3/6 8800/3/6
f 8801/2/6 8802/2/6 8806/2/6
f 8803/2/6 8804/2/6 8807/2/6
f 8807/2/6 8804/2/6 8808/2/6
f 8808/2/6 8804/2/6 8809/2/6
f 8805/2/6 8806/2/6 8812/2/6
f 8806/2/6 8802/2/6 8813/2/6
f 8812/2/6 8806/2/6 8813/2/6
f 8813/2/6 8802/2/6 8814/2/6
f 8810/2/6 8811/2/6 8815/2/6
f 8815/2/6 8811/2/6 8816/2/6
f 8817/2/6 8818/2/6 8823/2/6
f 8823/2/6 8818/2/6 8824/2/6
f 8819/2/6 8820/2/6 8825/2/6
f 8825/2/6 8820/2/6 8826/2/6
f 8821/2/6 8822/2/6 8827/2/6
f 8821/2/6 8827/2/6 8828/2/6
f 8828/2/6 8827/2/6 8829/2/6
f 8829/2/6 8827/2/6 8830/2/6
f 8829/2/6 8830/2/6 8835/2/6
f 8831/2/6 8832/2/6 8836/2/6
f 8836/2/6 8832/2/6 8837/2/6
f 8833/2/6 8834/2/6 8839/2/6
f 8839/2/6 8834/2/6 8840/2/6
f 8829/2/6 8835/2/6 8841/2/6
f 8835/2/6 8836/2/6 8841/2/6
f 8841/2/6 8836/2/6 8842/2/6
f 8838/2/6 8839/2/6 8844/2/6
f 8842/2/6 8836/2/6 8845/2/6
f 8845/2/6 8836/2/6 8846/2/6
f 8843/2/6 8844/2/6 8848/2/6
f 8844/2/6 8839/2/6 8849/2/6
f 8848/2/6 8844/2/6 8849/2/6
f 8849/2/6 8839/2/6 8850/2/6
f 8846/2/6 8847/2/6 8852/2/6
f 8852/2/6 8847/2/6 8853/2/6
f 8850/2/6 8851/2/6 8854/2/6
f 8850/2/6 8854/2/6 8856/2/6
f 8854/2/6 8855/2/6 8856/2/6
f 8856/2/6 8855/2/6 8857/2/6
f 8857/2/6 8855/2/6 8863/2/6
f 8863/2/6 8855/2/6 8864/2/6
f 8858/2/6 8859/2/6 8865/2/6
f 8865/2/6 8859/2/6 8866/2/6
f 8861/2/6 8862/2/6 8868/2/6
f 8860/2/6 8861/2/6 8868/2/6
f 8862/2/6 8863/2/6 8868/2/6
f 8868/2/6 8863/2/6 8869/2/6
f 8869/2/6 8863/2/6 8870/2/6
f 8866/2/6 8867/2/6 8871/2/6
f 8865/2/6 8866/2/6 8871/2/6
f 8868/2/6 8869/2/6 8876/2/6
f 8876/2/6 8869/2/6 8877/2/6
f 8871/2/6 8867/2/6 8878/2/6
f 8878/2/6 8867/2/6 8879/2/6
f 8872/2/6 8873/2/6 8881/2/6
f 8881/2/6 8873/2/6 8882/2/6
f 8874/2/6 8875/2/6 8883/2/6
f 8868/2/6 8876/2/6 8884/2/6
f 8884/2/6 8876/2/6 8885/2/6
f 8871/2/6 8878/2/6 8886/2/6
f 8886/2/6 8878/2/6 8887/2/6
f 8880/2/6 8881/2/6 8889/2/6
f 8883/2/6 8875/2/6 8890/2/6
f 8888/2/6 8889/2/6 8894/2/6
f 8889/2/6 8881/2/6 8895/2/6
f 8894/2/6 8889/2/6 8895/2/6
f 8890/2/6 8891/2/6 8896/2/6
f 8883/2/6 8890/2/6 8896/2/6
f 8896/2/6 8891/2/6 8897/2/6
f 8897/2/6 8891/2/6 8898/2/6
f 8892/2/6 8893/2/6 8899/2/6
f 8899/2/6 8893/2/6 8900/2/6
f 8895/2/6 8881/2/6 8906/2/6
f 8906/2/6 8881/2/6 8907/2/6
f 8899/2/6 8900/2/6 8908/2/6
f 8900/2/6 8901/2/6 8908/2/6
f 8908/2/6 8901/2/6 8909/2/6
f 8909/2/6 8901/2/6 8910/2/6
f 8902/2/6 8903/2/6 8912/2/6
f 8912/2/6 8903/2/6 8913/2/6
f 8904/2/6 8905/2/6 8914/2/6
f 8914/2/6 8905/2/6 8915/2/6
f 8909/2/6 8910/2/6 8917/2/6
f 8910/2/6 8911/2/6 8917/2/6
f 8917/2/6 8911/2/6 8918/2/6
f 8913/2/6 8914/2/6 8920/2/6
f 8920/2/6 8914/2/6 8921/2/6
f 8915/2/6 8916/2/6 8922/2/6
f 8922/2/6 8916/2/6 8923/2/6
f 8897/2/6 8898/2/6 8924/2/6
f 8924/2/6 8898/2/6 8925/2/6
f 8918/2/6 8911/2/6 8926/2/6
f 8926/2/6 8911/2/6 8927/2/6
f 8920/2/6 8921/2/6 8928/2/6
f 8919/2/6 8920/2/6 8928/2/6
f 8928/2/6 8921/2/6 8929/2/6
f 8930/2/6 8931/2/6 8934/2/6
f 8932/2/6 8933/2/6 8936/2/6
f 8936/2/6 8933/2/6 8937/2/6
f 8934/2/6 8935/2/6 8938/2/6
f 8930/2/6 8934/2/6 8938/2/6
f 8938/2/6 8935/2/6 8939/2/6
f 8939/2/6 8935/2/6 8944/2/6
f 8944/2/6 8935/2/6 8945/2/6
f 8940/2/6 8941/2/6 8949/2/6
f 8949/2/6 8941/2/6 8950/2/6
f 8942/2/6 8943/2/6 8951/2/6
f 8946/2/6 8947/2/6 8955/2/6
f 8955/2/6 8947/2/6 8956/2/6
f 8948/2/6 8949/2/6 8957/2/6
f 8957/2/6 8949/2/6 8958/2/6
f 8942/2/6 8951/2/6 8960/2/6
f 8951/2/6 8952/2/6 8960/2/6
f 8960/2/6 8952/2/6 8961/2/6
f 8961/2/6 8952/2/6 8962/2/6
f 8953/2/6 8954/2/6 8963/2/6
f 8963/2/6 8954/2/6 8964/2/6
f 8958/2/6 8959/2/6 8965/2/6
f 8957/2/6 8958/2/6 8965/2/6
f 8965/2/6 8959/2/6 8966/2/6
f 8961/2/6 8962/2/6 8969/2/6
f 8969/2/6 8962/2/6 8970/2/6
f 8966/2/6 8967/2/6 8971/2/6
f 8968/2/6 8969/2/6 8973/2/6
f 8973/2/6 8969/2/6 8974/2/6
f 8966/2/6 8971/2/6 8975/2/6
f 8971/2/6 8972/2/6 8975/2/6
f 8975/2/6 8972/2/6 8976/2/6
f 8976/2/6 8972/2/6 8977/2/6
f 8978/2/6 8979/2/6 8980/2/6
f 8980/2/6 8979/2/6 8981/2/6
f 8982/2/6 8983/2/6 8985/2/6
f 8984/2/6 8985/2/6 8986/2/6
f 8985/2/6 8983/2/6 8987/2/6
f 8986/2/6 8985/2/6 8987/2/6
f 8987/2/6 8983/2/6 8990/2/6
f 8990/2/6 8983/2/6 8991/2/6
f 8988/2/6 8989/2/6 8994/2/6
f 8994/2/6 8989/2/6 8995/2/6
f 8992/2/6 8993/2/6 9000/2/6
f 9000/2/6 8993/2/6 9001/2/6
f 8998/2/6 8999/2/6 9002/2/6
f 9002/2/6 8999/2/6 9003/2/6
f 8996/2/6 8997/2/6 9005/2/6
f 8995/2/6 8996/2/6 9005/2/6
f 9005/2/6 8997/2/6 9006/2/6
f 9004/2/6 9005/2/6 9012/2/6
f 9005/2/6 9006/2/6 9012/2/6
f 9012/2/6 9006/2/6 9013/2/6
f 9013/2/6 9006/2/6 9014/2/6
f 9007/2/6 9008/2/6 9015/2/6
f 9015/2/6 9008/2/6 9016/2/6
f 9011/2/6 9012/2/6 9017/2/6
f 9012/2/6 9013/2/6 9017/2/6
f 9017/2/6 9013/2/6 9018/2/6
f 9018/2/6 9013/2/6 9019/2/6
f 9009/2/6 9010/2/6 9021/2/6
f 9021/2/6 9010/2/6 9022/2/6
f 9019/2/6 9020/2/6 9023/2/6
f 9018/2/6 9019/2/6 9023/2/6
f 9023/2/6 9020/2/6 9024/2/6
f 9024/2/6 9020/2/6 9025/2/6
f 9025/2/6 9020/2/6 9026/2/6
f 9024/2/6 9025/2/6 9028/2/6
f 9028/2/6 9025/2/6 9029/2/6
f 9027/2/6 9028/2/6 9030/2/6
f 9030/2/6 9028/2/6 9031/2/6
f 9034/2/6 9035/2/6 9036/2/6
f 9036/2/6 9035/2/6 9037/2/6
f 9032/2/6 9033/2/6 9038/2/6
f 9038/2/6 9033/2/6 9039/2/6
f 9034/2/6 9036/2/6 9042/2/6
f 9042/2/6 9036/2/6 9043/2/6
f 9040/2/6 9041/2/6 9044/2/6
f 9044/2/6 9041/2/6 9045/2/6
f 9046/2/6 9047/2/6 9048/2/6
f 9048/2/6 9047/2/6 9049/2/6
f 9050/2/6 9051/2/6 9052/2/6
f 9052/2/6 9051/2/6 9053/2/6
f 9053/2/6 9054/2/6 9057/2/6
f 9057/2/6 9054/2/6 9058/2/6
f 9055/2/6 9056/2/6 9059/2/6
f 9059/2/6 9056/2/6 9060/2/6
f 9061/2/6 9062/2/6 9063/2/6
f 9063/2/6 9062/2/6 9064/2/6
f 9064/2/6 9065/2/6 9068/2/6
f 9068/2/6 9065/2/6 9069/2/6
f 9066/2/6 9067/2/6 9072/2/6
f 9072/2/6 9067/2/6 9073/2/6
f 9070/2/6 9071/2/6 9074/2/6
f 9074/2/6 9071/2/6 9075/2/6
f 9076/2/6 9077/2/6 9080/2/6
f 9080/2/6 9077/2/6 9081/2/6
f 9078/2/6 9079/2/6 9083/2/6
f 9083/2/6 9079/2/6 9084/2/6
f 9082/2/6 9083/2/6 9085/2/6
f 9085/2/6 9083/2/6 9086/2/6
f 9087/2/6 9088/2/6 9092/2/6
f 9092/2/6 9088/2/6 9093/2/6
f 9089/2/6 9090/2/6 9094/2/6
f 9094/2/6 9090/2/6 9095/2/6
f 9091/2/6 9092/2/6 9096/2/6
f 9096/2/6 9092/2/6 9097/2/6
f 9098/2/6 9099/2/6 9100/2/6
f 9100/2/6 9099/2/6 9101/2/6
f 9102/2/6 9103/2/6 9104/2/6
f 9104/2/6 9103/2/6 9105/2/6
f 9106/2/6 9107/2/6 9108/2/6
f 9108/2/6 9107/2/6 9109/2/6
f 9110/2/6 9111/2/6 9114/2/6
f 9114/2/6 9111/2/6 9115/2/6
f 9112/2/6 9113/2/6 9116/2/6
f 9116/2/6 9113/2/6 9117/2/6
f 9118/2/6 9119/2/6 9120/2/6
f 9120/2/6 9119/2/6 9121/2/6
f 9122/2/6 9123/2/6 9126/2/6
f 9126/2/6 9123/2/6 9127/2/6
f 9124/2/6 9125/2/6 9129/2/6
f 9129/2/6 9125/2/6 9130/2/6
f 9128/2/6 9129/2/6 9131/2/6
f 9131/2/6 9129/2/6 9132/2/6
f 9133/2/6 9134/2/6 9135/2/6
f 9135/2/6 9134/2/6 9136/2/6
f 9137/2/6 9138/2/6 9139/2/6
f 9139/2/6 9138/2/6 9140/2/6
f 9141/2/6 9142/2/6 9144/2/6
f 9144/2/6 9142/2/6 9145/2/6
f 9143/2/6 9144/2/6 9146/2/6
f 9146/2/6 9144/2/6 9147/2/6
f 9148/2/6 9149/2/6 9152/2/6
f 9152/2/6 9149/2/6 9153/2/6
f 9150/2/6 9151/2/6 9154/2/6
f 9154/2/6 9151/2/6 9155/2/6
f 9156/2/6 9157/2/6 9158/2/6
f 9158/2/6 9157/2/6 9159/2/6
f 9160/2/6 9161/2/6 9162/2/6
f 9162/2/6 9161/2/6 9163/2/6
f 9164/2/6 9165/2/6 9167/2/6
f 9167/2/6 9165/2/6 9168/2/6
f 9166/2/6 9167/2/6 9169/2/6
f 9169/2/6 9167/2/6 9170/2/6
f 9171/2/6 9172/2/6 9173/2/6
f 9173/2/6 9172/2/6 9174/2/6
f 9175/2/6 9176/2/6 9177/2/6
f 9177/2/6 9176/2/6 9178/2/6
f 9179/2/6 9180/2/6 9183/2/6
f 9183/2/6 9180/2/6 9184/2/6
f 9181/2/6 9182/2/6 9186/2/6
f 9186/2/6 9182/2/6 9187/2/6
f 9184/2/6 9180/2/6 9188/2/6
f 9188/2/6 9180/2/6 9189/2/6
f 9185/2/6 9186/2/6 9190/2/6
f 9190/2/6 9186/2/6 9191/2/6
f 9192/2/6 9193/2/6 9196/2/6
f 9196/2/6 9193/2/6 9197/2/6
f 9194/2/6 9195/2/6 9198/2/6
f 9198/2/6 9195/2/6 9199/2/6
f 9200/2/6 9201/2/6 9202/2/6
f 9200/2/6 9202/2/6 9204/2/6
f 9202/2/6 9203/2/6 9204/2/6
f 9204/2/6 9203/2/6 9205/2/6
f 9205/2/6 9203/2/6 9206/2/6
f 9207/2/6 9208/2/6 9210/2/6
f 9210/2/6 9208/2/6 9211/2/6
f 9209/2/6 9210/2/6 9212/2/6
f 9212/2/6 9210/2/6 9213/2/6
f 9214/2/6 9215/2/6 9218/2/6
f 9218/2/6 9215/2/6 9219/2/6
f 9216/2/6 9217/2/6 9220/2/6
f 9220/2/6 9217/2/6 9221/2/6
f 9222/2/6 9223/2/6 9224/2/6
f 9224/2/6 9223/2/6 9225/2/6
f 9226/2/6 9227/2/6 9228/2/6
f 9228/2/6 9227/2/6 9229/2/6
f 9230/2/6 9231/2/6 9232/2/6
f 9232/2/6 9231/2/6 9233/2/6
f 9234/2/6 9235/2/6 9238/2/6
f 9238/2/6 9235/2/6 9239/2/6
f 9236/2/6 9237/2/6 9240/2/6
f 9240/2/6 9237/2/6 9241/2/6
f 9242/2/6 9243/2/6 9244/2/6
f 9244/2/6 9243/2/6 9245/2/6
f 9246/2/6 9247/2/6 9248/2/6
f 9248/2/6 9247/2/6 9249/2/6
f 9250/2/6 9251/2/6 9254/2/6
f 9254/2/6 9251/2/6 9255/2/6
f 9252/2/6 9253/2/6 9258/2/6
f 9258/2/6 9253/2/6 9259/2/6
f 9256/2/6 9257/2/6 9260/2/6
f 9260/2/6 9257/2/6 9261/2/6
f 9262/2/6 9263/2/6 9264/2/6
f 9264/2/6 9263/2/6 9265/2/6
f 9266/2/6 9267/2/6 9268/2/6
f 9268/2/6 9267/2/6 9269/2/6
f 9270/2/6 9271/2/6 9272/2/6
f 9272/2/6 9271/2/6 9273/2/6
f 9274/2/6 9275/2/6 9276/2/6
f 9276/2/6 9275/2/6 9277/2/6
f 9278/2/6 9279/2/6 9280/2/6
f 9280/2/6 9279/2/6 9281/2/6
f 9282/2/6 9283/2/6 9284/2/6
f 9284/2/6 9283/2/6 9285/2/6
f 9286/2/6 9287/2/6 9288/2/6
f 9288/2/6 9287/2/6 9289/2/6
f 9289/2/6 9290/2/6 9293/2/6
f 9293/2/6 9290/2/6 9294/2/6
f 9294/2/6 9295/2/6 9296/2/6
f 9296/2/6 9295/2/6 9297/2/6
f 9291/2/6 9292/2/6 9298/2/6
f 9298/2/6 9292/2/6 9299/2/6
f 9300/2/6 9301/2/6 9302/2/6
f 9302/2/6 9301/2/6 9303/2/6
f 9304/2/6 9305/2/6 9308/2/6
f 9308/2/6 9305/2/6 9309/2/6
f 9306/2/6 9307/2/6 9311/2/6
f 9311/2/6 9307/2/6 9312/2/6
f 9309/2/6 9310/2/6 9313/2/6
f 9313/2/6 9310/2/6 9314/2/6
f 9315/2/6 9316/2/6 9318/2/6
f 9318/2/6 9316/2/6 9319/2/6
f 9317/2/6 9318/2/6 9320/2/6
f 9320/2/6 9318/2/6 9321/2/6
f 9322/2/6 9323/2/6 9324/2/6
f 9324/2/6 9323/2/6 9325/2/6
f 9326/2/6 9327/2/6 9328/2/6
f 9328/2/6 9327/2/6 9329/2/6
f 9330/2/6 9331/2/6 9332/2/6
f 9332/2/6 9331/2/6 9333/2/6
f 9334/2/6 9335/2/6 9338/2/6
f 9338/2/6 9335/2/6 9339/2/6
f 9336/2/6 9337/2/6 9340/2/6
f 9340/2/6 9337/2/6 9341/2/6
f 9342/2/6 9343/2/6 9344/2/6
f 9344/2/6 9343/2/6 9345/2/6
f 9346/2/6 9347/2/6 9350/2/6
f 9350/2/6 9347/2/6 9351/2/6
f 9348/2/6 9349/2/6 9352/2/6
f 9352/2/6 9349/2/6 9353/2/6
f 9353/2/6 9354/2/6 9355/2/6
f 9355/2/6 9354/2/6 9356/2/6
f 9357/2/6 9358/2/6 9359/2/6
f 9359/2/6 9358/2/6 9360/2/6
f 9361/2/6 9362/2/6 9363/2/6
f 9363/2/6 9362/2/6 9364/2/6
f 9365/4/6 9366/4/6 9368/4/6
f 9368/4/6 9366/4/6 9369/4/6
f 9367/4/6 9368/4/6 9370/4/6
f 9370/4/6 9368/4/6 9371/4/6
f 9372/4/6 9373/4/6 9374/4/6
f 9374/4/6 9373/4/6 9375/4/6
f 9376/4/6 9377/4/6 9380/4/6
f 9380/4/6 9377/4/6 9381/4/6
f 9378/2/6 9379/2/6 9384/2/6
f 9384/2/6 9379/2/6 9385/2/6
f 9382/4/6 9383/4/6 9386/4/6
f 9381/4/6 9382/4/6 9386/4/6
f 9386/4/6 9383/4/6 9387/4/6
f 9387/4/6 9383/4/6 9388/4/6
f 9388/4/6 9389/4/6 9390/4/6
f 9387/4/6 9388/4/6 9390/4/6
f 9390/4/6 9389/4/6 9391/4/6
f 9392/4/6 9393/4/6 9394/4/6
f 9394/4/6 9393/4/6 9395/4/6
f 9396/4/6 9397/4/6 9398/4/6
f 9398/4/6 9397/4/6 9399/4/6
f 9400/4/6 9401/4/6 9402/4/6
f 9402/4/6 9401/4/6 9403/4/6
f 9406/4/6 9407/4/6 9408/4/6
f 9408/4/6 9407/4/6 9409/4/6
f 9404/4/6 9405/4/6 9410/4/6
f 9410/4/6 9405/4/6 9411/4/6
f 9411/4/6 9412/4/6 9413/4/6
f 9413/4/6 9412/4/6 9414/4/6
f 9415/4/6 9416/4/6 9417/4/6
f 9417/4/6 9416/4/6 9418/4/6
f 9419/4/6 9420/4/6 9421/4/6
f 9421/4/6 9420/4/6 9422/4/6
f 9423/4/6 9424/4/6 9425/4/6
f 9425/4/6 9424/4/6 9426/4/6
f 9427/4/6 9428/4/6 9429/4/6
f 9429/4/6 9428/4/6 9430/4/6
f 9431/4/6 9432/4/6 9433/4/6
f 9433/4/6 9432/4/6 9434/4/6
f 9434/4/6 9435/4/6 9438/4/6
f 9438/4/6 9435/4/6 9439/4/6
f 9436/4/6 9437/4/6 9440/4/6
f 9440/4/6 9437/4/6 9441/4/6
f 9442/4/6 9443/4/6 9446/4/6
f 9446/4/6 9443/4/6 9447/4/6
f 9444/4/6 9445/4/6 9448/4/6
f 9448/4/6 9445/4/6 9449/4/6
f 9450/4/6 9451/4/6 9452/4/6
f 9452/4/6 9451/4/6 9453/4/6
f 9454/4/6 9455/4/6 9456/4/6
f 9456/4/6 9455/4/6 9457/4/6
f 9458/4/6 9459/4/6 9460/4/6
f 9460/4/6 9459/4/6 9461/4/6
f 9464/4/6 9465/4/6 9466/4/6
f 9466/4/6 9465/4/6 9467/4/6
f 9462/4/6 9463/4/6 9468/4/6
f 9468/4/6 9463/4/6 9469/4/6
f 9470/4/6 9471/4/6 9474/4/6
f 9474/4/6 9471/4/6 9475/4/6
f 9472/4/6 9473/4/6 9476/4/6
f 9476/4/6 9473/4/6 9477/4/6
f 9478/4/6 9479/4/6 9480/4/6
f 9480/4/6 9479/4/6 9481/4/6
f 9482/4/6 9483/4/6 9484/4/6
f 9484/4/6 9483/4/6 9485/4/6
f 9486/4/6 9487/4/6 9488/4/6
f 9488/4/6 9487/4/6 9489/4/6
f 9490/4/6 9491/4/6 9492/4/6
f 9492/4/6 9491/4/6 9493/4/6
f 9494/4/6 9495/4/6 9496/4/6
f 9496/4/6 9495/4/6 9497/4/6
f 9498/4/6 9499/4/6 9500/4/6
f 9500/4/6 9499/4/6 9501/4/6
f 9502/4/6 9503/4/6 9507/4/6
f 9507/4/6 9503/4/6 9508/4/6
f 9505/4/6 9506/4/6 9511/4/6
f 9504/4/6 9505/4/6 9511/4/6
f 9511/4/6 9506/4/6 9512/4/6
f 9509/4/6 9510/4/6 9515/4/6
f 9515/4/6 9510/4/6 9516/4/6
f 9517/4/6 9518/4/6 9519/4/6
f 9519/4/6 9518/4/6 9520/4/6
f 9513/4/6 9514/4/6 9521/4/6
f 9521/4/6 9514/4/6 9522/4/6
f 9523/4/6 9524/4/6 9525/4/6
f 9525/4/6 9524/4/6 9526/4/6
f 9527/4/6 9528/4/6 9531/4/6
f 9531/4/6 9528/4/6 9532/4/6
f 9529/4/6 9530/4/6 9533/4/6
f 9533/4/6 9530/4/6 9534/4/6
f 9535/4/6 9536/4/6 9537/4/6
f 9537/4/6 9536/4/6 9538/4/6
f 9539/4/6 9540/4/6 9541/4/6
f 9541/4/6 9540/4/6 9542/4/6
f 9543/4/6 9544/4/6 9545/4/6
f 9545/4/6 9544/4/6 9546/4/6
f 9547/4/6 9548/4/6 9549/4/6
f 9549/4/6 9548/4/6 9550/4/6
f 9551/4/6 9552/4/6 9555/4/6
f 9555/4/6 9552/4/6 9556/4/6
f 9553/4/6 9554/4/6 9557/4/6
f 9557/4/6 9554/4/6 9558/4/6
f 9561/4/6 9562/4/6 9563/4/6
f 9563/4/6 9562/4/6 9564/4/6
f 9559/4/6 9560/4/6 9565/4/6
f 9565/4/6 9560/4/6 9566/4/6
f 9567/4/6 9568/4/6 9571/4/6
f 9571/4/6 9568/4/6 9572/4/6
f 9569/4/6 9570/4/6 9573/4/6
f 9573/4/6 9570/4/6 9574/4/6
f 9575/4/6 9576/4/6 9577/4/6
f 9577/4/6 9576/4/6 9578/4/6
f 9579/4/6 9580/4/6 9581/4/6
f 9581/4/6 9580/4/6 9582/4/6
f 9583/4/6 9584/4/6 9585/4/6
f 9585/4/6 9584/4/6 9586/4/6
f 9586/4/6 9587/4/6 9588/4/6
f 9588/4/6 9587/4/6 9589/4/6
f 9590/4/6 9591/4/6 9592/4/6
f 9592/4/6 9591/4/6 9593/4/6
f 9594/4/6 9595/4/6 9596/4/6
f 9596/4/6 9595/4/6 9597/4/6
f 9598/4/6 9599/4/6 9600/4/6
f 9600/4/6 9599/4/6 9601/4/6
f 9602/4/6 9603/4/6 9605/4/6
f 9605/4/6 9603/4/6 9606/4/6
f 9604/4/6 9605/4/6 9607/4/6
f 9607/4/6 9605/4/6 9608/4/6
f 9608/4/6 9605/4/6 9609/4/6
f 9609/4/6 9605/4/6 9610/4/6
f 9608/4/6 9609/4/6 9611/4/6
f 9611/4/6 9609/4/6 9612/4/6
f 9613/4/6 9614/4/6 9615/4/6
f 9615/4/6 9614/4/6 9616/4/6
f 9617/4/6 9618/4/6 9621/4/6
f 9619/4/6 9620/4/6 9622/4/6
f 9622/4/6 9620/4/6 9623/4/6
f 9621/4/6 9618/4/6 9625/4/6
f 9625/4/6 9618/4/6 9626/4/6
f 9623/4/6 9624/4/6 9627/4/6
f 9627/4/6 9624/4/6 9628/4/6
f 9629/4/6 9630/4/6 9633/4/6
f 9633/4/6 9630/4/6 9634/4/6
f 9631/4/6 9632/4/6 9635/4/6
f 9635/4/6 9632/4/6 9636/4/6
f 9637/4/6 9638/4/6 9639/4/6
f 9639/4/6 9638/4/6 9640/4/6
f 9640/4/6 9638/4/6 9641/4/6
f 9641/4/6 9642/4/6 9643/4/6
f 9643/4/6 9642/4/6 9644/4/6
f 9644/4/6 9642/4/6 9645/4/6
f 9644/4/6 9645/4/6 9646/4/6
f 9646/4/6 9645/4/6 9647/4/6
f 9648/4/6 9649/4/6 9650/4/6
f 9650/4/6 9649/4/6 9651/4/6
f 9652/4/6 9653/4/6 9654/4/6
f 9654/4/6 9653/4/6 9655/4/6
f 9656/4/6 9657/4/6 9662/4/6
f 9662/4/6 9657/4/6 9663/4/6
f 9658/4/6 9659/4/6 9666/4/6
f 9666/4/6 9659/4/6 9667/4/6
f 9667/4/6 9659/4/6 9668/4/6
f 9660/4/6 9661/4/6 9670/4/6
f 9670/4/6 9661/4/6 9671/4/6
f 9664/4/6 9665/4/6 9672/4/6
f 9672/4/6 9665/4/6 9673/4/6
f 9668/4/6 9669/4/6 9674/4/6
f 9667/4/6 9668/4/6 9674/4/6
f 9674/4/6 9669/4/6 9675/4/6
f 9676/4/6 9677/4/6 9678/4/6
f 9678/4/6 9677/4/6 9679/4/6
f 9680/4/6 9681/4/6 9682/4/6
f 9682/4/6 9681/4/6 9683/4/6
f 9684/4/6 9685/4/6 9686/4/6
f 9686/4/6 9685/4/6 9687/4/6
f 9688/4/6 9689/4/6 9690/4/6
f 9690/4/6 9689/4/6 9691/4/6
f 9692/4/6 9693/4/6 9694/4/6
f 9694/4/6 9693/4/6 9695/4/6
f 9696/4/6 9697/4/6 9698/4/6
f 9698/4/6 9697/4/6 9699/4/6
f 9700/4/6 9701/4/6 9704/4/6
f 9704/4/6 9701/4/6 9705/4/6
f 9702/4/6 9703/4/6 9706/4/6
f 9706/4/6 9703/4/6 9707/4/6
f 9710/4/6 9711/4/6 9714/4/6
f 9714/4/6 9711/4/6 9715/4/6
f 9708/4/6 9709/4/6 9716/4/6
f 9716/4/6 9709/4/6 9717/4/6
f 9712/4/6 9713/4/6 9718/4/6
f 9718/4/6 9713/4/6 9719/4/6
f 9719/4/6 9720/4/6 9723/4/6
f 9723/4/6 9720/4/6 9724/4/6
f 9721/4/6 9722/4/6 9725/4/6
f 9725/4/6 9722/4/6 9726/4/6
f 9727/4/6 9728/4/6 9729/4/6
f 9729/4/6 9728/4/6 9730/4/6
f 9731/4/6 9732/4/6 9733/4/6
f 9733/4/6 9732/4/6 9734/4/6
f 9735/4/6 9736/4/6 9737/4/6
f 9737/4/6 9736/4/6 9738/4/6
f 9739/4/6 9740/4/6 9741/4/6
f 9741/4/6 9740/4/6 9742/4/6
f 9742/4/6 9740/4/6 9743/4/6
f 9743/4/6 9740/4/6 9744/4/6
f 9745/4/6 9746/4/6 9750/4/6
f 9750/4/6 9746/4/6 9751/4/6
f 9751/4/6 9746/4/6 9752/4/6
f 9747/4/6 9748/4/6 9753/4/6
f 9753/4/6 9748/4/6 9754/4/6
f 9749/4/6 9750/4/6 9756/4/6
f 9750/4/6 9751/4/6 9756/4/6
f 9756/4/6 9751/4/6 9757/4/6
f 9754/4/6 9755/4/6 9758/4/6
f 9753/4/6 9754/4/6 9758/4/6
f 9758/4/6 9755/4/6 9759/4/6
f 9762/4/6 9763/4/6 9764/4/6
f 9764/4/6 9763/4/6 9765/4/6
f 9766/4/6 9767/4/6 9768/4/6
f 9768/4/6 9767/4/6 9769/4/6
f 9760/4/6 9761/4/6 9770/4/6
f 9770/4/6 9761/4/6 9771/4/6
f 9772/4/6 9773/4/6 9774/4/6
f 9774/4/6 9773/4/6 9775/4/6
f 9776/4/6 9777/4/6 9778/4/6
f 9778/4/6 9777/4/6 9779/4/6
f 9780/4/6 9781/4/6 9782/4/6
f 9782/4/6 9781/4/6 9783/4/6
f 9784/4/6 9785/4/6 9786/4/6
f 9786/4/6 9785/4/6 9787/4/6
f 9788/4/6 9789/4/6 9795/4/6
f 9795/4/6 9789/4/6 9796/4/6
f 9792/4/6 9793/4/6 9797/4/6
f 9797/4/6 9793/4/6 9798/4/6
f 9794/4/6 9795/4/6 9799/4/6
f 9799/4/6 9795/4/6 9800/4/6
f 9790/4/6 9791/4/6 9801/4/6
f 9801/4/6 9791/4/6 9802/4/6
f 9803/4/6 9804/4/6 9807/4/6
f 9807/4/6 9804/4/6 9808/4/6
f 9805/4/6 9806/4/6 9809/4/6
f 9809/4/6 9806/4/6 9810/4/6
f 9811/4/6 9812/4/6 9813/4/6
f 9813/4/6 9812/4/6 9814/4/6
f 9815/4/6 9816/4/6 9817/4/6
f 9817/4/6 9816/4/6 9818/4/6
f 9819/4/6 9820/4/6 9825/4/6
f 9825/4/6 9820/4/6 9826/4/6
f 9821/4/6 9822/4/6 9827/4/6
f 9827/4/6 9822/4/6 9828/4/6
f 9819/4/6 9825/4/6 9830/4/6
f 9830/4/6 9825/4/6 9831/4/6
f 9823/4/6 9824/4/6 9835/4/6
f 9835/4/6 9824/4/6 9836/4/6
f 9829/4/6 9830/4/6 9837/4/6
f 9837/4/6 9830/4/6 9838/4/6
f 9831/4/6 9832/4/6 9840/4/6
f 9840/4/6 9832/4/6 9841/4/6
f 9833/4/6 9834/4/6 9842/4/6
f 9842/4/6 9834/4/6 9843/4/6
f 9838/4/6 9839/4/6 9844/4/6
f 9844/4/6 9839/4/6 9845/4/6
f 9842/4/6 9843/4/6 9846/4/6
f 9841/4/6 9842/4/6 9846/4/6
f 9846/4/6 9843/4/6 9847/4/6
f 9848/4/6 9849/4/6 9852/4/6
f 9850/4/6 9851/4/6 9853/4/6
f 9853/4/6 9851/4/6 9854/4/6
f 9848/4/6 9852/4/6 9855/4/6
f 9855/4/6 9852/4/6 9856/4/6
f 9857/4/6 9858/4/6 9861/4/6
f 9861/4/6 9858/4/6 9862/4/6
f 9859/4/6 9860/4/6 9863/4/6
f 9863/4/6 9860/4/6 9864/4/6
f 9865/4/6 9866/4/6 9867/4/6
f 9867/4/6 9866/4/6 9868/4/6
f 9869/4/6 9870/4/6 9873/4/6
f 9873/4/6 9870/4/6 9874/4/6
f 9871/4/6 9872/4/6 9875/4/6
f 9875/4/6 9872/4/6 9876/4/6
f 9877/4/6 9878/4/6 9879/4/6
f 9879/4/6 9878/4/6 9880/4/6
f 9881/4/6 9882/4/6 9885/4/6
f 9885/4/6 9882/4/6 9886/4/6
f 9883/4/6 9884/4/6 9887/4/6
f 9883/4/6 9887/4/6 9889/4/6
f 9887/4/6 9888/4/6 9889/4/6
f 9889/4/6 9888/4/6 9890/4/6
f 9883/4/6 9889/4/6 9891/4/6
f 9891/4/6 9889/4/6 9892/4/6
f 9890/4/6 9888/4/6 9893/4/6
f 9883/4/6 9891/4/6 9894/4/6
f 9894/4/6 9891/4/6 9895/4/6
f 9892/4/6 9893/4/6 9896/4/6
f 9893/4/6 9888/4/6 9897/4/6
f 9896/4/6 9893/4/6 9897/4/6
f 9898/4/6 9899/4/6 9903/4/6
f 9903/4/6 9899/4/6 9904/4/6
f 9904/4/6 9899/4/6 9905/4/6
f 9900/4/6 9901/4/6 9906/4/6
f 9902/4/6 9903/4/6 9909/4/6
f 9909/4/6 9903/4/6 9910/4/6
f 9904/4/6 9905/4/6 9911/4/6
f 9911/4/6 9905/4/6 9912/4/6
f 9906/4/6 9901/4/6 9913/4/6
f 9913/4/6 9901/4/6 9914/4/6
f 9907/4/6 9908/4/6 9915/4/6
f 9915/4/6 9908/4/6 9916/4/6
f 9917/4/6 9918/4/6 9921/4/6
f 9921/4/6 9918/4/6 9922/4/6
f 9919/4/6 9920/4/6 9924/4/6
f 9924/4/6 9920/4/6 9925/4/6
f 9922/4/6 9923/4/6 9926/4/6
f 9926/4/6 9923/4/6 9927/4/6
f 9928/4/6 9929/4/6 9934/4/6
f 9930/4/6 9931/4/6 9937/4/6
f 9937/4/6 9931/4/6 9938/4/6
f 9932/4/6 9933/4/6 9939/4/6
f 9939/4/6 9933/4/6 9940/4/6
f 9934/4/6 9935/4/6 9942/4/6
f 9928/4/6 9934/4/6 9942/4/6
f 9942/4/6 9935/4/6 9943/4/6
f 9943/4/6 9935/4/6 9944/4/6
f 9944/4/6 9935/4/6 9945/4/6
f 9936/4/6 9937/4/6 9946/4/6
f 9943/4/6 9944/4/6 9949/4/6
f 9949/4/6 9944/4/6 9950/4/6
f 9946/4/6 9947/4/6 9952/4/6
f 9936/4/6 9946/4/6 9952/4/6
f 9952/4/6 9947/4/6 9953/4/6
f 9953/4/6 9947/4/6 9954/4/6
f 9940/4/6 9941/4/6 9956/4/6
f 9956/4/6 9941/4/6 9957/4/6
f 9950/4/6 9951/4/6 9958/4/6
f 9949/4/6 9950/4/6 9958/4/6
f 9948/4/6 9949/4/6 9958/4/6
f 9954/4/6 9955/4/6 9960/4/6
f 9953/4/6 9954/4/6 9960/4/6
f 9958/4/6 9959/4/6 9964/4/6
f 9948/4/6 9958/4/6 9964/4/6
f 9964/4/6 9959/4/6 9965/4/6
f 9965/4/6 9959/4/6 9966/4/6
f 9960/4/6 9961/4/6 9968/4/6
f 9953/4/6 9960/4/6 9968/4/6
f 9968/4/6 9961/4/6 9969/4/6
f 9969/4/6 9961/4/6 9970/4/6
f 9970/4/6 9961/4/6 9971/4/6
f 9971/4/6 9961/4/6 9972/4/6
f 9972/4/6 9961/4/6 9973/4/6
f 9957/4/6 9941/4/6 9974/4/6
f 9974/4/6 9941/4/6 9975/4/6
f 9966/4/6 9959/4/6 9977/4/6
f 9977/4/6 9959/4/6 9978/4/6
f 9967/4/6 9968/4/6 9979/4/6
f 9968/4/6 9969/4/6 9979/4/6
f 9979/4/6 9969/4/6 9980/4/6
f 9980/4/6 9969/4/6 9981/4/6
f 9970/4/6 9971/4/6 9982/4/6
f 9982/4/6 9971/4/6 9983/4/6
f 9972/4/6 9973/4/6 9984/4/6
f 9973/4/6 9974/4/6 9984/4/6
f 9975/4/6 9976/4/6 9985/4/6
f 9985/4/6 9976/4/6 9986/4/6
f 9962/4/6 9963/4/6 9987/4/6
f 9987/4/6 9963/4/6 9988/4/6
f 9981/4/6 9982/4/6 9989/4/6
f 9980/4/6 9981/4/6 9989/4/6
f 9989/4/6 9982/4/6 9990/4/6
f 9983/4/6 9984/4/6 9991/4/6
f 9984/4/6 9974/4/6 9992/4/6
f 9991/4/6 9984/4/6 9992/4/6
f 9993/4/6 9994/4/6 9999/4/6
f 9999/4/6 9994/4/6 10000/4/6
f 9995/4/6 9996/4/6 10001/4/6
f 10001/4/6 9996/4/6 10002/4/6
f 9997/4/6 9998/4/6 10003/4/6
f 10003/4/6 9998/4/6 10004/4/6
f 10004/4/6 10005/4/6 10006/4/6
f 10006/4/6 10005/4/6 10007/4/6
f 10008/4/6 10009/4/6 10012/4/6
f 10012/4/6 10009/4/6 10013/4/6
f 10010/4/6 10011/4/6 10015/4/6
f 10015/4/6 10011/4/6 10016/4/6
f 10014/4/6 10015/4/6 10017/4/6
f 10017/4/6 10015/4/6 10018/4/6
f 10019/4/6 10020/4/6 10021/4/6
f 10021/4/6 10020/4/6 10022/4/6
f 10022/4/6 10023/4/6 10024/4/6
f 10024/4/6 10023/4/6 10025/4/6
f 10026/4/6 10027/4/6 10028/4/6
f 10028/4/6 10027/4/6 10029/4/6
f 10030/4/6 10031/4/6 10034/4/6
f 10034/4/6 10031/4/6 10035/4/6
f 10032/4/6 10033/4/6 10036/4/6
f 10036/4/6 10033/4/6 10037/4/6
f 10038/4/6 10039/4/6 10042/4/6
f 10042/4/6 10039/4/6 10043/4/6
f 10043/4/6 10039/4/6 10044/4/6
f 10040/4/6 10041/4/6 10045/4/6
f 10045/4/6 10041/4/6 10046/4/6
f 10046/4/6 10041/4/6 10047/4/6
f 10044/4/6 10039/4/6 10050/4/6
f 10050/4/6 10039/4/6 10051/4/6
f 10051/4/6 10052/4/6 10053/4/6
f 10050/4/6 10051/4/6 10053/4/6
f 10053/4/6 10052/4/6 10054/4/6
f 10048/4/6 10049/4/6 10057/4/6
f 10057/4/6 10049/4/6 10058/4/6
f 10054/4/6 10052/4/6 10063/4/6
f 10063/4/6 10052/4/6 10064/4/6
f 10055/4/6 10056/4/6 10066/4/6
f 10066/4/6 10056/4/6 10067/4/6
f 10059/4/6 10060/4/6 10070/4/6
f 10070/4/6 10060/4/6 10071/4/6
f 10061/4/6 10062/4/6 10072/4/6
f 10072/4/6 10062/4/6 10073/4/6
f 10064/4/6 10065/4/6 10074/4/6
f 10074/4/6 10065/4/6 10075/4/6
f 10075/4/6 10065/4/6 10076/4/6
f 10068/4/6 10069/4/6 10080/4/6
f 10080/4/6 10069/4/6 10081/4/6
f 10076/4/6 10077/4/6 10082/4/6
f 10075/4/6 10076/4/6 10082/4/6
f 10082/4/6 10077/4/6 10083/4/6
f 10083/4/6 10077/4/6 10084/4/6
f 10084/4/6 10077/4/6 10085/4/6
f 10078/4/6 10079/4/6 10086/4/6
f 10086/4/6 10079/4/6 10087/4/6
f 10088/4/6 10089/4/6 10090/4/6
f 10090/4/6 10089/4/6 10091/4/6
f 10092/4/6 10093/4/6 10096/4/6
f 10096/4/6 10093/4/6 10097/4/6
f 10094/4/6 10095/4/6 10100/4/6
f 10100/4/6 10095/4/6 10101/4/6
f 10098/4/6 10099/4/6 10102/4/6
f 10102/4/6 10099/4/6 10103/4/6
f 10104/4/6 10105/4/6 10110/4/6
f 10110/4/6 10105/4/6 10111/4/6
f 10106/4/6 10107/4/6 10112/4/6
f 10112/4/6 10107/4/6 10113/4/6
f 10108/4/6 10109/4/6 10114/4/6
f 10114/4/6 10109/4/6 10115/4/6
f 10116/4/6 10117/4/6 10118/4/6
f 10118/4/6 10117/4/6 10119/4/6
f 10120/4/6 10121/4/6 10122/4/6
f 10122/4/6 10121/4/6 10123/4/6
f 10126/4/6 10127/4/6 10128/4/6
f 10128/4/6 10127/4/6 10129/4/6
f 10126/4/6 10128/4/6 10130/4/6
f 10126/4/6 10130/4/6 10132/4/6
f 10130/4/6 10131/4/6 10132/4/6
f 10132/4/6 10131/4/6 10133/4/6
f 10124/4/6 10125/4/6 10134/4/6
f 10134/4/6 10125/4/6 10135/4/6
f 10136/4/6 10137/4/6 10140/4/6
f 10140/4/6 10137/4/6 10141/4/6
f 10138/4/6 10139/4/6 10142/4/6
f 10142/4/6 10139/4/6 10143/4/6
f 10144/4/6 10145/4/6 10147/4/6
f 10148/4/6 10149/4/6 10152/4/6
f 10150/4/6 10151/4/6 10154/4/6
f 10154/4/6 10151/4/6 10155/4/6
f 10152/4/6 10153/4/6 10159/4/6
f 10148/4/6 10152/4/6 10159/4/6
f 10159/4/6 10153/4/6 10160/4/6
f 10155/4/6 10156/4/6 10162/4/6
f 10146/4/6 10147/4/6 10163/4/6
f 10147/4/6 10145/4/6 10164/4/6
f 10163/4/6 10147/4/6 10164/4/6
f 10157/4/6 10158/4/6 10166/4/6
f 10166/4/6 10158/4/6 10167/4/6
f 10167/4/6 10158/4/6 10168/4/6
f 10168/4/6 10158/4/6 10169/4/6
f 10160/4/6 10153/4/6 10172/4/6
f 10172/4/6 10153/4/6 10173/4/6
f 10161/4/6 10162/4/6 10174/4/6
f 10165/4/6 10166/4/6 10177/4/6
f 10177/4/6 10166/4/6 10178/4/6
f 10167/4/6 10168/4/6 10179/4/6
f 10179/4/6 10168/4/6 10180/4/6
f 10170/4/6 10171/4/6 10181/4/6
f 10181/4/6 10171/4/6 10182/4/6
f 10175/4/6 10176/4/6 10183/4/6
f 10183/4/6 10176/4/6 10184/4/6
f 10173/4/6 10174/4/6 10185/4/6
f 10174/4/6 10162/4/6 10185/4/6
f 10162/4/6 10156/4/6 10185/4/6
f 10185/4/6 10156/4/6 10186/4/6
f 10173/4/6 10185/4/6 10188/4/6
f 10186/4/6 10187/4/6 10189/4/6
f 10189/4/6 10187/4/6 10190/4/6
f 10173/4/6 10188/4/6 10193/4/6
f 10188/4/6 10189/4/6 10193/4/6
f 10193/4/6 10189/4/6 10194/4/6
f 10191/4/6 10192/4/6 10195/4/6
f 10195/4/6 10192/4/6 10196/4/6
f 10199/4/6 10200/4/6 10202/4/6
f 10202/4/6 10200/4/6 10203/4/6
f 10197/4/6 10198/4/6 10204/4/6
f 10204/4/6 10198/4/6 10205/4/6
f 10201/4/6 10202/4/6 10206/4/6
f 10206/4/6 10202/4/6 10207/4/6
f 10207/4/6 10202/4/6 10208/4/6
f 10208/4/6 10202/4/6 10209/4/6
f 10205/4/6 10206/4/6 10212/4/6
f 10212/4/6 10206/4/6 10213/4/6
f 10207/4/6 10208/4/6 10214/4/6
f 10214/4/6 10208/4/6 10215/4/6
f 10215/4/6 10208/4/6 10216/4/6
f 10216/4/6 10208/4/6 10217/4/6
f 10210/4/6 10211/4/6 10221/4/6
f 10221/4/6 10211/4/6 10222/4/6
f 10218/4/6 10219/4/6 10231/4/6
f 10231/4/6 10219/4/6 10232/4/6
f 10220/4/6 10221/4/6 10233/4/6
f 10221/4/6 10222/4/6 10233/4/6
f 10222/4/6 10223/4/6 10233/4/6
f 10224/4/6 10225/4/6 10234/4/6
f 10234/4/6 10225/4/6 10235/4/6
f 10235/4/6 10225/4/6 10236/4/6
f 10236/4/6 10225/4/6 10237/4/6
f 10226/4/6 10227/4/6 10238/4/6
f 10238/4/6 10227/4/6 10239/4/6
f 10233/4/6 10223/4/6 10240/4/6
f 10235/4/6 10236/4/6 10241/4/6
f 10231/4/6 10232/4/6 10243/4/6
f 10230/4/6 10231/4/6 10243/4/6
f 10237/4/6 10238/4/6 10244/4/6
f 10228/4/6 10229/4/6 10246/4/6
f 10246/4/6 10229/4/6 10247/4/6
f 10242/4/6 10243/4/6 10248/4/6
f 10248/4/6 10243/4/6 10249/4/6
f 10244/4/6 10245/4/6 10250/4/6
f 10249/4/6 10243/4/6 10252/4/6
f 10243/4/6 10232/4/6 10253/4/6
f 10252/4/6 10243/4/6 10253/4/6
f 10240/4/6 10241/4/6 10254/4/6
f 10233/4/6 10240/4/6 10254/4/6
f 10241/4/6 10236/4/6 10255/4/6
f 10254/4/6 10241/4/6 10255/4/6
f 10255/4/6 10236/4/6 10256/4/6
f 10250/4/6 10251/4/6 10257/4/6
f 10237/4/6 10244/4/6 10257/4/6
f 10244/4/6 10250/4/6 10257/4/6
f 10257/4/6 10251/4/6 10258/4/6
f 10247/4/6 10229/4/6 10259/4/6
f 10259/4/6 10229/4/6 10260/4/6
f 10260/4/6 10229/4/6 10261/4/6
f 10255/4/6 10256/4/6 10262/4/6
f 10256/4/6 10257/4/6 10262/4/6
f 10262/4/6 10257/4/6 10263/4/6
f 10259/4/6 10260/4/6 10264/4/6
f 10264/4/6 10260/4/6 10265/4/6
f 10266/4/6 10267/4/6 10270/4/6
f 10270/4/6 10267/4/6 10271/4/6
f 10268/4/6 10269/4/6 10276/4/6
f 10276/4/6 10269/4/6 10277/4/6
f 10266/4/6 10270/4/6 10278/4/6
f 10278/4/6 10270/4/6 10279/4/6
f 10272/4/6 10273/4/6 10280/4/6
f 10280/4/6 10273/4/6 10281/4/6
f 10274/4/6 10275/4/6 10282/4/6
f 10282/4/6 10275/4/6 10283/4/6
f 10277/4/6 10278/4/6 10284/4/6
f 10284/4/6 10278/4/6 10285/4/6
f 10286/4/6 10287/4/6 10288/4/6
f 10288/4/6 10287/4/6 10289/4/6
f 10290/4/6 10291/4/6 10294/4/6
f 10294/4/6 10291/4/6 10295/4/6
f 10292/4/6 10293/4/6 10296/4/6
f 10296/4/6 10293/4/6 10297/4/6
f 10298/4/6 10299/4/6 10302/4/6
f 10300/2/6 10301/2/6 10304/2/6
f 10304/2/6 10301/2/6 10305/2/6
f 10302/4/6 10303/4/6 10308/4/6
f 10298/4/6 10302/4/6 10308/4/6
f 10308/4/6 10303/4/6 10309/4/6
f 10309/4/6 10303/4/6 10310/4/6
f 10306/4/6 10307/4/6 10313/4/6
f 10313/4/6 10307/4/6 10314/4/6
f 10298/4/6 10308/4/6 10315/4/6
f 10315/4/6 10308/4/6 10316/4/6
f 10311/4/6 10312/4/6 10320/4/6
f 10320/4/6 10312/4/6 10321/4/6
f 10316/4/6 10317/4/6 10322/4/6
f 10322/4/6 10317/4/6 10323/4/6
f 10324/4/6 10325/4/6 10332/4/6
f 10332/4/6 10325/4/6 10333/4/6
f 10318/4/6 10319/4/6 10334/4/6
f 10334/4/6 10319/4/6 10335/4/6
f 10326/4/6 10327/4/6 10336/4/6
f 10336/4/6 10327/4/6 10337/4/6
f 10328/4/6 10329/4/6 10339/4/6
f 10339/4/6 10329/4/6 10340/4/6
f 10340/4/6 10329/4/6 10341/4/6
f 10341/4/6 10329/4/6 10342/4/6
f 10342/4/6 10329/4/6 10343/4/6
f 10330/4/6 10331/4/6 10344/4/6
f 10344/4/6 10331/4/6 10345/4/6
f 10337/4/6 10338/4/6 10346/4/6
f 10340/4/6 10341/4/6 10349/4/6
f 10349/4/6 10341/4/6 10350/4/6
f 10342/4/6 10343/4/6 10351/4/6
f 10346/4/6 10347/4/6 10352/4/6
f 10337/4/6 10346/4/6 10352/4/6
f 10352/4/6 10347/4/6 10353/4/6
f 10350/4/6 10351/4/6 10354/4/6
f 10351/4/6 10343/4/6 10355/4/6
f 10354/4/6 10351/4/6 10355/4/6
f 10355/4/6 10343/4/6 10356/4/6
f 10356/4/6 10357/4/6 10358/4/6
f 10355/4/6 10356/4/6 10358/4/6
f 10358/4/6 10357/4/6 10359/4/6
f 10348/4/6 10349/4/6 10360/4/6
f 10360/4/6 10349/4/6 10361/4/6
f 10359/4/6 10357/4/6 10362/4/6
f 10362/4/6 10357/4/6 10363/4/6
f 10364/4/6 10365/4/6 10366/4/6
f 10366/4/6 10365/4/6 10367/4/6
f 10367/4/6 10365/4/6 10368/4/6
f 10367/4/6 10368/4/6 10372/4/6
f 10368/4/6 10369/4/6 10372/4/6
f 10372/4/6 10369/4/6 10373/4/6
f 10370/4/6 10371/4/6 10378/4/6
f 10378/4/6 10371/4/6 10379/4/6
f 10374/4/6 10375/4/6 10381/4/6
f 10381/4/6 10375/4/6 10382/4/6
f 10376/4/6 10377/4/6 10383/4/6
f 10383/4/6 10377/4/6 10384/4/6
f 10379/4/6 10380/4/6 10385/4/6
f 10378/4/6 10379/4/6 10385/4/6
f 10385/4/6 10380/4/6 10386/4/6
f 10387/4/6 10388/4/6 10391/4/6
f 10391/4/6 10388/4/6 10392/4/6
f 10389/4/6 10390/4/6 10393/4/6
f 10387/4/6 10391/4/6 10394/4/6
f 10394/4/6 10391/4/6 10395/4/6
f 10389/4/6 10393/4/6 10397/4/6
f 10397/4/6 10393/4/6 10398/4/6
f 10387/4/6 10394/4/6 10399/4/6
f 10399/4/6 10394/4/6 10400/4/6
f 10395/4/6 10396/4/6 10401/4/6
f 10387/4/6 10399/4/6 10402/4/6
f 10400/4/6 10401/4/6 10403/4/6
f 10387/4/6 10402/4/6 10404/4/6
f 10402/4/6 10403/4/6 10404/4/6
f 10403/4/6 10401/4/6 10405/4/6
f 10404/4/6 10403/4/6 10405/4/6
f 10401/4/6 10396/4/6 10405/4/6
f 10406/4/6 10407/4/6 10411/4/6
f 10411/4/6 10407/4/6 10412/4/6
f 10408/4/6 10409/4/6 10413/4/6
f 10413/4/6 10409/4/6 10414/4/6
f 10411/4/6 10412/4/6 10419/4/6
f 10410/4/6 10411/4/6 10419/4/6
f 10412/4/6 10413/4/6 10419/4/6
f 10419/4/6 10413/4/6 10420/4/6
f 10414/4/6 10409/4/6 10421/4/6
f 10421/4/6 10409/4/6 10422/4/6
f 10415/4/6 10416/4/6 10423/4/6
f 10423/4/6 10416/4/6 10424/4/6
f 10417/4/6 10418/4/6 10425/4/6
f 10425/4/6 10418/4/6 10426/4/6
f 10420/4/6 10413/4/6 10428/4/6
f 10422/4/6 10409/4/6 10430/4/6
f 10420/4/6 10428/4/6 10434/4/6
f 10428/4/6 10429/4/6 10434/4/6
f 10434/4/6 10429/4/6 10435/4/6
f 10435/4/6 10429/4/6 10436/4/6
f 10422/4/6 10430/4/6 10437/4/6
f 10430/4/6 10431/4/6 10437/4/6
f 10437/4/6 10431/4/6 10438/4/6
f 10438/4/6 10431/4/6 10439/4/6
f 10432/4/6 10433/4/6 10440/4/6
f 10440/4/6 10433/4/6 10441/4/6
f 10425/4/6 10426/4/6 10442/4/6
f 10426/4/6 10427/4/6 10442/4/6
f 10424/4/6 10425/4/6 10442/4/6
f 10435/4/6 10436/4/6 10444/4/6
f 10436/4/6 10437/4/6 10444/4/6
f 10444/4/6 10437/4/6 10445/4/6
f 10438/4/6 10439/4/6 10446/4/6
f 10446/4/6 10439/4/6 10447/4/6
f 10442/4/6 10443/4/6 10448/4/6
f 10424/4/6 10442/4/6 10448/4/6
f 10448/4/6 10443/4/6 10449/4/6
f 10450/4/6 10451/4/6 10454/4/6
f 10454/4/6 10451/4/6 10455/4/6
f 10452/4/6 10453/4/6 10456/4/6
f 10456/4/6 10453/4/6 10457/4/6
f 10458/4/6 10459/4/6 10465/4/6
f 10465/4/6 10459/4/6 10466/4/6
f 10462/4/6 10463/4/6 10469/4/6
f 10469/4/6 10463/4/6 10470/4/6
f 10464/4/6 10465/4/6 10471/4/6
f 10471/4/6 10465/4/6 10472/4/6
f 10466/4/6 10467/4/6 10473/4/6
f 10460/4/6 10461/4/6 10474/4/6
f 10469/4/6 10470/4/6 10475/4/6
f 10468/4/6 10469/4/6 10475/4/6
f 10470/4/6 10471/4/6 10475/4/6
f 10475/4/6 10471/4/6 10476/4/6
f 10474/4/6 10475/4/6 10476/4/6
f 10472/4/6 10473/4/6 10477/4/6
f 10473/4/6 10467/4/6 10478/4/6
f 10477/4/6 10473/4/6 10478/4/6
f 10478/4/6 10467/4/6 10481/4/6
f 10481/4/6 10467/4/6 10482/4/6
f 10479/4/6 10480/4/6 10484/4/6
f 10484/4/6 10480/4/6 10485/4/6
f 10476/4/6 10477/4/6 10486/4/6
f 10482/4/6 10467/4/6 10487/4/6
f 10487/4/6 10467/4/6 10488/4/6
f 10483/4/6 10484/4/6 10490/4/6
f 10490/4/6 10484/4/6 10491/4/6
f 10474/4/6 10476/4/6 10492/4/6
f 10460/4/6 10474/4/6 10492/4/6
f 10476/4/6 10486/4/6 10492/4/6
f 10486/4/6 10487/4/6 10492/4/6
f 10492/4/6 10487/4/6 10493/4/6
f 10460/4/6 10492/4/6 10494/4/6
f 10494/4/6 10492/4/6 10495/4/6
f 10493/4/6 10487/4/6 10497/4/6
f 10489/4/6 10490/4/6 10498/4/6
f 10498/4/6 10490/4/6 10499/4/6
f 10496/4/6 10497/4/6 10502/4/6
f 10502/4/6 10497/4/6 10503/4/6
f 10500/4/6 10501/4/6 10505/4/6
f 10505/4/6 10501/4/6 10506/4/6
f 10504/4/6 10505/4/6 10508/4/6
f 10506/4/6 10507/4/6 10508/4/6
f 10505/4/6 10506/4/6 10508/4/6
f 10508/4/6 10507/4/6 10509/4/6
f 10503/4/6 10497/4/6 10510/4/6
f 10497/4/6 10487/4/6 10511/4/6
f 10510/4/6 10497/4/6 10511/4/6
f 10504/4/6 10508/4/6 10513/4/6
f 10509/4/6 10510/4/6 10514/4/6
f 10514/4/6 10510/4/6 10515/4/6
f 10512/4/6 10513/4/6 10519/4/6
f 10519/4/6 10513/4/6 10520/4/6
f 10515/4/6 10516/4/6 10521/4/6
f 10517/4/6 10518/4/6 10523/4/6
f 10523/4/6 10518/4/6 10524/4/6
f 10520/4/6 10513/4/6 10525/4/6
f 10525/4/6 10513/4/6 10526/4/6
f 10521/4/6 10522/4/6 10527/4/6
f 10515/4/6 10521/4/6 10527/4/6
f 10527/4/6 10522/4/6 10528/4/6
f 10526/4/6 10513/4/6 10531/4/6
f 10513/4/6 10508/4/6 10531/4/6
f 10531/4/6 10508/4/6 10532/4/6
f 10528/4/6 10522/4/6 10533/4/6
f 10533/4/6 10522/4/6 10534/4/6
f 10529/4/6 10530/4/6 10535/4/6
f 10535/4/6 10530/4/6 10536/4/6
f 10526/4/6 10531/4/6 10537/4/6
f 10537/4/6 10531/4/6 10538/4/6
f 10538/4/6 10531/4/6 10539/4/6
f 10539/4/6 10531/4/6 10540/4/6
f 10541/4/6 10542/4/6 10545/4/6
f 10545/4/6 10542/4/6 10546/4/6
f 10543/4/6 10544/4/6 10547/4/6
f 10547/4/6 10544/4/6 10548/4/6
f 10549/4/6 10550/4/6 10552/4/6
f 10552/4/6 10550/4/6 10553/4/6
f 10551/4/6 10552/4/6 10559/4/6
f 10559/4/6 10552/4/6 10560/4/6
f 10553/4/6 10554/4/6 10561/4/6
f 10561/4/6 10554/4/6 10562/4/6
f 10555/4/6 10556/4/6 10563/4/6
f 10563/4/6 10556/4/6 10564/4/6
f 10551/4/6 10559/4/6 10565/4/6
f 10565/4/6 10559/4/6 10566/4/6
f 10567/4/6 10568/4/6 10569/4/6
f 10569/4/6 10568/4/6 10570/4/6
f 10557/4/6 10558/4/6 10572/4/6
f 10572/4/6 10558/4/6 10573/4/6
f 10570/4/6 10571/4/6 10574/4/6
f 10570/4/6 10574/4/6 10578/4/6
f 10574/4/6 10575/4/6 10578/4/6
f 10578/4/6 10575/4/6 10579/4/6
f 10576/4/6 10577/4/6 10580/4/6
f 10580/4/6 10577/4/6 10581/4/6
f 10583/4/6 10584/4/6 10590/4/6
f 10590/4/6 10584/4/6 10591/4/6
f 10585/4/6 10586/4/6 10592/4/6
f 10592/4/6 10586/4/6 10593/4/6
f 10587/4/6 10588/4/6 10594/4/6
f 10594/4/6 10588/4/6 10595/4/6
f 10581/4/6 10582/4/6 10596/4/6
f 10580/4/6 10581/4/6 10596/4/6
f 10596/4/6 10582/4/6 10597/4/6
f 10590/4/6 10591/4/6 10599/4/6
f 10591/4/6 10592/4/6 10599/4/6
f 10589/4/6 10590/4/6 10599/4/6
f 10599/4/6 10592/4/6 10600/4/6
f 10600/4/6 10592/4/6 10601/4/6
f 10597/4/6 10598/4/6 10606/4/6
f 10606/4/6 10598/4/6 10607/4/6
f 10589/4/6 10599/4/6 10608/4/6
f 10608/4/6 10599/4/6 10609/4/6
f 10600/4/6 10601/4/6 10610/4/6
f 10601/4/6 10602/4/6 10610/4/6
f 10610/4/6 10602/4/6 10611/4/6
f 10603/4/6 10604/4/6 10612/4/6
f 10611/4/6 10602/4/6 10614/4/6
f 10614/4/6 10602/4/6 10615/4/6
f 10612/4/6 10613/4/6 10616/4/6
f 10605/4/6 10606/4/6 10617/4/6
f 10617/4/6 10606/4/6 10618/4/6
f 10618/4/6 10606/4/6 10619/4/6
f 10619/4/6 10606/4/6 10620/4/6
f 10612/4/6 10616/4/6 10621/4/6
f 10603/4/6 10612/4/6 10621/4/6
f 10616/4/6 10617/4/6 10621/4/6
f 10621/4/6 10617/4/6 10622/4/6
f 10623/4/6 10624/4/6 10625/4/6
f 10625/4/6 10624/4/6 10626/4/6
f 10627/4/6 10628/4/6 10632/4/6
f 10632/4/6 10628/4/6 10633/4/6
f 10629/4/6 10630/4/6 10634/4/6
f 10634/4/6 10630/4/6 10635/4/6
f 10631/4/6 10632/4/6 10636/4/6
f 10636/4/6 10632/4/6 10637/4/6
f 10638/4/6 10639/4/6 10640/4/6
f 10640/4/6 10639/4/6 10641/4/6
f 10642/4/6 10643/4/6 10646/4/6
f 10646/4/6 10643/4/6 10647/4/6
f 10644/4/6 10645/4/6 10648/4/6
f 10648/4/6 10645/4/6 10649/4/6
f 10647/4/6 10643/4/6 10651/4/6
f 10651/4/6 10643/4/6 10652/4/6
f 10650/4/6 10651/4/6 10655/4/6
f 10651/4/6 10652/4/6 10655/4/6
f 10655/4/6 10652/4/6 10656/4/6
f 10653/4/6 10654/4/6 10657/4/6
f 10657/4/6 10654/4/6 10658/4/6
f 10656/4/6 10657/4/6 10659/4/6
f 10659/4/6 10657/4/6 10660/4/6
f 10660/4/6 10657/4/6 10661/4/6
f 10661/4/6 10657/4/6 10662/4/6
f 10662/4/6 10663/4/6 10664/4/6
f 10662/4/6 10664/4/6 10666/4/6
f 10664/4/6 10665/4/6 10666/4/6
f 10666/4/6 10665/4/6 10667/4/6
f 10668/4/6 10669/4/6 10672/4/6
f 10672/4/6 10669/4/6 10673/4/6
f 10670/4/6 10671/4/6 10674/4/6
f 10674/4/6 10671/4/6 10675/4/6
f 10676/4/6 10677/4/6 10678/4/6
f 10678/4/6 10677/4/6 10679/4/6
f 10680/4/6 10681/4/6 10682/4/6
f 10682/4/6 10681/4/6 10683/4/6
f 10684/4/6 10685/4/6 10686/4/6
f 10686/4/6 10685/4/6 10687/4/6
f 10688/4/6 10689/4/6 10692/4/6
f 10692/4/6 10689/4/6 10693/4/6
f 10690/4/6 10691/4/6 10695/4/6
f 10695/4/6 10691/4/6 10696/4/6
f 10693/4/6 10694/4/6 10697/4/6
f 10692/4/6 10693/4/6 10697/4/6
f 10690/4/6 10695/4/6 10698/4/6
f 10698/4/6 10695/4/6 10699/4/6
f 10696/4/6 10697/4/6 10700/4/6
f 10690/4/6 10698/4/6 10701/4/6
f 10701/4/6 10698/4/6 10702/4/6
f 10699/4/6 10700/4/6 10703/4/6
f 10690/4/6 10701/4/6 10704/4/6
f 10704/4/6 10701/4/6 10705/4/6
f 10702/4/6 10703/4/6 10706/4/6
f 10690/4/6 10704/4/6 10707/4/6
f 10707/4/6 10704/4/6 10708/4/6
f 10705/4/6 10706/4/6 10709/4/6
f 10690/4/6 10707/4/6 10710/4/6
f 10710/4/6 10707/4/6 10711/4/6
f 10708/4/6 10709/4/6 10712/4/6
f 10713/4/6 10714/4/6 10715/4/6
f 10715/4/6 10714/4/6 10716/4/6
f 10711/4/6 10712/4/6 10717/4/6
f 10706/4/6 10703/4/6 10718/4/6
f 10709/4/6 10706/4/6 10718/4/6
f 10717/4/6 10712/4/6 10718/4/6
f 10712/4/6 10709/4/6 10718/4/6
f 10703/4/6 10700/4/6 10719/4/6
f 10718/4/6 10703/4/6 10719/4/6
f 10717/4/6 10718/4/6 10720/4/6
f 10716/4/6 10717/4/6 10720/4/6
f 10720/4/6 10718/4/6 10721/4/6
f 10719/4/6 10700/4/6 10722/4/6
f 10716/4/6 10720/4/6 10723/4/6
f 10723/4/6 10720/4/6 10724/4/6
f 10721/4/6 10722/4/6 10725/4/6
f 10716/4/6 10723/4/6 10726/4/6
f 10726/4/6 10723/4/6 10727/4/6
f 10724/4/6 10725/4/6 10728/4/6
f 10697/4/6 10694/4/6 10729/4/6
f 10700/4/6 10697/4/6 10729/4/6
f 10728/4/6 10725/4/6 10729/4/6
f 10722/4/6 10700/4/6 10729/4/6
f 10725/4/6 10722/4/6 10729/4/6
f 10727/4/6 10728/4/6 10730/4/6
f 10730/4/6 10728/4/6 10731/4/6
f 10732/4/6 10733/4/6 10735/4/6
f 10735/4/6 10733/4/6 10736/4/6
f 10734/4/6 10735/4/6 10738/4/6
f 10738/4/6 10735/4/6 10739/4/6
f 10737/4/6 10738/4/6 10741/4/6
f 10741/4/6 10738/4/6 10742/4/6
f 10740/4/6 10741/4/6 10744/4/6
f 10744/4/6 10741/4/6 10745/4/6
f 10743/4/6 10744/4/6 10747/4/6
f 10747/4/6 10744/4/6 10748/4/6
f 10746/4/6 10747/4/6 10750/4/6
f 10750/4/6 10747/4/6 10751/4/6
f 10749/4/6 10750/4/6 10752/4/6
f 10752/4/6 10750/4/6 10753/4/6
f 10754/4/6 10755/4/6 10757/4/6
f 10757/4/6 10755/4/6 10758/4/6
f 10756/4/6 10757/4/6 10760/4/6
f 10760/4/6 10757/4/6 10761/4/6
f 10759/4/6 10760/4/6 10762/4/6
f 10762/4/6 10760/4/6 10763/4/6
